Date,Price,Solar_BE,Load_BE,Load_FR,Gen_FR,temperature_2m,relative_humidity_2m,Wind_Total_BE,naive_prediction
2023-01-01 00:00:00,-4.39,0.0,8176.25,46050.0,42280.0,14.2515,51.813477,4310.0,120.28
2023-01-01 01:00:00,-1.75,0.0,7643.0,44100.0,41713.0,14.7015,50.771782,4300.0,112.11
2023-01-01 02:00:00,-1.46,0.0,7315.75,43750.0,42060.0,14.4015,54.16261,4274.0,106.65
2023-01-01 03:00:00,-5.27,0.0,7068.5,40400.0,40809.0,14.6015,55.353855,4216.0,90.84
2023-01-01 04:00:00,-4.41,0.0,6941.0,37900.0,40216.0,13.8515,64.64365,4102.0,85.7
2023-01-01 05:00:00,-5.4,0.0,6911.5,36800.0,39392.0,13.6515,67.76115,4001.0,85.65
2023-01-01 06:00:00,-4.69,0.0,6980.75,36300.0,38298.0,13.6515,69.3928,3928.0,85.64
2023-01-01 07:00:00,-1.31,0.0,6929.0,36250.0,38182.0,13.5515,69.37282,3921.0,92.7
2023-01-01 08:00:00,-1.57,1.0,7006.5,36350.0,37854.0,13.2015,72.925,3941.0,110.1
2023-01-01 09:00:00,-1.03,69.0,7156.5,37050.0,38387.0,12.7515,76.12489,3965.0,113.28
2023-01-01 10:00:00,-0.23,237.0,7342.0,39000.0,39842.0,12.8515,76.39887,3978.0,124.31
2023-01-01 11:00:00,-0.74,342.0,7579.25,40950.0,41018.0,13.0515,76.94816,3916.0,121.77
2023-01-01 12:00:00,-0.57,325.0,7761.75,42650.0,41283.0,13.1015,78.261536,3823.0,102.01
2023-01-01 13:00:00,-0.12,248.0,7732.75,41950.0,40665.0,13.2515,79.07605,3677.0,95.6
2023-01-01 14:00:00,0.85,130.0,7641.5,41350.0,40508.0,13.1015,79.58647,3477.0,93.88
2023-01-01 15:00:00,23.5,60.0,7685.25,41100.0,42954.0,12.7515,79.00292,3266.0,110.08
2023-01-01 16:00:00,36.54,10.0,7792.5,40300.0,46137.0,12.1515,82.175606,3030.0,115.47
2023-01-01 17:00:00,46.03,0.0,8238.75,41800.0,48655.0,11.6015,86.07394,2843.0,141.8
2023-01-01 18:00:00,36.64,0.0,8416.5,45400.0,50247.0,11.1515,89.27387,2629.0,141.1
2023-01-01 19:00:00,54.95,0.0,8271.25,46900.0,50985.0,11.0515,89.566444,2474.0,127.64
2023-01-01 20:00:00,45.83,0.0,8042.75,46250.0,50663.0,11.5015,88.7052,2359.0,126.89
2023-01-01 21:00:00,36.57,0.0,7857.5,44450.0,50034.0,11.9515,86.39867,2289.0,113.62
2023-01-01 22:00:00,45.96,0.0,8069.5,43250.0,50048.0,13.0515,82.01489,2170.0,104.46
2023-01-01 23:00:00,35.0,0.0,8122.5,45400.0,50223.0,13.2515,82.5898,2064.0,100.0
2023-01-02 00:00:00,69.92,0.0,7662.0,43700.0,49470.0,13.5015,81.79921,2487.0,50.3
2023-01-02 01:00:00,59.14,0.0,7625.5,41500.0,46389.0,12.9515,80.101006,2698.0,36.98
2023-01-02 02:00:00,52.93,0.0,7301.0,41150.0,46070.0,13.3515,79.09063,2711.0,30.98
2023-01-02 03:00:00,42.59,0.0,7194.5,39050.0,45911.0,12.5515,87.32721,2694.0,21.3
2023-01-02 04:00:00,50.08,0.0,7301.25,38200.0,46138.0,12.6015,88.20829,2502.0,17.9
2023-01-02 05:00:00,69.72,0.0,7643.25,39050.0,48812.0,12.2515,87.88409,2338.0,16.33
2023-01-02 06:00:00,105.08,0.0,8383.75,42050.0,52863.0,11.8515,90.5305,2144.0,18.11
2023-01-02 07:00:00,140.64,0.0,9085.25,45950.0,55385.0,11.1515,91.08948,1937.0,23.29
2023-01-02 08:00:00,151.89,1.0,9706.5,49800.0,57217.0,10.1515,93.82692,1648.0,38.68
2023-01-02 09:00:00,158.84,28.0,9681.0,51500.0,57838.0,9.6015,93.80082,1455.0,53.57
2023-01-02 10:00:00,145.61,91.0,9654.25,53350.0,58885.0,9.4015,93.79128,1373.0,59.3
2023-01-02 11:00:00,143.35,157.0,9764.0,54850.0,59708.0,9.7515,91.30369,1416.0,59.0
2023-01-02 12:00:00,144.38,219.0,9746.5,55750.0,60516.0,9.9015,91.62299,1552.0,54.9
2023-01-02 13:00:00,143.76,276.0,9751.5,54550.0,60235.0,9.9015,92.55686,1670.0,55.19
2023-01-02 14:00:00,148.2,286.0,9650.25,54100.0,60229.0,10.0015,87.68079,1692.0,64.32
2023-01-02 15:00:00,155.34,150.0,9623.75,53200.0,59574.0,9.5015,83.82449,1701.0,67.22
2023-01-02 16:00:00,163.3,22.0,9745.75,52800.0,59261.0,8.7015,87.56105,1716.0,89.13
2023-01-02 17:00:00,175.81,0.0,10382.25,54750.0,60209.0,8.4515,89.36088,1662.0,139.94
2023-01-02 18:00:00,174.74,0.0,10380.5,59000.0,60974.0,7.7515,90.54464,1582.0,179.17
2023-01-02 19:00:00,166.45,0.0,9912.75,59900.0,60274.0,7.3015,91.14001,1548.0,215.0
2023-01-02 20:00:00,153.0,0.0,9467.75,57150.0,57918.0,6.9515,92.06761,1522.0,196.59
2023-01-02 21:00:00,141.67,0.0,8906.25,53700.0,56768.0,6.6015,93.00883,1489.0,127.14
2023-01-02 22:00:00,134.91,0.0,8799.0,52000.0,56058.0,6.2015,93.961555,1482.0,124.02
2023-01-02 23:00:00,124.22,0.0,8651.75,53800.0,54426.0,5.8015,94.92913,1486.0,92.49
2023-01-03 00:00:00,130.01,0.0,8634.0,51500.0,52549.0,5.2015,95.90538,1024.0,62.68
2023-01-03 01:00:00,120.0,0.0,8136.5,49500.0,52092.0,5.0515,96.23638,927.0,56.66
2023-01-03 02:00:00,118.76,0.0,7867.5,49750.0,51582.0,4.5515,96.89891,967.0,48.48
2023-01-03 03:00:00,115.0,0.0,7687.0,47450.0,50875.0,4.3515,97.23481,1196.0,37.85
2023-01-03 04:00:00,113.63,0.0,7758.5,46650.0,51207.0,4.5015,96.21994,1568.0,45.27
2023-01-03 05:00:00,116.27,0.0,8029.25,47750.0,53205.0,4.8015,94.88914,2043.0,64.59
2023-01-03 06:00:00,138.92,0.0,8653.0,52350.0,57129.0,5.2015,94.573845,2462.0,90.61
2023-01-03 07:00:00,159.92,0.0,9266.0,59250.0,60998.0,5.6015,95.91828,2798.0,136.89
2023-01-03 08:00:00,169.17,2.0,9963.0,62800.0,63203.0,6.0515,94.939064,3060.0,187.36
2023-01-03 09:00:00,171.18,132.0,10267.75,62700.0,64105.0,6.5515,93.97799,3245.0,173.06
2023-01-03 10:00:00,168.57,439.0,10375.25,62350.0,64270.0,7.0015,92.70952,3393.0,155.0
2023-01-03 11:00:00,169.49,773.0,10487.5,62350.0,64536.0,7.6514997,89.91506,3530.0,147.77
2023-01-03 12:00:00,164.5,1017.0,10428.75,61800.0,64152.0,8.3015,86.92289,3646.0,145.22
2023-01-03 13:00:00,160.91,1046.0,10323.5,58400.0,63999.0,8.1015005,86.00757,3722.0,126.97
2023-01-03 14:00:00,163.06,831.0,10208.5,58100.0,64043.0,8.6015,82.56864,3807.0,139.08
2023-01-03 15:00:00,166.64,428.0,10210.25,56900.0,63412.0,8.8515,82.31552,3862.0,143.32
2023-01-03 16:00:00,166.64,54.0,10238.25,56150.0,63018.0,8.3015,86.02828,3904.0,147.57
2023-01-03 17:00:00,170.95,0.0,10663.5,58150.0,63174.0,7.7015,87.77089,3986.0,158.69
2023-01-03 18:00:00,168.97,0.0,10711.0,62450.0,64167.0,7.7015,87.77089,4091.0,164.69
2023-01-03 19:00:00,160.99,0.0,10315.0,63550.0,63086.0,8.0515,86.5989,4209.0,158.49
2023-01-03 20:00:00,149.62,0.0,9814.75,60250.0,60561.0,8.1515,86.012764,4292.0,147.56
2023-01-03 21:00:00,131.04,0.0,9389.25,56350.0,59197.0,8.6015,83.42937,4367.0,128.8
2023-01-03 22:00:00,114.69,0.0,9347.0,54250.0,57531.0,8.8015,82.5939,4442.0,107.84
2023-01-03 23:00:00,93.76,0.0,9227.0,56500.0,55568.0,9.1515,81.78813,4485.0,93.19
2023-01-04 00:00:00,80.17,0.0,8845.25,53250.0,53377.0,9.0015,88.49273,4486.0,40.28
2023-01-04 01:00:00,69.32,0.0,8045.5,51250.0,52512.0,9.1515,90.02884,4477.0,33.13
2023-01-04 02:00:00,39.58,0.0,7782.75,51350.0,51956.0,9.5515,88.53998,4434.0,10.39
2023-01-04 03:00:00,2.62,0.0,7608.0,49150.0,50113.0,9.9515,88.57414,4384.0,-0.88
2023-01-04 04:00:00,0.85,0.0,7672.5,48100.0,49716.0,10.4015,88.31316,4345.0,-0.08
2023-01-04 05:00:00,11.02,0.0,7962.5,49350.0,49072.0,10.7015,88.63783,4342.0,1.24
2023-01-04 06:00:00,61.03,0.0,8611.0,53500.0,51309.0,11.0515,87.776276,4349.0,18.74
2023-01-04 07:00:00,94.6,0.0,9183.5,59200.0,56849.0,11.1015,88.37379,4341.0,45.8
2023-01-04 08:00:00,134.16,0.0,9868.0,62550.0,59788.0,11.5015,86.06375,4337.0,75.76
2023-01-04 09:00:00,129.64,18.0,10172.75,62600.0,60152.0,11.6515,86.65936,4333.0,83.22
2023-01-04 10:00:00,120.7,55.0,10279.5,62500.0,60723.0,12.0515,84.97234,4320.0,85.68
2023-01-04 11:00:00,100.24,100.0,10387.5,62300.0,60772.0,12.1015,85.54957,4307.0,74.06
2023-01-04 12:00:00,105.03,140.0,10330.5,62200.0,60814.0,12.2015,86.71301,4296.0,58.5
2023-01-04 13:00:00,106.0,154.0,10224.75,60000.0,60244.0,11.5015,92.64682,4293.0,63.13
2023-01-04 14:00:00,105.07,133.0,10108.5,58950.0,59401.0,12.0015,90.54112,4272.0,72.78
2023-01-04 15:00:00,103.9,71.0,10114.5,57750.0,59449.0,12.1015,91.7611,4237.0,45.82
2023-01-04 16:00:00,107.98,13.0,10143.25,57200.0,59153.0,12.2015,89.95454,4221.0,58.57
2023-01-04 17:00:00,122.35,0.0,10578.5,58950.0,59758.0,11.6015,84.35292,4224.0,100.0
2023-01-04 18:00:00,139.93,0.0,10623.25,63050.0,62343.0,11.4515,88.10772,4209.0,97.68
2023-01-04 19:00:00,129.49,0.0,10196.0,64450.0,62284.0,11.1515,88.3781,4234.0,79.48
2023-01-04 20:00:00,105.89,0.0,9637.0,60650.0,60149.0,11.5515,84.917694,4316.0,68.45
2023-01-04 21:00:00,90.61,0.0,9224.25,56450.0,56599.0,11.2515,84.88478,4367.0,53.25
2023-01-04 22:00:00,87.92,0.0,9242.25,54100.0,55664.0,11.5515,86.358765,4375.0,38.63
2023-01-04 23:00:00,78.19,0.0,9144.75,55700.0,55688.0,10.9515,88.95796,4332.0,21.48
2023-01-05 00:00:00,34.78,0.0,8696.5,52650.0,52552.0,10.9015,88.35652,4179.0,-0.44
2023-01-05 01:00:00,31.42,0.0,8083.0,50450.0,50829.0,10.1015,91.6357,4134.0,-0.52
2023-01-05 02:00:00,33.1,0.0,7826.75,50100.0,49429.0,10.1015,90.40525,4076.0,-0.98
2023-01-05 03:00:00,14.56,0.0,7661.5,47750.0,48113.0,9.9515,88.87526,4000.0,-2.06
2023-01-05 04:00:00,22.19,0.0,7706.0,46400.0,47501.0,9.5015,90.36175,3914.0,-1.69
2023-01-05 05:00:00,41.2,0.0,7954.25,47750.0,50274.0,9.6515,90.06635,3791.0,-0.59
2023-01-05 06:00:00,78.53,0.0,8619.0,52050.0,54106.0,9.9015,88.56989,3593.0,-0.03
2023-01-05 07:00:00,127.98,0.0,9190.25,57550.0,57232.0,10.1015,87.68993,3313.0,0.79
2023-01-05 08:00:00,141.02,2.0,9929.0,60800.0,58589.0,10.1015,87.68993,3000.0,21.97
2023-01-05 09:00:00,147.18,117.0,10279.5,61350.0,59616.0,10.0015,87.38338,2660.0,36.0
2023-01-05 10:00:00,149.81,369.0,10342.25,61300.0,60539.0,9.9515,88.27394,2337.0,36.29
2023-01-05 11:00:00,147.46,547.0,10460.75,61000.0,60886.0,10.4015,86.53623,2084.0,34.55
2023-01-05 12:00:00,143.17,580.0,10392.75,60800.0,61629.0,11.0515,83.43826,1895.0,57.52
2023-01-05 13:00:00,143.79,468.0,10257.0,58300.0,62445.0,10.8515,82.568726,1789.0,33.2
2023-01-05 14:00:00,151.03,308.0,10124.75,57500.0,63266.0,10.8515,85.99726,1658.0,51.38
2023-01-05 15:00:00,159.48,156.0,10267.75,56400.0,63105.0,10.7515,90.75687,1672.0,57.72
2023-01-05 16:00:00,172.73,26.0,10388.25,54800.0,63037.0,11.0015,93.55354,2037.0,60.7
2023-01-05 17:00:00,182.34,0.0,10818.5,56350.0,64197.0,11.3015,92.94562,2470.0,68.24
2023-01-05 18:00:00,194.67,0.0,10819.0,60400.0,65692.0,11.0015,95.1298,2824.0,79.22
2023-01-05 19:00:00,177.98,0.0,10378.25,62350.0,65145.0,10.5515,92.28285,3002.0,75.81
2023-01-05 20:00:00,163.99,0.0,9792.5,59000.0,63413.0,9.9515,92.55969,3091.0,59.84
2023-01-05 21:00:00,152.0,0.0,9352.25,55400.0,61923.0,9.9015,93.18409,3135.0,55.07
2023-01-05 22:00:00,144.64,0.0,9429.25,53550.0,59682.0,10.1515,91.948654,3163.0,48.02
2023-01-05 23:00:00,127.0,0.0,9384.25,55200.0,58743.0,10.3015,91.032196,3189.0,27.31
2023-01-06 00:00:00,107.21,0.0,9031.25,52600.0,54170.0,10.2015,91.64203,3773.0,27.33
2023-01-06 01:00:00,101.1,0.0,8930.25,50250.0,52759.0,10.1515,89.19347,3865.0,5.09
2023-01-06 02:00:00,96.73,0.0,8655.25,50200.0,50917.0,10.4015,84.50307,3984.0,3.09
2023-01-06 03:00:00,81.37,0.0,8483.25,47550.0,50490.0,9.9015,86.48651,4122.0,0.65
2023-01-06 04:00:00,75.64,0.0,8525.0,46050.0,51007.0,9.9515,89.784004,4248.0,0.57
2023-01-06 05:00:00,80.06,0.0,8749.0,47700.0,50935.0,9.9515,88.27394,4361.0,4.88
2023-01-06 06:00:00,97.25,0.0,9313.5,52250.0,52552.0,9.8015,87.06772,4455.0,10.89
2023-01-06 07:00:00,107.11,0.0,9814.25,58350.0,56106.0,9.7515,86.766785,4423.0,23.88
2023-01-06 08:00:00,122.94,1.0,10442.0,61650.0,58434.0,10.3515,84.785355,4125.0,22.81
2023-01-06 09:00:00,152.77,53.0,10302.0,61350.0,59715.0,10.5515,85.38523,3581.0,29.66
2023-01-06 10:00:00,158.39,167.0,10179.5,60950.0,60329.0,10.6515,86.56098,3095.0,27.12
2023-01-06 11:00:00,144.18,318.0,10331.75,60350.0,60770.0,10.9015,87.17244,2756.0,25.78
2023-01-06 12:00:00,126.89,448.0,10381.75,60050.0,60489.0,11.3015,87.5041,2461.0,18.99
2023-01-06 13:00:00,120.05,508.0,10229.75,57700.0,60054.0,10.7515,89.543015,2193.0,21.06
2023-01-06 14:00:00,134.84,435.0,10111.75,57350.0,59745.0,10.5015,91.3529,2003.0,26.83
2023-01-06 15:00:00,144.04,239.0,10015.0,56650.0,60764.0,10.8015,90.76034,1875.0,29.15
2023-01-06 16:00:00,140.12,46.0,10133.75,54850.0,60982.0,11.0015,89.261856,1865.0,23.09
2023-01-06 17:00:00,155.93,0.0,10570.0,55950.0,62636.0,10.7515,90.14814,2098.0,31.91
2023-01-06 18:00:00,163.5,0.0,10566.25,59700.0,63875.0,11.0015,88.96207,2548.0,25.51
2023-01-06 19:00:00,146.74,0.0,10029.25,61550.0,63709.0,11.1515,88.3781,2986.0,21.13
2023-01-06 20:00:00,139.39,0.0,9480.25,58700.0,62563.0,11.3015,87.79885,3337.0,17.39
2023-01-06 21:00:00,131.89,0.0,9077.75,55400.0,59591.0,11.2015,87.20078,3599.0,2.15
2023-01-06 22:00:00,129.94,0.0,9151.5,53600.0,58852.0,10.8515,87.75819,3789.0,1.1
2023-01-06 23:00:00,121.34,0.0,9179.5,55300.0,57125.0,10.8015,88.646286,3905.0,2.31
2023-01-07 00:00:00,97.3,0.0,9415.0,52550.0,54241.0,10.6015,88.33053,3681.0,1.52
2023-01-07 01:00:00,98.12,0.0,7504.75,49900.0,53438.0,9.8515,90.38716,3654.0,0.22
2023-01-07 02:00:00,94.88,0.0,7260.5,49500.0,52699.0,9.6015,90.67636,3638.0,0.08
2023-01-07 03:00:00,78.04,0.0,7108.5,46550.0,51200.0,9.5015,89.14072,3628.0,0.02
2023-01-07 04:00:00,75.43,0.0,7087.25,44750.0,50782.0,9.4515,87.63034,3619.0,0.01
2023-01-07 05:00:00,67.65,0.0,7150.0,44650.0,50755.0,9.3015,87.31766,3637.0,-0.02
2023-01-07 06:00:00,74.37,0.0,7493.75,46000.0,51756.0,9.1015,87.000435,3683.0,0.0
2023-01-07 07:00:00,91.14,0.0,7636.5,48450.0,54082.0,8.7015,88.46684,3738.0,0.0
2023-01-07 08:00:00,109.89,3.0,8048.25,50900.0,55430.0,8.4515,88.445206,3798.0,0.76
2023-01-07 09:00:00,112.74,222.0,8602.5,52950.0,58466.0,8.1515,89.02999,3854.0,0.91
2023-01-07 10:00:00,99.63,638.0,9018.5,54500.0,59502.0,8.8015,84.90371,3918.0,0.4
2023-01-07 11:00:00,87.15,930.0,9271.0,54850.0,60028.0,9.5515,83.25752,3944.0,0.96
2023-01-07 12:00:00,87.17,1041.0,9264.5,55250.0,59280.0,9.7015,83.84802,4022.0,1.45
2023-01-07 13:00:00,71.93,966.0,9099.5,53550.0,58155.0,10.6515,74.74181,4152.0,1.07
2023-01-07 14:00:00,89.84,716.0,9003.25,51700.0,57527.0,10.9015,74.01748,4182.0,3.98
2023-01-07 15:00:00,83.27,396.0,9091.25,50650.0,57243.0,10.8515,71.74698,4249.0,16.7
2023-01-07 16:00:00,87.76,76.0,9234.5,49950.0,57734.0,10.7015,69.275475,4323.0,14.88
2023-01-07 17:00:00,98.24,0.0,9752.25,52100.0,58509.0,10.7015,70.00054,4291.0,26.91
2023-01-07 18:00:00,101.46,0.0,9773.25,56150.0,59073.0,10.0015,81.061584,4224.0,27.93
2023-01-07 19:00:00,96.54,0.0,9369.5,57550.0,58283.0,10.2015,82.48701,4179.0,22.09
2023-01-07 20:00:00,89.32,0.0,8909.0,55600.0,55400.0,10.0015,83.597206,4086.0,10.55
2023-01-07 21:00:00,62.98,0.0,8456.75,52800.0,52388.0,10.1015,83.60909,4037.0,5.22
2023-01-07 22:00:00,51.25,0.0,8473.5,51700.0,51250.0,10.2015,83.05227,4036.0,2.39
2023-01-07 23:00:00,38.8,0.0,8477.5,53850.0,50823.0,10.2515,83.342224,4032.0,0.13
2023-01-08 00:00:00,11.4,0.0,8287.75,50950.0,46294.0,9.9015,84.44649,3992.0,-4.39
2023-01-08 01:00:00,8.79,0.0,8156.25,47950.0,45977.0,9.7015,84.13546,3872.0,-1.75
2023-01-08 02:00:00,8.85,0.0,7852.25,47350.0,44775.0,9.6015,86.456535,3780.0,-1.46
2023-01-08 03:00:00,3.14,0.0,7576.75,44550.0,42246.0,9.2015,88.81264,3721.0,-5.27
2023-01-08 04:00:00,-1.45,0.0,7542.25,42900.0,41453.0,9.4515,88.5314,3714.0,-4.41
2023-01-08 05:00:00,4.09,0.0,7604.0,42200.0,41841.0,8.9515,93.76975,3723.0,-5.4
2023-01-08 06:00:00,8.11,0.0,7792.5,42900.0,42783.0,8.9515,90.940094,3757.0,-4.69
2023-01-08 07:00:00,13.58,0.0,7989.25,43900.0,44700.0,8.2515,92.14634,3816.0,-1.31
2023-01-08 08:00:00,50.0,4.0,8354.5,45300.0,47228.0,8.0015,92.44789,3866.0,-1.57
2023-01-08 09:00:00,82.57,274.0,8526.75,47350.0,51663.0,7.9515,92.12829,3843.0,-1.03
2023-01-08 10:00:00,93.78,802.0,8646.5,50000.0,53709.0,8.3515,89.66017,3806.0,-0.23
2023-01-08 11:00:00,103.87,1183.0,8788.0,51850.0,55174.0,8.8015,87.27042,3844.0,-0.74
2023-01-08 12:00:00,101.69,1344.0,8880.75,53000.0,56048.0,9.1015,82.63168,3877.0,-0.57
2023-01-08 13:00:00,99.0,1308.0,8819.75,51800.0,55446.0,9.6015,78.26309,3834.0,-0.12
2023-01-08 14:00:00,104.29,1099.0,8650.0,50250.0,54907.0,10.0515,70.60516,3746.0,0.85
2023-01-08 15:00:00,100.0,643.0,8549.5,49550.0,56570.0,9.8515,75.38212,3708.0,23.5
2023-01-08 16:00:00,100.89,132.0,8603.25,48000.0,56689.0,9.0015,78.17103,3774.0,36.54
2023-01-08 17:00:00,116.0,0.0,9216.5,49950.0,57843.0,8.4015,79.17416,3859.0,46.03
2023-01-08 18:00:00,122.55,0.0,9422.0,53500.0,60390.0,8.3015,80.269325,3896.0,36.64
2023-01-08 19:00:00,109.32,0.0,9157.5,55750.0,61143.0,8.3015,80.269325,3911.0,54.95
2023-01-08 20:00:00,104.23,0.0,8744.5,54400.0,59808.0,8.1015005,82.2192,3921.0,45.83
2023-01-08 21:00:00,98.6,0.0,8283.5,52200.0,58575.0,8.1515,84.53832,3891.0,36.57
2023-01-08 22:00:00,99.34,0.0,8194.0,50850.0,58728.0,8.1515,89.02999,3784.0,45.96
2023-01-08 23:00:00,81.29,0.0,8104.5,52500.0,56967.0,8.1015005,88.719864,3772.0,35.0
2023-01-09 00:00:00,75.13,0.0,8133.75,50550.0,54445.0,7.5015,89.284294,3457.0,69.92
2023-01-09 01:00:00,64.38,0.0,7954.0,48800.0,54109.0,7.0015,89.86515,3523.0,59.14
2023-01-09 02:00:00,60.28,0.0,7622.75,48550.0,53236.0,6.2515,90.121,3674.0,52.93
2023-01-09 03:00:00,39.41,0.0,7439.75,46100.0,51270.0,5.8515,88.83743,3829.0,42.59
2023-01-09 04:00:00,30.0,0.0,7533.0,44900.0,50990.0,5.4515,86.64114,3824.0,50.08
2023-01-09 05:00:00,43.99,0.0,7899.25,46800.0,52908.0,6.4515,84.04787,3824.0,69.72
2023-01-09 06:00:00,86.34,0.0,8777.75,52050.0,60163.0,6.9014997,82.351845,3934.0,105.08
2023-01-09 07:00:00,160.0,0.0,9590.25,59150.0,64655.0,7.0015,81.50295,4009.0,140.64
2023-01-09 08:00:00,180.0,2.0,10503.75,62600.0,67555.0,6.9014997,82.93118,3981.0,151.89
2023-01-09 09:00:00,177.19,116.0,10703.25,62400.0,68722.0,6.8515,83.800995,3831.0,158.84
2023-01-09 10:00:00,159.22,362.0,10660.25,62650.0,69435.0,6.7015,84.37228,3737.0,145.61
2023-01-09 11:00:00,160.78,599.0,10705.0,62550.0,69396.0,7.4515,82.4224,3644.0,143.35
2023-01-09 12:00:00,139.57,809.0,10604.0,62350.0,69032.0,7.6514997,79.61821,3579.0,144.38
2023-01-09 13:00:00,135.0,800.0,10603.0,60300.0,68706.0,7.1514997,81.80913,3542.0,143.76
2023-01-09 14:00:00,137.1,604.0,10561.0,60250.0,68275.0,7.6514997,80.45798,3507.0,148.2
2023-01-09 15:00:00,149.16,334.0,10636.0,59650.0,68125.0,7.3515,83.27739,3512.0,155.34
2023-01-09 16:00:00,161.26,63.0,10687.5,59150.0,67667.0,7.1015,82.95612,3532.0,163.3
2023-01-09 17:00:00,174.11,0.0,11069.75,60650.0,69751.0,6.6015,83.47776,3569.0,175.81
2023-01-09 18:00:00,182.18,0.0,11074.0,63300.0,70675.0,5.4515,86.94716,3608.0,174.74
2023-01-09 19:00:00,171.0,0.0,10578.0,64550.0,70050.0,5.7015,86.36167,3620.0,166.45
2023-01-09 20:00:00,160.86,0.0,9980.75,61550.0,67905.0,5.9014997,85.7767,3564.0,153.0
2023-01-09 21:00:00,139.01,0.0,9512.5,58200.0,62686.0,5.9515,81.93886,3565.0,141.67
2023-01-09 22:00:00,132.0,0.0,9530.5,55900.0,60432.0,5.3515,82.15075,3604.0,134.91
2023-01-09 23:00:00,108.31,0.0,9468.25,58050.0,58507.0,4.5515,84.72284,3660.0,124.22
2023-01-10 00:00:00,106.0,0.0,8960.25,55800.0,57178.0,4.2015,85.28964,3602.0,130.01
2023-01-10 01:00:00,96.74,0.0,8132.0,53550.0,56058.0,3.9515,85.56739,3653.0,120.0
2023-01-10 02:00:00,95.22,0.0,7873.75,53550.0,55254.0,3.9015,85.86839,3585.0,118.76
2023-01-10 03:00:00,90.28,0.0,7733.25,51250.0,54775.0,3.6015,87.38644,3464.0,115.0
2023-01-10 04:00:00,95.6,0.0,7789.25,50000.0,54556.0,3.3014998,88.61813,3180.0,113.63
2023-01-10 05:00:00,108.6,0.0,8173.75,51450.0,57476.0,3.2015,89.886925,2817.0,116.27
2023-01-10 06:00:00,138.35,0.0,9114.0,55450.0,61468.0,3.1015,91.50014,2506.0,138.92
2023-01-10 07:00:00,156.0,0.0,9969.75,61800.0,66669.0,3.1015,92.48513,2370.0,159.92
2023-01-10 08:00:00,187.78,3.0,10538.75,65550.0,68122.0,2.9515,91.16357,2330.0,169.17
2023-01-10 09:00:00,184.82,111.0,10701.75,65300.0,68544.0,2.8515,91.48357,2487.0,171.18
2023-01-10 10:00:00,158.93,316.0,10698.5,65200.0,68804.0,4.0015,88.04986,2953.0,168.57
2023-01-10 11:00:00,147.6,426.0,10786.75,64950.0,69258.0,5.1514997,86.61097,3289.0,169.49
2023-01-10 12:00:00,141.96,419.0,10576.25,64600.0,69064.0,5.7515,85.76074,3472.0,164.5
2023-01-10 13:00:00,142.44,276.0,10454.0,61850.0,67221.0,6.3015,83.44129,3745.0,160.91
2023-01-10 14:00:00,145.66,136.0,10417.0,61200.0,66540.0,6.1015,84.89807,4107.0,163.06
2023-01-10 15:00:00,146.48,67.0,10463.5,60300.0,65683.0,6.2515,88.871284,4358.0,166.64
2023-01-10 16:00:00,141.45,16.0,10637.5,59250.0,65197.0,6.5515,88.58719,4468.0,166.64
2023-01-10 17:00:00,147.9,0.0,11280.5,59850.0,65328.0,6.9014997,88.30971,4502.0,170.95
2023-01-10 18:00:00,144.74,0.0,11305.5,63400.0,65956.0,7.5515,89.28834,4497.0,168.97
2023-01-10 19:00:00,141.07,0.0,10826.5,64850.0,65953.0,8.3515,90.277565,4471.0,160.99
2023-01-10 20:00:00,124.84,0.0,10231.75,61200.0,61799.0,9.1515,89.72237,4451.0,149.62
2023-01-10 21:00:00,101.9,0.0,9629.75,57350.0,58476.0,9.7515,89.46439,4435.0,131.04
2023-01-10 22:00:00,83.36,0.0,9602.75,54700.0,57694.0,10.3015,90.41969,4435.0,114.69
2023-01-10 23:00:00,44.62,0.0,9423.5,56600.0,57236.0,10.9015,89.25385,4438.0,93.76
2023-01-11 00:00:00,5.64,0.0,9263.5,55650.0,55287.0,11.2015,89.27786,4337.0,80.17
2023-01-11 01:00:00,0.31,0.0,8616.0,53350.0,54149.0,10.8515,88.94973,4303.0,69.32
2023-01-11 02:00:00,0.27,0.0,8332.5,53200.0,53066.0,11.4015,86.92681,4317.0,39.58
2023-01-11 03:00:00,-0.08,0.0,8222.25,50700.0,52804.0,11.6015,88.4168,4318.0,2.62
2023-01-11 04:00:00,-1.04,0.0,8260.5,49200.0,52308.0,11.4515,90.80538,4254.0,0.85
2023-01-11 05:00:00,2.89,0.0,8653.5,50850.0,53022.0,11.2515,92.63287,4076.0,11.02
2023-01-11 06:00:00,60.01,0.0,9616.25,55050.0,56650.0,11.1015,93.87163,3836.0,61.03
2023-01-11 07:00:00,94.29,0.0,10498.75,60850.0,60060.0,10.7015,91.6736,3589.0,94.6
2023-01-11 08:00:00,141.99,4.0,10983.5,64250.0,63497.0,10.2515,91.64519,3426.0,134.16
2023-01-11 09:00:00,145.72,278.0,11180.0,64400.0,63722.0,9.5515,90.67283,3386.0,129.64
2023-01-11 10:00:00,133.22,806.0,11167.5,64200.0,64011.0,9.0515,88.80005,3386.0,120.7
2023-01-11 11:00:00,131.12,1389.0,11218.75,63800.0,64145.0,9.5015,86.44653,3398.0,100.24
2023-01-11 12:00:00,119.16,1717.0,11093.25,63550.0,63892.0,10.3015,79.99926,3579.0,105.03
2023-01-11 13:00:00,110.16,1707.0,10973.75,61300.0,64365.0,10.2015,79.166115,3765.0,106.0
2023-01-11 14:00:00,115.66,1433.0,10843.5,61250.0,64166.0,10.2515,76.7616,3821.0,105.07
2023-01-11 15:00:00,118.06,828.0,10871.75,60750.0,64269.0,10.1015,73.36527,3852.0,103.9
2023-01-11 16:00:00,120.81,197.0,11015.0,59600.0,64576.0,9.3015,76.34199,3953.0,107.98
2023-01-11 17:00:00,133.79,0.0,11472.75,60700.0,64700.0,8.6515,78.11709,4108.0,122.35
2023-01-11 18:00:00,133.87,0.0,11455.5,64500.0,66162.0,8.5015,78.36641,4230.0,139.93
2023-01-11 19:00:00,130.09,0.0,10996.75,65900.0,66276.0,8.6015,78.10937,4303.0,129.49
2023-01-11 20:00:00,117.35,0.0,10397.0,62350.0,63782.0,8.7015,77.58298,4328.0,105.89
2023-01-11 21:00:00,94.87,0.0,9865.75,58300.0,61727.0,8.7515,78.67753,4305.0,90.61
2023-01-11 22:00:00,92.5,0.0,9753.5,56000.0,60097.0,8.5015,86.34585,4277.0,87.92
2023-01-11 23:00:00,69.3,0.0,9623.5,57550.0,58625.0,8.5515,86.054115,4227.0,78.19
2023-01-12 00:00:00,28.92,0.0,9060.0,54750.0,55211.0,8.6515,86.65851,4391.0,34.78
2023-01-12 01:00:00,8.4,0.0,8566.0,52650.0,54472.0,8.6515,89.68355,4387.0,31.42
2023-01-12 02:00:00,6.74,0.0,8242.5,52700.0,53667.0,8.8015,90.31062,4377.0,33.1
2023-01-12 03:00:00,1.35,0.0,8116.0,50700.0,53307.0,8.8515,89.08761,4353.0,14.56
2023-01-12 04:00:00,3.72,0.0,8188.5,49400.0,53389.0,8.9015,87.57958,4348.0,22.19
2023-01-12 05:00:00,26.51,0.0,8626.25,50550.0,54427.0,8.8015,86.971436,4346.0,41.2
2023-01-12 06:00:00,87.33,0.0,9669.75,54450.0,57921.0,9.0515,86.40135,4231.0,78.53
2023-01-12 07:00:00,115.35,0.0,10455.75,60450.0,61601.0,9.3015,86.72264,4348.0,127.98
2023-01-12 08:00:00,119.43,1.0,11031.75,63450.0,65614.0,9.7015,87.65332,4403.0,141.02
2023-01-12 09:00:00,119.49,27.0,11201.25,63200.0,66215.0,10.1515,87.992516,4463.0,147.18
2023-01-12 10:00:00,102.84,76.0,11127.5,62800.0,65069.0,10.8515,85.99726,4506.0,149.81
2023-01-12 11:00:00,99.46,111.0,11159.25,62600.0,63925.0,11.0515,86.01777,4508.0,147.46
2023-01-12 12:00:00,90.47,135.0,11030.25,62250.0,63952.0,10.7515,88.94148,4511.0,143.17
2023-01-12 13:00:00,92.4,136.0,10955.0,59700.0,63722.0,9.9515,89.784004,4507.0,143.79
2023-01-12 14:00:00,100.0,110.0,10830.0,59450.0,63057.0,10.0015,89.48412,4528.0,151.03
2023-01-12 15:00:00,101.47,62.0,10997.0,58950.0,62095.0,10.1015,87.988045,4494.0,159.48
2023-01-12 16:00:00,101.91,17.0,11099.25,57800.0,61737.0,10.4515,85.95611,4446.0,172.73
2023-01-12 17:00:00,122.21,0.0,11585.5,58900.0,62371.0,10.2515,87.70363,4376.0,182.34
2023-01-12 18:00:00,137.37,0.0,11579.0,62650.0,63911.0,10.1015,88.88772,4356.0,194.67
2023-01-12 19:00:00,118.9,0.0,11165.5,64350.0,63918.0,10.0515,90.09621,4409.0,177.98
2023-01-12 20:00:00,114.96,0.0,10499.75,60850.0,60518.0,10.0515,90.70798,4456.0,163.99
2023-01-12 21:00:00,86.57,0.0,9945.25,56950.0,57976.0,10.1015,91.326706,4423.0,152.0
2023-01-12 22:00:00,74.51,0.0,9919.0,55100.0,56794.0,10.1015,91.326706,4323.0,144.64
2023-01-12 23:00:00,42.35,0.0,9724.75,56700.0,54496.0,9.9515,86.49148,4238.0,127.0
2023-01-13 00:00:00,33.81,0.0,9123.75,54250.0,52835.0,9.3515,85.25616,4248.0,107.21
2023-01-13 01:00:00,18.81,0.0,8639.25,52100.0,51169.0,9.0515,85.51671,4238.0,101.1
2023-01-13 02:00:00,11.92,0.0,8311.75,52250.0,50625.0,9.0515,84.349625,4275.0,96.73
2023-01-13 03:00:00,2.75,0.0,8199.75,50050.0,49219.0,8.3015,86.62378,4333.0,81.37
2023-01-13 04:00:00,3.44,0.0,8123.75,48900.0,49698.0,8.3515,88.13295,4392.0,75.64
2023-01-13 05:00:00,25.86,0.0,8354.0,50450.0,52601.0,8.3015,87.82571,4424.0,80.06
2023-01-13 06:00:00,55.87,0.0,9215.25,54650.0,59700.0,7.7015,88.685844,4451.0,97.25
2023-01-13 07:00:00,89.58,0.0,10066.0,60700.0,63826.0,7.1514997,88.02555,4480.0,107.11
2023-01-13 08:00:00,109.99,4.0,10633.5,63850.0,67179.0,6.9014997,82.93118,4518.0,122.94
2023-01-13 09:00:00,104.9,153.0,10880.25,63650.0,67573.0,6.7515,78.64976,4537.0,152.77
2023-01-13 10:00:00,96.91,415.0,10910.75,63000.0,67031.0,6.9515,78.68019,4540.0,158.39
2023-01-13 11:00:00,88.63,578.0,11074.5,62500.0,66187.0,7.8015,75.56013,4532.0,144.18
2023-01-13 12:00:00,78.88,726.0,10948.5,61650.0,64929.0,8.8015,73.384796,4515.0,126.89
2023-01-13 13:00:00,72.17,828.0,10779.75,58700.0,64256.0,8.7015,75.18565,4531.0,120.05
2023-01-13 14:00:00,75.11,680.0,10627.0,58200.0,63591.0,9.2015,74.23005,4535.0,134.84
2023-01-13 15:00:00,81.5,396.0,10583.0,57400.0,62578.0,8.7015,77.04447,4505.0,144.04
2023-01-13 16:00:00,87.58,104.0,10770.25,55700.0,62678.0,8.9015,70.87466,4426.0,140.12
2023-01-13 17:00:00,118.77,0.0,11268.25,56750.0,63271.0,8.3015,70.01125,4334.0,155.93
2023-01-13 18:00:00,133.8,0.0,11056.5,60700.0,64343.0,8.0015,70.4481,4255.0,163.5
2023-01-13 19:00:00,128.61,0.0,10532.25,62200.0,63705.0,7.7015,71.9011,4155.0,146.74
2023-01-13 20:00:00,119.07,0.0,10043.5,59650.0,61286.0,7.6514997,74.47741,4020.0,139.39
2023-01-13 21:00:00,116.51,0.0,9558.5,56750.0,59151.0,7.3515,76.55569,3839.0,131.89
2023-01-13 22:00:00,124.06,0.0,9550.0,56050.0,58261.0,6.9515,77.57811,3678.0,129.94
2023-01-13 23:00:00,93.28,0.0,9416.25,57500.0,57562.0,6.4515,80.288376,3615.0,121.34
2023-01-14 00:00:00,76.0,0.0,9364.75,54650.0,56347.0,6.0015,83.699265,3257.0,97.3
2023-01-14 01:00:00,74.48,0.0,8791.75,52200.0,52860.0,5.4515,89.11622,3151.0,98.12
2023-01-14 02:00:00,68.26,0.0,8553.0,51800.0,51336.0,5.5515,91.33969,3291.0,94.88
2023-01-14 03:00:00,48.95,0.0,8371.25,49000.0,50159.0,6.6015,87.36398,3515.0,78.04
2023-01-14 04:00:00,42.86,0.0,8312.0,47300.0,49952.0,6.9014997,84.10069,3679.0,75.43
2023-01-14 05:00:00,42.5,0.0,8366.75,46750.0,50563.0,6.2515,86.1153,3878.0,67.65
2023-01-14 06:00:00,46.1,0.0,8674.25,48600.0,51921.0,6.7515,83.20374,4151.0,74.37
2023-01-14 07:00:00,54.9,0.0,9057.25,50750.0,54290.0,7.4515,86.839775,4386.0,91.14
2023-01-14 08:00:00,60.65,1.0,9571.75,52700.0,58552.0,8.3015,91.20735,4525.0,109.89
2023-01-14 09:00:00,69.68,31.0,10039.75,54700.0,60291.0,9.0015,90.01754,4590.0,112.74
2023-01-14 10:00:00,68.0,86.0,10297.75,55750.0,61131.0,9.1515,90.02884,4625.0,99.63
2023-01-14 11:00:00,72.53,144.0,10340.0,56350.0,59992.0,9.4015,89.132576,4628.0,87.15
2023-01-14 12:00:00,68.27,186.0,10233.0,57200.0,58556.0,10.0515,86.20768,4618.0,87.17
2023-01-14 13:00:00,46.9,180.0,9975.75,55550.0,56786.0,10.2515,89.80699,4597.0,71.93
2023-01-14 14:00:00,50.91,124.0,9797.75,53550.0,54767.0,11.0015,87.181885,4593.0,89.84
2023-01-14 15:00:00,37.86,69.0,9875.25,52400.0,52307.0,11.0515,87.776276,4606.0,83.27
2023-01-14 16:00:00,42.97,21.0,10069.0,50500.0,51645.0,11.2515,89.88306,4578.0,87.76
2023-01-14 17:00:00,62.33,0.0,10675.5,51550.0,52882.0,11.4515,90.50208,4524.0,98.24
2023-01-14 18:00:00,68.56,0.0,10742.5,54700.0,55729.0,11.8015,90.52694,4453.0,101.46
2023-01-14 19:00:00,69.78,0.0,10299.25,56250.0,55382.0,11.7515,92.04558,4329.0,96.54
2023-01-14 20:00:00,62.1,0.0,9788.25,54200.0,52713.0,11.4015,87.21962,4187.0,89.32
2023-01-14 21:00:00,48.07,0.0,9365.25,51950.0,50235.0,10.5515,86.55107,4084.0,62.98
2023-01-14 22:00:00,46.27,0.0,9317.75,51000.0,49726.0,9.4515,87.63034,3959.0,51.25
2023-01-14 23:00:00,36.07,0.0,9168.75,53700.0,49506.0,8.6015,83.71803,3850.0,38.8
2023-01-15 00:00:00,28.7,0.0,8697.25,51950.0,46752.0,7.8015,81.04267,3925.0,11.4
2023-01-15 01:00:00,16.62,0.0,8189.0,49550.0,45617.0,7.2015,83.84262,3886.0,8.79
2023-01-15 02:00:00,14.98,0.0,7963.75,48950.0,44592.0,6.9515,83.22834,3907.0,8.85
2023-01-15 03:00:00,4.46,0.0,7758.25,46150.0,43985.0,6.6514997,83.483826,4029.0,3.14
2023-01-15 04:00:00,2.99,0.0,7761.25,44200.0,44086.0,6.4515,83.753235,4196.0,-1.45
2023-01-15 05:00:00,4.09,0.0,7912.5,44000.0,44248.0,6.2515,83.142006,4334.0,4.09
2023-01-15 06:00:00,2.75,0.0,8168.5,45150.0,45185.0,5.8015,82.500786,4392.0,8.11
2023-01-15 07:00:00,2.91,0.0,8344.75,46850.0,46005.0,5.5015,83.34342,4447.0,13.58
2023-01-15 08:00:00,12.38,8.0,8772.25,48450.0,48063.0,5.0515,83.88187,4506.0,50.0
2023-01-15 09:00:00,23.46,309.0,9205.5,50850.0,49803.0,4.6514997,81.766266,4551.0,82.57
2023-01-15 10:00:00,26.24,766.0,9505.0,53450.0,52937.0,5.2015,79.25662,4553.0,93.78
2023-01-15 11:00:00,38.46,934.0,9765.75,54800.0,54521.0,5.9014997,76.58777,4578.0,103.87
2023-01-15 12:00:00,38.86,802.0,9878.75,57050.0,54746.0,6.5015,72.9616,4594.0,101.69
2023-01-15 13:00:00,28.63,628.0,9608.75,54900.0,53836.0,6.1514997,80.815254,4589.0,99.0
2023-01-15 14:00:00,34.02,493.0,9359.0,53050.0,52537.0,6.5515,79.737976,4577.0,104.29
2023-01-15 15:00:00,36.99,298.0,9339.25,51800.0,51874.0,6.1514997,79.39792,4519.0,100.0
2023-01-15 16:00:00,22.91,79.0,9510.75,50600.0,51875.0,5.6015,84.54277,4361.0,100.89
2023-01-15 17:00:00,59.84,0.0,10184.0,52400.0,56088.0,5.1015,87.838776,4005.0,116.0
2023-01-15 18:00:00,87.63,0.0,10396.25,56650.0,58668.0,5.3515,84.81365,3583.0,122.55
2023-01-15 19:00:00,94.05,0.0,10202.25,59650.0,60199.0,5.4014997,79.85343,3255.0,109.32
2023-01-15 20:00:00,86.48,0.0,9827.5,58100.0,58965.0,5.3015,76.488235,3052.0,104.23
2023-01-15 21:00:00,77.7,0.0,9437.25,55900.0,57086.0,4.1515,84.375084,2860.0,98.6
2023-01-15 22:00:00,84.44,0.0,9350.75,55000.0,57009.0,5.2515,85.10309,2698.0,99.34
2023-01-15 23:00:00,75.61,0.0,9228.25,56600.0,57710.0,4.7515,86.264015,2630.0,81.29
2023-01-16 00:00:00,60.01,0.0,8856.0,55100.0,56746.0,4.1015,89.32023,2686.0,75.13
2023-01-16 01:00:00,60.01,0.0,8388.25,53000.0,56519.0,3.8014998,89.61411,2761.0,64.38
2023-01-16 02:00:00,62.72,0.0,8032.0,53150.0,56840.0,3.6515,89.92197,2748.0,60.28
2023-01-16 03:00:00,56.1,0.0,7893.0,50950.0,56592.0,3.5514998,91.85605,2718.0,39.41
2023-01-16 04:00:00,63.3,0.0,7896.5,49750.0,56988.0,4.4014997,88.7135,2836.0,30.0
2023-01-16 05:00:00,87.0,0.0,8371.5,51800.0,59409.0,5.1514997,85.696724,3072.0,43.99
2023-01-16 06:00:00,154.63,0.0,9427.25,56400.0,63710.0,5.1514997,88.15391,3381.0,86.34
2023-01-16 07:00:00,175.11,0.0,10320.5,62600.0,68365.0,4.7015,90.00305,3417.0,160.0
2023-01-16 08:00:00,185.99,2.0,10957.0,66150.0,69398.0,4.4014997,89.66187,3191.0,180.0
2023-01-16 09:00:00,170.0,59.0,11206.25,67050.0,68918.0,4.6514997,88.42143,2920.0,177.19
2023-01-16 10:00:00,176.53,173.0,11282.75,67200.0,69059.0,5.2515,87.234886,2631.0,159.22
2023-01-16 11:00:00,158.79,324.0,11457.25,67400.0,68869.0,5.6015,85.44287,2541.0,160.78
2023-01-16 12:00:00,148.05,317.0,11362.25,67400.0,68803.0,4.3515,94.53747,2709.0,139.57
2023-01-16 13:00:00,142.92,257.0,11238.5,65500.0,68428.0,5.6514997,91.34637,2971.0,135.0
2023-01-16 14:00:00,143.32,197.0,11088.75,65200.0,68091.0,5.6514997,84.8475,3255.0,137.1
2023-01-16 15:00:00,145.69,127.0,11063.25,64750.0,67661.0,5.4014997,89.74077,3659.0,149.16
2023-01-16 16:00:00,151.25,36.0,11168.75,63400.0,67238.0,5.3515,89.42189,3921.0,161.26
2023-01-16 17:00:00,166.79,0.0,11690.25,64950.0,67605.0,4.5515,94.21412,3981.0,174.11
2023-01-16 18:00:00,173.72,0.0,11788.5,69150.0,68184.0,4.4515,93.87838,3957.0,182.18
2023-01-16 19:00:00,181.43,0.0,11321.75,71050.0,67743.0,4.2015,90.60471,3764.0,171.0
2023-01-16 20:00:00,154.6,0.0,10722.0,67600.0,64387.0,4.1015,89.32023,3393.0,160.86
2023-01-16 21:00:00,137.14,0.0,10141.5,63750.0,61336.0,3.8515,88.982346,2962.0,139.01
2023-01-16 22:00:00,153.07,0.0,10076.25,61900.0,60287.0,3.0015,87.9583,2522.0,132.0
2023-01-16 23:00:00,162.85,0.0,9910.0,63500.0,59318.0,2.7515,87.93525,2109.0,108.31
2023-01-17 00:00:00,121.37,0.0,9342.75,61000.0,57439.0,2.1015,88.83314,3196.0,106.0
2023-01-17 01:00:00,125.8,0.0,9041.0,58850.0,56613.0,1.4015,91.386475,2693.0,96.74
2023-01-17 02:00:00,131.38,0.0,8695.75,59250.0,57077.0,0.7015,92.341934,2204.0,95.22
2023-01-17 03:00:00,133.7,0.0,8563.0,57000.0,56227.0,0.3015,92.99375,1759.0,90.28
2023-01-17 04:00:00,134.31,0.0,8641.5,55700.0,56072.0,-0.1985,93.992165,1360.0,95.6
2023-01-17 05:00:00,135.07,0.0,9158.75,57650.0,57769.0,-0.84849995,94.65409,1029.0,108.6
2023-01-17 06:00:00,159.27,0.0,10213.5,62600.0,61953.0,-1.2485001,94.986275,790.0,138.35
2023-01-17 07:00:00,236.0,0.0,11243.75,69250.0,65077.0,-1.9485002,95.310356,625.0,156.0
2023-01-17 08:00:00,251.3,17.0,11715.75,72500.0,67170.0,-2.8485,95.63215,505.0,187.78
2023-01-17 09:00:00,260.83,523.0,11761.75,72500.0,67839.0,-2.7485,95.99283,432.0,184.82
2023-01-17 10:00:00,247.37,1273.0,11738.5,72200.0,68285.0,-0.7985,95.704254,384.0,158.93
2023-01-17 11:00:00,232.5,1881.0,11789.0,72000.0,67903.0,0.9515,93.029785,331.0,147.6
2023-01-17 12:00:00,189.7,2202.0,11581.25,71450.0,67396.0,2.3515,86.3245,265.0,141.96
2023-01-17 13:00:00,195.9,2028.0,11540.25,69050.0,66680.0,2.8014998,78.32085,228.0,142.44
2023-01-17 14:00:00,182.0,1545.0,11365.25,68450.0,66251.0,3.4515,66.76502,232.0,145.66
2023-01-17 15:00:00,189.73,961.0,11366.25,67850.0,65951.0,3.4015,66.507866,252.0,146.48
2023-01-17 16:00:00,191.64,317.0,11477.75,66700.0,65687.0,2.9515,74.98838,287.0,141.45
2023-01-17 17:00:00,197.7,1.0,12002.25,68600.0,67067.0,0.5015,80.899414,330.0,147.9
2023-01-17 18:00:00,235.09,0.0,12064.75,72100.0,68911.0,-1.3485,84.342834,395.0,144.74
2023-01-17 19:00:00,210.0,0.0,11637.75,73600.0,68530.0,-2.0485,83.000336,475.0,141.07
2023-01-17 20:00:00,193.62,0.0,10989.5,70350.0,66313.0,-1.9485002,79.339584,531.0,124.84
2023-01-17 21:00:00,165.6,0.0,10436.25,66100.0,63762.0,0.1515,70.67183,563.0,101.9
2023-01-17 22:00:00,173.83,0.0,10355.5,64100.0,63107.0,-1.6485,77.606865,598.0,83.36
2023-01-17 23:00:00,135.38,0.0,10088.0,65650.0,62089.0,-3.3485,85.0651,660.0,44.62
2023-01-18 00:00:00,140.14,0.0,9533.5,63750.0,60888.0,-3.3485,86.693214,590.0,5.64
2023-01-18 01:00:00,139.44,0.0,9038.0,61550.0,59020.0,-1.6984999,86.2159,765.0,0.31
2023-01-18 02:00:00,133.04,0.0,8822.25,61950.0,58351.0,-2.6985002,89.07524,1009.0,0.27
2023-01-18 03:00:00,125.64,0.0,8733.25,59650.0,57652.0,-2.7985,89.738525,1246.0,-0.08
2023-01-18 04:00:00,121.68,0.0,8787.75,58500.0,57264.0,-2.8485,89.73447,1500.0,-1.04
2023-01-18 05:00:00,130.13,0.0,9261.75,60200.0,57871.0,-2.8985,89.73041,1654.0,2.89
2023-01-18 06:00:00,152.08,0.0,10246.5,64650.0,62304.0,-2.7485,89.742584,1766.0,60.01
2023-01-18 07:00:00,171.69,0.0,11212.25,70750.0,65738.0,-2.5485,90.09579,1860.0,94.29
2023-01-18 08:00:00,192.41,23.0,11725.0,74350.0,67832.0,-2.4485002,91.46187,1968.0,141.99
2023-01-18 09:00:00,186.45,604.0,11813.25,75100.0,68183.0,-2.0985,91.48562,2032.0,145.72
2023-01-18 10:00:00,171.89,1446.0,11768.25,74900.0,68296.0,-0.5985,88.92485,2182.0,133.22
2023-01-18 11:00:00,161.89,2156.0,11770.75,74650.0,69110.0,0.9515,85.54931,2106.0,131.12
2023-01-18 12:00:00,152.61,2464.0,11574.5,74050.0,67832.0,2.3014998,81.44818,2069.0,119.16
2023-01-18 13:00:00,120.0,2190.0,11429.5,71300.0,67332.0,3.1015,78.08341,2308.0,110.16
2023-01-18 14:00:00,129.53,1630.0,11312.0,70500.0,66617.0,3.6015,75.651215,2520.0,115.66
2023-01-18 15:00:00,145.83,988.0,11280.75,69950.0,65720.0,3.9015,72.47183,2587.0,118.06
2023-01-18 16:00:00,150.44,332.0,11438.25,69050.0,65352.0,3.4515,73.72033,2661.0,120.81
2023-01-18 17:00:00,168.42,2.0,11962.25,70950.0,66163.0,2.1515,77.93251,2860.0,133.79
2023-01-18 18:00:00,174.66,0.0,12047.75,74700.0,66990.0,1.0015,83.08173,3094.0,133.87
2023-01-18 19:00:00,172.06,0.0,11597.5,76350.0,67127.0,0.7515,85.84152,3253.0,130.09
2023-01-18 20:00:00,147.87,0.0,10999.75,72650.0,64562.0,0.60150003,88.702866,3351.0,117.35
2023-01-18 21:00:00,147.56,0.0,10541.25,68750.0,62580.0,0.2015,90.63915,3390.0,94.87
2023-01-18 22:00:00,139.15,0.0,10405.75,67050.0,61590.0,-0.1985,92.62597,3431.0,92.5
2023-01-18 23:00:00,125.0,0.0,10164.0,68150.0,61515.0,-0.44849998,93.2935,3457.0,69.3
2023-01-19 00:00:00,178.9,0.0,9686.0,66700.0,59766.0,-0.44849998,92.95185,2897.0,28.92
2023-01-19 01:00:00,149.0,0.0,9272.25,64300.0,58718.0,-0.09850001,93.31219,2941.0,8.4
2023-01-19 02:00:00,152.77,0.0,8945.5,64600.0,58298.0,-0.1985,93.64896,2869.0,6.74
2023-01-19 03:00:00,150.0,0.0,8786.0,62450.0,57517.0,-0.1985,93.64896,2743.0,1.35
2023-01-19 04:00:00,136.03,0.0,8736.5,61100.0,57291.0,-0.1485,93.99457,2553.0,3.72
2023-01-19 05:00:00,146.24,0.0,9189.75,62400.0,58564.0,0.2015,94.01134,2351.0,26.51
2023-01-19 06:00:00,165.7,0.0,10253.25,66750.0,61727.0,0.4015,94.70745,2154.0,87.33
2023-01-19 07:00:00,181.07,0.0,11204.25,72500.0,64433.0,0.051499993,95.03848,1968.0,115.35
2023-01-19 08:00:00,200.07,11.0,11816.75,75550.0,65982.0,-0.1485,95.0305,1753.0,119.43
2023-01-19 09:00:00,208.15,303.0,11943.5,75950.0,67114.0,-0.4985,95.016495,1543.0,119.49
2023-01-19 10:00:00,222.4,779.0,11858.5,75550.0,67220.0,0.3515,94.0185,1352.0,102.84
2023-01-19 11:00:00,241.19,1240.0,11885.75,75250.0,67587.0,1.8015001,89.77674,1153.0,99.46
2023-01-19 12:00:00,190.62,1466.0,11709.75,74600.0,65483.0,3.0514998,86.08673,1008.0,90.47
2023-01-19 13:00:00,174.0,1378.0,11606.75,72050.0,64735.0,2.7515,88.57001,943.0,92.4
2023-01-19 14:00:00,178.66,1077.0,11384.75,71550.0,64286.0,3.1515,86.40725,889.0,100.0
2023-01-19 15:00:00,184.08,667.0,11345.25,70850.0,63502.0,3.2015,85.17876,853.0,101.47
2023-01-19 16:00:00,195.05,223.0,11435.25,69600.0,63579.0,2.8515,84.222496,841.0,101.91
2023-01-19 17:00:00,210.0,2.0,11897.75,71050.0,64716.0,2.0515,86.921074,908.0,122.21
2023-01-19 18:00:00,232.75,0.0,12042.75,74700.0,65521.0,0.6515,93.013176,1026.0,137.37
2023-01-19 19:00:00,247.52,0.0,11614.75,76550.0,65438.0,0.2015,93.32814,1170.0,118.9
2023-01-19 20:00:00,224.16,0.0,11047.75,73500.0,63421.0,-0.2985,93.301506,1252.0,114.96
2023-01-19 21:00:00,179.75,0.0,10482.75,69700.0,60984.0,-0.6985,93.96806,1278.0,86.57
2023-01-19 22:00:00,181.11,0.0,10415.5,67900.0,60813.0,-1.0485001,94.64548,1320.0,74.51
2023-01-19 23:00:00,162.36,0.0,10265.0,69650.0,61553.0,-1.3485,94.98222,1393.0,42.35
2023-01-20 00:00:00,156.6,0.0,9740.75,67500.0,60117.0,-1.5485001,94.623856,1085.0,33.81
2023-01-20 01:00:00,156.72,0.0,9334.0,65450.0,60035.0,-1.0485001,96.40134,1302.0,18.81
2023-01-20 02:00:00,154.73,0.0,9033.25,65650.0,59876.0,-0.7985,95.00443,1475.0,11.92
2023-01-20 03:00:00,151.81,0.0,8954.75,63450.0,58777.0,-0.99850005,93.953545,1601.0,2.75
2023-01-20 04:00:00,150.66,0.0,8997.0,62300.0,57900.0,-1.1984999,93.59795,1767.0,3.44
2023-01-20 05:00:00,158.14,0.0,9446.0,63800.0,59267.0,-1.2485001,93.595375,1902.0,25.86
2023-01-20 06:00:00,176.44,0.0,10374.5,68050.0,63444.0,-1.1984999,93.943825,2020.0,55.87
2023-01-20 07:00:00,208.07,0.0,11291.75,74050.0,66112.0,-1.0485001,94.64548,2133.0,89.58
2023-01-20 08:00:00,235.06,7.0,11750.5,77250.0,68415.0,-0.5985,93.62861,2242.0,109.99
2023-01-20 09:00:00,226.8,167.0,11892.75,78100.0,69815.0,0.1015,91.96858,2322.0,104.9
2023-01-20 10:00:00,210.39,437.0,11785.25,77900.0,69834.0,1.2514999,92.041115,2418.0,96.91
2023-01-20 11:00:00,202.6,635.0,11823.0,77350.0,69385.0,3.0514998,87.9629,2530.0,88.63
2023-01-20 12:00:00,189.26,658.0,11583.75,76250.0,69178.0,3.8014998,87.09407,2729.0,78.88
2023-01-20 13:00:00,181.63,573.0,11477.0,72850.0,68631.0,3.8014998,91.87189,2848.0,72.17
2023-01-20 14:00:00,179.6,430.0,11243.5,71200.0,67817.0,4.8015,87.50077,2890.0,75.11
2023-01-20 15:00:00,192.0,269.0,11154.75,69800.0,66904.0,4.7015,83.541885,2935.0,81.5
2023-01-20 16:00:00,200.0,85.0,11156.5,67750.0,66374.0,3.7015,89.287384,2952.0,87.58
2023-01-20 17:00:00,208.22,1.0,11612.0,70400.0,67275.0,3.6515,90.88759,2918.0,118.77
2023-01-20 18:00:00,209.71,0.0,11622.0,74500.0,68304.0,2.4515,91.45693,2868.0,133.8
2023-01-20 19:00:00,203.11,0.0,11216.5,76050.0,68533.0,0.7015,90.01682,2807.0,128.61
2023-01-20 20:00:00,188.23,0.0,10683.25,73300.0,66393.0,0.7015,91.33901,2739.0,119.07
2023-01-20 21:00:00,166.37,0.0,10233.75,70100.0,64195.0,1.6015,96.47758,2642.0,116.51
2023-01-20 22:00:00,163.1,0.0,10205.25,68450.0,63807.0,0.9015,99.282455,2507.0,124.06
2023-01-20 23:00:00,152.95,0.0,10046.5,70400.0,64003.0,1.0015,93.37041,2384.0,93.28
2023-01-21 00:00:00,156.36,0.0,9635.0,67900.0,62006.0,0.1515,90.96792,2540.0,76.0
2023-01-21 01:00:00,151.67,0.0,9249.75,65350.0,60893.0,-1.7485001,91.509285,2440.0,74.48
2023-01-21 02:00:00,142.98,0.0,8938.75,65500.0,59041.0,-1.6984999,91.51266,2221.0,68.26
2023-01-21 03:00:00,136.56,0.0,8731.5,62850.0,57925.0,-1.7985001,91.166336,1942.0,48.95
2023-01-21 04:00:00,133.96,0.0,8664.75,61100.0,56764.0,-1.7985001,91.84661,1648.0,42.86
2023-01-21 05:00:00,136.36,0.0,8749.0,61050.0,56911.0,-1.7985001,92.53139,1370.0,42.5
2023-01-21 06:00:00,132.5,0.0,9128.0,62750.0,57362.0,-1.9485002,92.866905,1137.0,46.1
2023-01-21 07:00:00,141.69,0.0,9488.75,65550.0,58647.0,-2.0985,92.85833,957.0,54.9
2023-01-21 08:00:00,157.54,11.0,9978.75,68150.0,62907.0,-2.2485,93.19616,817.0,60.65
2023-01-21 09:00:00,173.33,299.0,10533.5,70800.0,65151.0,-2.2985,93.19343,700.0,69.68
2023-01-21 10:00:00,171.8,893.0,10836.75,72300.0,66574.0,-1.1485,90.87491,566.0,68.0
2023-01-21 11:00:00,162.74,1506.0,10980.75,72500.0,66100.0,-0.7985,91.91114,468.0,72.53
2023-01-21 12:00:00,155.1,1687.0,10950.75,72400.0,65397.0,0.2015,89.97774,438.0,68.27
2023-01-21 13:00:00,148.19,1501.0,10739.25,69150.0,64122.0,0.2515,89.32478,449.0,46.9
2023-01-21 14:00:00,142.29,1101.0,10527.75,66100.0,63188.0,0.2515,88.99794,505.0,50.91
2023-01-21 15:00:00,135.9,686.0,10512.0,64550.0,63473.0,0.4515,88.36546,576.0,37.86
2023-01-21 16:00:00,144.22,247.0,10590.5,63200.0,63663.0,0.4015,87.39416,661.0,42.97
2023-01-21 17:00:00,173.92,4.0,11076.75,66050.0,65016.0,0.2515,88.99794,751.0,62.33
2023-01-21 18:00:00,179.88,0.0,11211.5,70550.0,66813.0,0.3515,88.68094,788.0,68.56
2023-01-21 19:00:00,179.34,0.0,10794.0,73000.0,67200.0,0.3515,89.66075,791.0,69.78
2023-01-21 20:00:00,180.0,0.0,10318.0,71050.0,66396.0,0.3015,89.65672,777.0,62.1
2023-01-21 21:00:00,162.33,0.0,9880.5,68750.0,63211.0,0.2515,88.99794,787.0,48.07
2023-01-21 22:00:00,159.11,0.0,9808.75,67850.0,62791.0,0.1515,89.6446,800.0,46.27
2023-01-21 23:00:00,152.75,0.0,9746.0,70300.0,62744.0,0.1015,89.640564,774.0,36.07
2023-01-22 00:00:00,175.4,0.0,9238.75,67750.0,62094.0,0.0014999956,90.62444,934.0,28.7
2023-01-22 01:00:00,165.5,0.0,8871.5,65600.0,61331.0,-0.44849998,90.258385,967.0,16.62
2023-01-22 02:00:00,164.89,0.0,8605.75,65550.0,59572.0,-0.84849995,89.56329,1047.0,14.98
2023-01-22 03:00:00,148.08,0.0,8438.0,63000.0,57958.0,-0.5485,85.70013,1117.0,4.46
2023-01-22 04:00:00,150.0,0.0,8295.0,61350.0,56939.0,-0.3485,86.35847,1167.0,2.99
2023-01-22 05:00:00,153.48,0.0,8329.5,61200.0,56664.0,-0.0485,87.35034,1220.0,4.09
2023-01-22 06:00:00,142.0,0.0,8539.75,62150.0,57449.0,0.1015,85.140785,1282.0,2.75
2023-01-22 07:00:00,145.29,0.0,8778.25,63850.0,57878.0,-0.1985,87.335686,1322.0,2.91
2023-01-22 08:00:00,147.03,10.0,9224.5,65800.0,60448.0,-0.5985,90.91444,1324.0,12.38
2023-01-22 09:00:00,157.42,202.0,9654.75,68150.0,63251.0,-1.0985,90.208466,1319.0,23.46
2023-01-22 10:00:00,187.66,513.0,9955.5,70450.0,65706.0,-1.1984999,89.534615,1264.0,26.24
2023-01-22 11:00:00,174.56,780.0,10255.0,71350.0,66862.0,-0.7985,87.925896,1239.0,38.46
2023-01-22 12:00:00,184.79,838.0,10330.25,71900.0,67771.0,-0.2985,86.04507,1250.0,38.86
2023-01-22 13:00:00,156.84,737.0,10122.25,68850.0,66524.0,-0.44849998,90.258385,1280.0,28.63
2023-01-22 14:00:00,159.38,567.0,9851.25,66050.0,66130.0,-0.1985,88.959335,1308.0,34.02
2023-01-22 15:00:00,160.0,346.0,9793.5,64600.0,65129.0,0.60150003,84.5732,1269.0,36.99
2023-01-22 16:00:00,171.03,131.0,9958.75,63000.0,64779.0,0.9515,83.38112,1219.0,22.91
2023-01-22 17:00:00,191.99,3.0,10511.0,65950.0,65970.0,0.6515,85.83072,1267.0,59.84
2023-01-22 18:00:00,210.01,0.0,10892.5,70600.0,67949.0,0.55149996,87.72958,1316.0,87.63
2023-01-22 19:00:00,210.01,0.0,10704.25,74000.0,68432.0,0.4515,89.01502,1280.0,94.05
2023-01-22 20:00:00,204.07,0.0,10288.75,72600.0,67267.0,0.5015,90.00121,1192.0,86.48
2023-01-22 21:00:00,187.8,0.0,9872.25,70050.0,65579.0,0.3515,91.98443,1051.0,77.7
2023-01-22 22:00:00,183.96,0.0,9836.0,68600.0,65133.0,0.5015,92.32981,902.0,84.44
2023-01-22 23:00:00,173.93,0.0,9556.5,70000.0,63509.0,0.4515,93.00209,766.0,75.61
2023-01-23 00:00:00,150.8,0.0,8994.5,69300.0,61540.0,0.4015,94.0209,598.0,60.01
2023-01-23 01:00:00,160.14,0.0,8702.5,67400.0,60729.0,0.0014999956,92.637665,590.0,60.01
2023-01-23 02:00:00,160.89,0.0,8357.75,67700.0,60311.0,0.1515,92.30854,636.0,62.72
2023-01-23 03:00:00,152.47,0.0,8188.25,65600.0,59190.0,-0.5985,96.062256,687.0,56.1
2023-01-23 04:00:00,151.13,0.0,8288.0,64450.0,58857.0,-0.2985,96.0718,679.0,63.3
2023-01-23 05:00:00,155.41,0.0,8789.75,66400.0,61643.0,-0.0485,96.43039,673.0,87.0
2023-01-23 06:00:00,189.9,0.0,9885.25,71350.0,66190.0,0.2015,96.08762,671.0,154.63
2023-01-23 07:00:00,226.54,0.0,10934.75,77950.0,70124.0,0.7515,95.06626,663.0,175.11
2023-01-23 08:00:00,257.9,7.0,11447.0,81300.0,72454.0,1.1015,94.39502,675.0,185.99
2023-01-23 09:00:00,270.13,128.0,11635.25,82200.0,73979.0,1.3515,94.06596,673.0,170.0
2023-01-23 10:00:00,249.8,342.0,11633.0,82300.0,75082.0,1.9015,90.10968,651.0,176.53
2023-01-23 11:00:00,230.14,513.0,11716.75,82250.0,75910.0,2.2515,85.38124,632.0,158.79
2023-01-23 12:00:00,220.88,660.0,11447.75,81650.0,74389.0,3.3014998,77.83186,612.0,148.05
2023-01-23 13:00:00,219.1,744.0,11442.0,78350.0,73099.0,2.8515,83.918724,623.0,142.92
2023-01-23 14:00:00,219.62,633.0,11404.5,77300.0,72959.0,3.3515,82.18243,662.0,143.32
2023-01-23 15:00:00,218.99,398.0,11291.5,75950.0,72632.0,3.7015,80.18053,691.0,145.69
2023-01-23 16:00:00,224.58,132.0,11386.0,74500.0,71706.0,3.7515,80.18775,704.0,151.25
2023-01-23 17:00:00,248.9,3.0,11914.75,76550.0,72928.0,3.3014998,81.5845,746.0,166.79
2023-01-23 18:00:00,248.07,0.0,12029.0,80250.0,74591.0,2.7515,84.21068,823.0,173.72
2023-01-23 19:00:00,223.19,0.0,11534.75,82650.0,74338.0,2.6015,84.80442,870.0,181.43
2023-01-23 20:00:00,206.15,0.0,10975.25,78850.0,71916.0,2.6015,83.28298,881.0,154.6
2023-01-23 21:00:00,184.01,0.0,10403.25,74650.0,67984.0,2.3515,82.05008,896.0,137.14
2023-01-23 22:00:00,177.92,0.0,10326.25,72100.0,66551.0,2.1015,81.420746,895.0,153.07
2023-01-23 23:00:00,170.22,0.0,10104.0,73400.0,66311.0,1.7514999,82.57129,882.0,162.85
2023-01-24 00:00:00,164.85,0.0,9764.0,70800.0,65005.0,1.1015,87.14328,1010.0,121.37
2023-01-24 01:00:00,160.06,0.0,9343.5,68600.0,63567.0,1.2014999,86.20425,986.0,125.8
2023-01-24 02:00:00,164.1,0.0,9037.5,69100.0,62866.0,1.4015,86.225266,916.0,131.38
2023-01-24 03:00:00,155.8,0.0,8891.75,66850.0,61569.0,1.4015,86.225266,831.0,133.7
2023-01-24 04:00:00,153.64,0.0,8930.5,65350.0,61308.0,1.4514999,86.545235,745.0,134.31
2023-01-24 05:00:00,169.96,0.0,9368.25,66700.0,63091.0,1.6515,85.93822,695.0,135.07
2023-01-24 06:00:00,183.61,0.0,10352.75,70900.0,66447.0,1.6015,87.5099,697.0,159.27
2023-01-24 07:00:00,210.06,0.0,11353.0,76500.0,71373.0,1.6515,88.47285,735.0,236.0
2023-01-24 08:00:00,251.1,8.0,11816.0,79750.0,73547.0,1.7514999,88.16155,779.0,251.3
2023-01-24 09:00:00,256.43,107.0,11981.25,80600.0,74486.0,1.7514999,88.16155,788.0,260.83
2023-01-24 10:00:00,238.65,275.0,11769.25,80700.0,75321.0,1.8015001,85.95424,736.0,247.37
2023-01-24 11:00:00,229.96,433.0,11717.0,80450.0,75226.0,2.1015,83.52382,641.0,232.5
2023-01-24 12:00:00,217.85,570.0,11572.0,79800.0,73516.0,2.4515,81.46871,542.0,189.7
2023-01-24 13:00:00,205.99,636.0,11408.25,76700.0,72406.0,2.0015,79.93273,471.0,195.9
2023-01-24 14:00:00,215.28,589.0,11136.5,75800.0,71282.0,2.3515,78.82439,450.0,182.0
2023-01-24 15:00:00,217.98,405.0,11174.0,74800.0,71042.0,2.5514998,78.56791,458.0,189.73
2023-01-24 16:00:00,224.58,149.0,11395.0,73350.0,71020.0,2.4515,79.128105,443.0,191.64
2023-01-24 17:00:00,250.0,4.0,11970.25,74800.0,71830.0,2.3014998,79.39485,418.0,197.7
2023-01-24 18:00:00,250.0,0.0,12159.75,78850.0,73300.0,2.0515,80.526726,397.0,235.09
2023-01-24 19:00:00,231.15,0.0,11700.25,80950.0,73242.0,1.3515,84.35162,352.0,210.0
2023-01-24 20:00:00,218.08,0.0,11148.0,77500.0,69730.0,0.9015,87.12354,274.0,193.62
2023-01-24 21:00:00,188.88,0.0,10557.5,73450.0,66864.0,0.1515,90.96792,202.0,165.6
2023-01-24 22:00:00,193.06,0.0,10478.0,71300.0,65679.0,-0.6985,92.93779,142.0,173.83
2023-01-24 23:00:00,175.0,0.0,10295.5,72450.0,64319.0,-1.4484999,94.27935,110.0,135.38
2023-01-25 00:00:00,153.71,0.0,9889.25,69600.0,62230.0,-2.6485,95.283615,118.0,140.14
2023-01-25 01:00:00,152.72,0.0,9449.25,67550.0,61599.0,-3.2485,97.05926,85.0,139.44
2023-01-25 02:00:00,156.75,0.0,9254.0,67700.0,60516.0,-2.5485,97.43739,63.0,133.04
2023-01-25 03:00:00,148.77,0.0,9047.75,65400.0,59105.0,-2.2485,97.08328,44.0,125.64
2023-01-25 04:00:00,146.87,0.0,9126.75,64000.0,59063.0,-1.2485001,96.04146,23.0,121.68
2023-01-25 05:00:00,150.94,0.0,9524.0,65550.0,60693.0,-0.84849995,93.960815,15.0,130.13
2023-01-25 06:00:00,181.34,0.0,10480.25,70200.0,64756.0,-0.7985,94.656235,12.0,152.08
2023-01-25 07:00:00,204.11,0.0,11448.5,76150.0,69415.0,-0.9485,96.40426,12.0,171.69
2023-01-25 08:00:00,225.04,7.0,11978.75,79650.0,71550.0,-1.0485001,97.11174,12.0,192.41
2023-01-25 09:00:00,225.0,93.0,12082.25,80550.0,72323.0,-0.8985,91.904724,9.0,186.45
2023-01-25 10:00:00,212.42,230.0,11971.5,80600.0,73050.0,-0.7485,89.241135,9.0,171.89
2023-01-25 11:00:00,200.98,351.0,11945.25,80400.0,72603.0,-0.4985,86.98406,16.0,161.89
2023-01-25 12:00:00,193.2,449.0,11730.75,79500.0,70146.0,-0.1485,85.427635,46.0,152.61
2023-01-25 13:00:00,185.2,508.0,11579.0,76150.0,69046.0,-0.5485,86.01829,94.0,120.0
2023-01-25 14:00:00,192.54,469.0,11328.0,75100.0,68481.0,-0.09850001,83.55818,167.0,129.53
2023-01-25 15:00:00,197.3,327.0,11327.75,74350.0,67986.0,0.0014999956,82.95418,250.0,145.83
2023-01-25 16:00:00,199.19,122.0,11512.5,72450.0,67966.0,-0.0485,81.72662,376.0,150.44
2023-01-25 17:00:00,206.37,4.0,12145.75,73300.0,70247.0,-0.44849998,81.36831,424.0,168.42
2023-01-25 18:00:00,212.66,0.0,12311.25,77800.0,72054.0,-0.8985,82.83819,497.0,174.66
2023-01-25 19:00:00,203.78,0.0,11857.75,80700.0,72143.0,-0.9485,81.60316,682.0,172.06
2023-01-25 20:00:00,185.2,0.0,11283.5,77100.0,68187.0,-0.9485,82.2154,889.0,147.87
2023-01-25 21:00:00,181.59,0.0,10829.75,72900.0,65756.0,-1.2985001,84.3488,1053.0,147.56
2023-01-25 22:00:00,177.18,0.0,10648.75,70800.0,64608.0,-1.1485,84.366684,1328.0,139.15
2023-01-25 23:00:00,160.66,0.0,10451.5,72200.0,64006.0,-0.8985,85.661705,1806.0,125.0
2023-01-26 00:00:00,150.0,0.0,9936.75,70450.0,63637.0,-0.6985,87.61043,1446.0,178.9
2023-01-26 01:00:00,152.17,0.0,9514.5,68450.0,62824.0,-0.8985,89.22851,1745.0,149.0
2023-01-26 02:00:00,148.06,0.0,9183.0,68750.0,61030.0,-0.6985,88.58816,1999.0,152.77
2023-01-26 03:00:00,144.36,0.0,9091.5,66250.0,60718.0,-0.5985,88.59704,2261.0,150.0
2023-01-26 04:00:00,135.8,0.0,9046.0,64750.0,60999.0,-0.44849998,88.9378,2480.0,136.03
2023-01-26 05:00:00,142.27,0.0,9489.75,66200.0,63421.0,-0.1985,87.981964,2587.0,146.24
2023-01-26 06:00:00,165.31,0.0,10431.75,70700.0,66954.0,-0.1985,89.28726,2545.0,165.7
2023-01-26 07:00:00,186.83,0.0,11353.25,76850.0,71002.0,0.0014999956,89.30395,2447.0,181.07
2023-01-26 08:00:00,198.95,4.0,11860.75,79750.0,73929.0,0.2015,89.97774,2370.0,200.07
2023-01-26 09:00:00,206.06,71.0,12007.0,80100.0,74408.0,0.3515,91.98443,2308.0,208.15
2023-01-26 10:00:00,200.0,194.0,11977.5,80000.0,74985.0,0.8015,93.699356,2208.0,222.4
2023-01-26 11:00:00,209.96,338.0,12022.5,79900.0,74679.0,1.4514999,94.75167,2166.0,241.19
2023-01-26 12:00:00,183.25,451.0,11812.25,79200.0,73069.0,1.9015,97.17996,2230.0,190.62
2023-01-26 13:00:00,173.24,520.0,11706.0,75950.0,72574.0,2.4515,98.93884,2383.0,174.0
2023-01-26 14:00:00,176.82,530.0,11583.25,75200.0,72392.0,4.3015,94.86896,2693.0,178.66
2023-01-26 15:00:00,172.76,394.0,11514.75,74200.0,71505.0,5.4515,89.744675,2791.0,184.08
2023-01-26 16:00:00,171.96,163.0,11534.75,72100.0,70832.0,5.6514997,88.19873,2847.0,195.05
2023-01-26 17:00:00,186.2,7.0,11961.0,72750.0,71683.0,4.9515,90.02221,2907.0,210.0
2023-01-26 18:00:00,207.16,0.0,12088.5,77300.0,74065.0,4.6015,92.89933,2977.0,232.75
2023-01-26 19:00:00,197.2,0.0,11643.0,79900.0,73692.0,4.1515,94.862885,3025.0,247.52
2023-01-26 20:00:00,182.0,0.0,11059.0,76500.0,70457.0,4.3015,94.86896,3040.0,224.16
2023-01-26 21:00:00,159.53,0.0,10527.25,72600.0,67598.0,4.7515,93.56336,3020.0,179.75
2023-01-26 22:00:00,152.33,0.0,10439.75,70700.0,66625.0,4.5515,94.54607,2978.0,181.11
2023-01-26 23:00:00,138.95,0.0,10236.75,72200.0,65580.0,4.7515,92.90764,2935.0,162.36
2023-01-27 00:00:00,148.55,0.0,9730.25,70000.0,64401.0,4.6514997,92.90211,2805.0,156.6
2023-01-27 01:00:00,153.06,0.0,9364.0,68350.0,63235.0,4.2015,91.57251,2763.0,156.72
2023-01-27 02:00:00,142.08,0.0,9062.5,68550.0,62649.0,4.2515,91.90028,2641.0,154.73
2023-01-27 03:00:00,135.4,0.0,8944.0,65850.0,62210.0,4.1015,92.87157,2547.0,151.81
2023-01-27 04:00:00,132.89,0.0,8981.0,64300.0,61807.0,3.9015,93.85189,2525.0,150.66
2023-01-27 05:00:00,140.67,0.0,9338.75,65550.0,63299.0,3.7515,94.846634,2529.0,158.14
2023-01-27 06:00:00,151.4,0.0,10297.5,70100.0,67696.0,3.3014998,96.52522,2564.0,176.44
2023-01-27 07:00:00,176.1,0.0,11207.0,76250.0,70593.0,2.7015,96.508514,2598.0,208.07
2023-01-27 08:00:00,195.0,8.0,11699.0,79200.0,74714.0,1.8515,97.52757,2612.0,235.06
2023-01-27 09:00:00,199.19,97.0,11897.25,79500.0,75839.0,1.9514999,96.48746,2514.0,226.8
2023-01-27 10:00:00,195.0,246.0,11843.75,79500.0,76732.0,1.9015,96.83246,2302.0,210.39
2023-01-27 11:00:00,190.0,368.0,11946.75,79200.0,76870.0,2.6015,93.45377,1992.0,202.6
2023-01-27 12:00:00,183.06,432.0,11756.5,78350.0,74675.0,2.9515,93.80574,1679.0,189.26
2023-01-27 13:00:00,180.0,421.0,11634.0,75650.0,74095.0,3.4515,91.197845,1437.0,181.63
2023-01-27 14:00:00,181.5,346.0,11458.5,74900.0,74045.0,4.0015,87.42471,1316.0,179.6
2023-01-27 15:00:00,185.0,217.0,11361.75,73550.0,73149.0,4.0515,86.80852,1324.0,192.0
2023-01-27 16:00:00,188.0,81.0,11336.25,71550.0,72906.0,4.0015,87.42471,1348.0,200.0
2023-01-27 17:00:00,198.05,5.0,11705.0,71900.0,73577.0,3.9015,88.04075,1334.0,208.22
2023-01-27 18:00:00,200.7,0.0,11757.75,75850.0,74907.0,3.7515,88.657295,1319.0,209.71
2023-01-27 19:00:00,193.73,0.0,11361.5,78100.0,75076.0,3.7515,88.34168,1232.0,203.11
2023-01-27 20:00:00,182.09,0.0,10753.75,75050.0,71389.0,3.6515,87.704094,1093.0,188.23
2023-01-27 21:00:00,172.6,0.0,10323.75,71650.0,68755.0,3.4515,87.37203,938.0,166.37
2023-01-27 22:00:00,166.38,0.0,10314.5,70400.0,67428.0,3.2515,85.491165,789.0,163.1
2023-01-27 23:00:00,153.91,0.0,10189.25,71700.0,66871.0,2.8515,85.44734,650.0,152.95
2023-01-28 00:00:00,139.9,0.0,9734.75,68850.0,63908.0,2.4015,86.95594,598.0,156.36
2023-01-28 01:00:00,134.91,0.0,9351.0,66150.0,62899.0,1.8015001,86.581116,481.0,151.67
2023-01-28 02:00:00,133.23,0.0,9034.25,65850.0,62004.0,1.8015001,85.6423,428.0,142.98
2023-01-28 03:00:00,129.19,0.0,8796.75,62700.0,60844.0,1.8015001,84.4046,394.0,136.56
2023-01-28 04:00:00,125.15,0.0,8718.0,60900.0,60370.0,1.6015,84.68944,351.0,133.96
2023-01-28 05:00:00,122.79,0.0,8801.0,60900.0,60393.0,1.4015,84.66629,301.0,136.36
2023-01-28 06:00:00,128.57,0.0,9194.5,62250.0,61060.0,1.2014999,84.3339,291.0,132.5
2023-01-28 07:00:00,136.29,0.0,9556.25,64900.0,63298.0,1.0015,84.61985,308.0,141.69
2023-01-28 08:00:00,145.43,25.0,10082.75,67200.0,65110.0,0.6515,86.146194,292.0,157.54
2023-01-28 09:00:00,160.15,335.0,10623.0,69700.0,67061.0,0.7015,86.46788,239.0,173.33
2023-01-28 10:00:00,161.56,727.0,10876.25,71300.0,68620.0,1.6015,78.41955,147.0,171.8
2023-01-28 11:00:00,161.9,1194.0,11025.75,72000.0,69266.0,2.2015,73.76042,88.0,162.74
2023-01-28 12:00:00,163.0,1645.0,10902.5,72000.0,68388.0,2.8014998,68.87898,78.0,155.1
2023-01-28 13:00:00,133.34,1678.0,10733.0,69500.0,66698.0,2.4515,71.92752,123.0,148.19
2023-01-28 14:00:00,137.03,1364.0,10542.75,67400.0,65775.0,2.4515,70.87297,149.0,142.29
2023-01-28 15:00:00,150.04,885.0,10482.5,65900.0,65898.0,2.5015,70.6216,121.0,135.9
2023-01-28 16:00:00,154.27,374.0,10522.75,64250.0,65968.0,2.4515,69.5741,89.0,144.22
2023-01-28 17:00:00,164.93,18.0,11010.0,66600.0,68154.0,2.2515,69.27502,79.0,173.92
2023-01-28 18:00:00,180.9,0.0,11236.75,70950.0,69808.0,1.5515001,70.95517,76.0,179.88
2023-01-28 19:00:00,178.34,0.0,10836.25,73200.0,70077.0,0.3015,80.87105,61.0,179.34
2023-01-28 20:00:00,161.19,0.0,10355.5,71200.0,66517.0,-0.2985,83.223976,66.0,180.0
2023-01-28 21:00:00,148.56,0.0,9942.0,68700.0,63903.0,-0.0485,84.496956,90.0,162.33
2023-01-28 22:00:00,145.27,0.0,9893.75,68000.0,63806.0,-0.44849998,86.347984,151.0,159.11
2023-01-28 23:00:00,157.99,0.0,9837.5,70400.0,64188.0,-1.0985,89.21163,228.0,152.75
2023-01-29 00:00:00,167.45,0.0,9274.0,68250.0,62773.0,-1.0485001,88.229164,134.0,175.4
2023-01-29 01:00:00,149.42,0.0,8911.0,66100.0,62181.0,-0.7485,85.044136,185.0,165.5
2023-01-29 02:00:00,162.71,0.0,8678.5,66000.0,60659.0,-1.2485001,87.55747,256.0,164.89
2023-01-29 03:00:00,127.87,0.0,8494.0,63250.0,58616.0,-1.3985,87.54297,368.0,148.08
2023-01-29 04:00:00,123.87,0.0,8396.0,61200.0,57550.0,-1.6984999,88.829216,522.0,150.0
2023-01-29 05:00:00,124.15,0.0,8467.0,60750.0,56426.0,-1.3985,86.89323,712.0,153.48
2023-01-29 06:00:00,132.37,0.0,8606.5,61800.0,57398.0,-2.0985,89.79509,884.0,142.0
2023-01-29 07:00:00,133.2,0.0,8889.25,64050.0,58637.0,-1.6984999,87.187775,990.0,145.29
2023-01-29 08:00:00,148.33,31.0,9313.0,66200.0,60204.0,-1.2485001,84.35477,1083.0,147.03
2023-01-29 09:00:00,162.95,321.0,9825.5,68700.0,62759.0,-0.5485,81.962975,1216.0,157.42
2023-01-29 10:00:00,175.37,707.0,10149.0,70600.0,64013.0,0.60150003,77.683105,1458.0,187.66
2023-01-29 11:00:00,173.21,1062.0,10428.25,71200.0,65109.0,1.9015,72.08666,1664.0,174.56
2023-01-29 12:00:00,152.98,1237.0,10471.75,71500.0,64186.0,2.4515,73.265274,1746.0,184.79
2023-01-29 13:00:00,117.26,1170.0,10210.25,68250.0,62843.0,3.0015,78.92408,1936.0,156.84
2023-01-29 14:00:00,121.53,920.0,9911.75,65400.0,61396.0,3.2515,79.53696,2152.0,159.38
2023-01-29 15:00:00,125.65,550.0,9825.25,63850.0,60816.0,3.6515,78.73788,2346.0,160.0
2023-01-29 16:00:00,130.48,219.0,9931.75,62200.0,60746.0,3.4015,79.55926,2565.0,171.03
2023-01-29 17:00:00,156.58,12.0,10464.75,63400.0,62825.0,2.8515,80.934044,2808.0,191.99
2023-01-29 18:00:00,192.64,0.0,10859.5,69150.0,65938.0,2.7015,81.79925,3043.0,210.01
2023-01-29 19:00:00,180.32,0.0,10678.25,72400.0,66914.0,3.0514998,81.84623,3264.0,210.01
2023-01-29 20:00:00,150.0,0.0,10297.5,70800.0,65676.0,3.4515,83.08881,3450.0,204.07
2023-01-29 21:00:00,138.37,0.0,9847.0,68250.0,63515.0,3.8014998,84.63699,3602.0,187.8
2023-01-29 22:00:00,124.21,0.0,9792.75,67250.0,62395.0,4.0515,85.273094,3718.0,183.96
2023-01-29 23:00:00,111.5,0.0,9536.0,69150.0,60805.0,4.4515,86.54017,3788.0,173.93
2023-01-30 00:00:00,91.4,0.0,9089.5,66000.0,57666.0,4.9515,88.76074,3778.0,150.8
2023-01-30 01:00:00,96.69,0.0,8715.0,63600.0,55739.0,4.4515,90.62282,3809.0,160.14
2023-01-30 02:00:00,80.7,0.0,8437.5,63800.0,54955.0,4.8015,92.58419,3848.0,160.89
2023-01-30 03:00:00,57.31,0.0,8289.75,62000.0,54641.0,5.4515,91.333015,3874.0,152.47
2023-01-30 04:00:00,50.39,0.0,8287.75,61000.0,54635.0,5.4014997,91.97218,3899.0,151.13
2023-01-30 05:00:00,76.36,0.0,8808.5,62750.0,55734.0,5.9014997,90.72682,3917.0,155.41
2023-01-30 06:00:00,112.34,0.0,9865.5,67400.0,60902.0,6.3515,89.81488,3916.0,189.9
2023-01-30 07:00:00,169.0,0.0,10879.5,73400.0,65793.0,6.6015,90.461395,3881.0,226.54
2023-01-30 08:00:00,183.99,56.0,11385.0,76650.0,67453.0,6.9014997,90.797554,3826.0,257.9
2023-01-30 09:00:00,168.9,582.0,11621.25,77400.0,68693.0,7.2515,89.573715,3773.0,270.13
2023-01-30 10:00:00,163.0,1195.0,11675.5,77600.0,70031.0,7.3015,81.54313,3760.0,249.8
2023-01-30 11:00:00,143.05,1858.0,11702.0,77200.0,70041.0,7.4515,74.705414,3821.0,230.14
2023-01-30 12:00:00,132.96,2174.0,11462.5,76500.0,69877.0,8.1515,70.72742,3953.0,220.88
2023-01-30 13:00:00,124.0,1902.0,11406.75,73500.0,68627.0,8.1015005,67.293304,3993.0,219.1
2023-01-30 14:00:00,135.58,1446.0,11259.5,72650.0,68309.0,8.1515,63.571934,3823.0,219.62
2023-01-30 15:00:00,135.25,929.0,11142.75,71900.0,67537.0,7.8515,64.41881,3397.0,218.99
2023-01-30 16:00:00,155.08,404.0,11170.5,70050.0,67618.0,7.7015,66.72931,2833.0,224.58
2023-01-30 17:00:00,167.5,27.0,11676.0,70450.0,68635.0,6.6015,72.980194,2371.0,248.9
2023-01-30 18:00:00,227.22,0.0,11903.75,74700.0,69658.0,4.9014997,81.508446,2021.0,248.07
2023-01-30 19:00:00,211.7,0.0,11408.5,76750.0,69684.0,4.0015,87.73679,1675.0,223.19
2023-01-30 20:00:00,167.7,0.0,10820.25,73300.0,67100.0,3.8014998,89.93361,1342.0,206.15
2023-01-30 21:00:00,146.45,0.0,10272.5,69350.0,64439.0,3.6015,91.85922,1140.0,184.01
2023-01-30 22:00:00,149.7,0.0,10224.5,67450.0,63194.0,3.3014998,93.157745,1143.0,177.92
2023-01-30 23:00:00,137.45,0.0,10026.0,68900.0,62233.0,2.7015,94.465836,1292.0,170.22
2023-01-31 00:00:00,149.99,0.0,9580.0,65600.0,59258.0,2.6515,94.12682,1673.0,164.85
2023-01-31 01:00:00,130.81,0.0,9158.0,63250.0,58359.0,3.1015,94.82005,1851.0,160.06
2023-01-31 02:00:00,129.33,0.0,8830.25,63800.0,58319.0,2.7515,94.805664,2105.0,164.1
2023-01-31 03:00:00,120.42,0.0,8681.0,62050.0,56851.0,2.3014998,94.448265,2349.0,155.8
2023-01-31 04:00:00,114.23,0.0,8753.25,61000.0,56169.0,2.2015,94.443855,2529.0,153.64
2023-01-31 05:00:00,125.02,0.0,9215.25,62200.0,58239.0,2.1015,94.77877,2748.0,169.96
2023-01-31 06:00:00,151.28,0.0,10227.75,66350.0,61966.0,2.2515,95.12501,3054.0,183.61
2023-01-31 07:00:00,174.47,0.0,11111.5,71950.0,65137.0,2.8515,94.1361,3306.0,210.06
2023-01-31 08:00:00,183.58,15.0,11611.5,75150.0,67079.0,3.9515,89.30793,3445.0,251.1
2023-01-31 09:00:00,177.2,151.0,11795.25,75700.0,67605.0,3.9015,89.62209,3570.0,256.43
2023-01-31 10:00:00,174.43,357.0,11663.5,75300.0,67224.0,4.6514997,86.868195,3670.0,238.65
2023-01-31 11:00:00,151.91,554.0,11648.5,74500.0,67104.0,5.6514997,84.8475,3715.0,229.96
2023-01-31 12:00:00,133.4,604.0,11494.75,73600.0,66002.0,7.2515,81.53644,3756.0,217.85
2023-01-31 13:00:00,125.23,448.0,11435.5,71000.0,65142.0,6.3015,87.030304,3856.0,205.99
2023-01-31 14:00:00,132.34,246.0,11250.25,70100.0,64966.0,7.6015,83.88999,3814.0,215.28
2023-01-31 15:00:00,129.8,141.0,11200.25,69200.0,63687.0,7.6015,85.36088,3520.0,217.98
2023-01-31 16:00:00,149.16,57.0,11255.5,67450.0,63084.0,7.7015,85.66839,3149.0,224.58
2023-01-31 17:00:00,166.37,5.0,11712.25,67800.0,64735.0,7.8515,85.09242,2839.0,250.0
2023-01-31 18:00:00,190.21,0.0,11942.75,72200.0,67386.0,7.9014997,83.34452,2524.0,250.0
2023-01-31 19:00:00,197.2,0.0,11488.5,74000.0,68247.0,7.8015,82.754616,2335.0,231.15
2023-01-31 20:00:00,173.9,0.0,10925.5,70600.0,66123.0,7.4515,87.4443,2407.0,218.08
2023-01-31 21:00:00,147.05,0.0,10373.75,66700.0,63703.0,7.3515,90.20347,2591.0,188.88
2023-01-31 22:00:00,138.33,0.0,10267.25,64900.0,63030.0,6.7015,93.33684,2812.0,193.06
2023-01-31 23:00:00,123.56,0.0,10050.0,66350.0,62365.0,5.9515,94.60564,3023.0,175.0
2023-02-01 00:00:00,122.62,0.0,9629.0,62500.0,58905.0,5.4515,94.58447,3194.0,153.71
2023-02-01 01:00:00,119.3,0.0,9159.25,60300.0,57438.0,4.8515,94.89115,3372.0,152.72
2023-02-01 02:00:00,109.02,0.0,8958.75,60450.0,56786.0,4.6015,90.9543,3494.0,156.75
2023-02-01 03:00:00,88.72,0.0,8806.5,58450.0,54220.0,4.2515,90.28788,3562.0,148.77
2023-02-01 04:00:00,83.85,0.0,8875.0,57050.0,53982.0,3.9515,88.67463,3619.0,146.87
2023-02-01 05:00:00,109.53,0.0,9276.5,58450.0,55972.0,3.9515,86.48927,3652.0,150.94
2023-02-01 06:00:00,125.38,0.0,10317.0,62900.0,61093.0,3.7515,86.16013,3677.0,181.34
2023-02-01 07:00:00,173.68,0.0,11235.5,69050.0,65380.0,3.4515,86.74841,3729.0,204.11
2023-02-01 08:00:00,188.11,50.0,11749.0,71950.0,67350.0,3.2515,87.981285,3787.0,225.04
2023-02-01 09:00:00,194.25,518.0,11884.0,72850.0,67593.0,3.6015,87.07446,3821.0,225.0
2023-02-01 10:00:00,178.99,1167.0,11763.75,72900.0,68013.0,4.8015,83.85197,3692.0,212.42
2023-02-01 11:00:00,165.76,1671.0,11782.25,72350.0,67909.0,6.0515,81.95204,3766.0,200.98
2023-02-01 12:00:00,145.1,1934.0,11617.25,71300.0,67447.0,7.2015,78.16623,4118.0,193.2
2023-02-01 13:00:00,125.0,1624.0,11448.5,68500.0,67201.0,8.3515,69.52816,4329.0,185.2
2023-02-01 14:00:00,134.32,1056.0,11243.25,67400.0,66775.0,8.9515,65.825554,4370.0,192.54
2023-02-01 15:00:00,140.0,580.0,11193.0,66250.0,66192.0,8.7515,66.484505,4254.0,197.3
2023-02-01 16:00:00,141.91,234.0,11237.5,64150.0,65196.0,8.4515,68.81492,4093.0,199.19
2023-02-01 17:00:00,167.62,19.0,11722.5,64550.0,66469.0,7.9515,71.44209,4014.0,206.37
2023-02-01 18:00:00,197.74,0.0,11829.5,69400.0,68884.0,7.0515,77.0484,3968.0,212.66
2023-02-01 19:00:00,183.6,0.0,11401.5,72200.0,70397.0,6.9515,79.51582,3942.0,203.78
2023-02-01 20:00:00,202.1,0.0,10744.25,69100.0,68186.0,7.1514997,79.26609,3958.0,185.2
2023-02-01 21:00:00,140.35,0.0,10323.25,65550.0,65924.0,7.0015,79.243835,3977.0,181.59
2023-02-01 22:00:00,163.23,0.0,10155.5,63900.0,64381.0,7.0515,79.25127,3988.0,177.18
2023-02-01 23:00:00,127.11,0.0,9937.75,65000.0,63510.0,7.2015,79.273506,4008.0,160.66
2023-02-02 00:00:00,119.2,0.0,9504.0,61600.0,59725.0,7.0515,80.65617,3745.0,150.0
2023-02-02 01:00:00,120.18,0.0,9122.5,59750.0,57972.0,6.2515,86.1153,3637.0,152.17
2023-02-02 02:00:00,113.84,0.0,8813.0,59650.0,57176.0,6.4515,86.43804,3514.0,148.06
2023-02-02 03:00:00,107.72,0.0,8676.5,57600.0,55616.0,7.0515,83.24063,3400.0,144.36
2023-02-02 04:00:00,106.38,0.0,8616.75,56100.0,54789.0,6.2515,87.02543,3310.0,135.8
2023-02-02 05:00:00,115.59,0.0,9074.25,57450.0,55898.0,6.2515,86.41773,3207.0,142.27
2023-02-02 06:00:00,129.67,0.0,10169.0,61950.0,61291.0,6.5515,84.65122,3078.0,165.31
2023-02-02 07:00:00,157.03,0.0,11115.0,68200.0,64875.0,5.9515,88.2255,3008.0,186.83
2023-02-02 08:00:00,176.62,17.0,11591.0,71050.0,65613.0,6.0015,88.22995,3009.0,198.95
2023-02-02 09:00:00,178.2,150.0,11790.5,71450.0,66577.0,5.9014997,89.46617,2989.0,206.06
2023-02-02 10:00:00,170.09,343.0,11724.75,71250.0,67189.0,6.7515,85.86655,2957.0,200.0
2023-02-02 11:00:00,167.21,494.0,11685.75,70650.0,67791.0,7.7015,82.16752,3038.0,209.96
2023-02-02 12:00:00,156.86,527.0,11469.75,69550.0,67237.0,8.4515,78.35876,3171.0,183.25
2023-02-02 13:00:00,152.74,495.0,11421.75,66700.0,66918.0,9.1515,72.68271,3255.0,173.24
2023-02-02 14:00:00,161.44,456.0,11209.25,65500.0,66841.0,9.3015,73.98955,3243.0,176.82
2023-02-02 15:00:00,163.39,363.0,11229.5,64350.0,66422.0,8.6015,80.0334,3160.0,172.76
2023-02-02 16:00:00,167.28,159.0,11256.25,62150.0,66415.0,8.7515,79.777626,3125.0,171.96
2023-02-02 17:00:00,178.17,15.0,11661.25,62700.0,67011.0,8.6515,81.439926,3144.0,186.2
2023-02-02 18:00:00,183.12,0.0,11867.0,67750.0,68568.0,8.7515,81.17187,3145.0,207.16
2023-02-02 19:00:00,176.98,0.0,11489.5,70700.0,68323.0,8.7015,83.729904,3152.0,197.2
2023-02-02 20:00:00,155.73,0.0,10905.0,67700.0,66061.0,8.4015,84.27497,3184.0,182.0
2023-02-02 21:00:00,151.37,0.0,10328.25,64200.0,64003.0,8.3515,85.44179,3281.0,159.53
2023-02-02 22:00:00,141.19,0.0,10219.75,62700.0,62451.0,8.2515,88.12403,3415.0,152.33
2023-02-02 23:00:00,125.39,0.0,10030.0,64000.0,61978.0,8.3015,89.9646,3477.0,138.95
2023-02-03 00:00:00,120.53,0.0,9514.5,61250.0,56620.0,8.3515,90.277565,3691.0,148.55
2023-02-03 01:00:00,117.1,0.0,9130.5,59200.0,54878.0,7.9515,92.12829,3727.0,153.06
2023-02-03 02:00:00,112.01,0.0,8795.0,59550.0,53915.0,8.1015005,91.193954,3757.0,142.08
2023-02-03 03:00:00,101.73,0.0,8600.5,57100.0,53151.0,8.2015,87.8166,3756.0,135.4
2023-02-03 04:00:00,103.01,0.0,8612.0,55650.0,52889.0,8.1015005,85.1199,3765.0,132.89
2023-02-03 05:00:00,104.91,0.0,9046.5,57100.0,53332.0,8.0515,86.5989,3756.0,140.67
2023-02-03 06:00:00,119.62,0.0,9998.75,61550.0,56538.0,7.7515,89.30452,3714.0,151.4
2023-02-03 07:00:00,164.08,0.0,10958.0,67650.0,62570.0,7.9515,87.79378,3691.0,176.1
2023-02-03 08:00:00,173.38,18.0,11407.5,70700.0,64763.0,8.3515,86.62875,3670.0,195.0
2023-02-03 09:00:00,166.6,137.0,11630.25,70850.0,65437.0,8.7015,86.366066,3681.0,199.19
2023-02-03 10:00:00,173.8,305.0,11602.75,69850.0,67500.0,9.2015,84.94797,3633.0,195.0
2023-02-03 11:00:00,159.94,382.0,11682.75,68450.0,67037.0,9.5515,84.11811,3653.0,190.0
2023-02-03 12:00:00,135.15,428.0,11369.0,66850.0,64956.0,10.2515,82.493286,3638.0,183.06
2023-02-03 13:00:00,132.91,438.0,11299.25,63500.0,63757.0,9.4015,82.10285,3498.0,180.0
2023-02-03 14:00:00,139.07,387.0,11156.25,62250.0,62719.0,9.5015,82.68188,3295.0,181.5
2023-02-03 15:00:00,143.08,269.0,11068.0,60850.0,61710.0,9.6015,83.54951,3044.0,185.0
2023-02-03 16:00:00,140.0,117.0,10981.75,58600.0,60200.0,9.8515,83.579346,2801.0,188.0
2023-02-03 17:00:00,155.26,13.0,11340.0,59450.0,61623.0,10.1015,83.04003,2618.0,198.05
2023-02-03 18:00:00,175.19,0.0,11482.25,64600.0,63500.0,9.9015,84.73529,2486.0,200.7
2023-02-03 19:00:00,177.03,0.0,11076.25,67250.0,64607.0,9.6015,87.345894,2409.0,193.73
2023-02-03 20:00:00,173.73,0.0,10488.0,64500.0,63466.0,9.5515,88.238914,2400.0,182.09
2023-02-03 21:00:00,164.2,0.0,9967.5,61350.0,61696.0,9.5515,88.84193,2398.0,172.6
2023-02-03 22:00:00,148.04,0.0,9997.5,60000.0,61146.0,9.5015,89.7494,2332.0,166.38
2023-02-03 23:00:00,142.3,0.0,9870.25,62250.0,60172.0,9.5015,90.055115,2244.0,153.91
2023-02-04 00:00:00,153.15,0.0,9192.0,60000.0,58996.0,9.4515,90.66578,1677.0,139.9
2023-02-04 01:00:00,153.25,0.0,8763.5,57550.0,58106.0,8.8515,92.18231,1443.0,134.91
2023-02-04 02:00:00,139.95,0.0,8423.0,57300.0,57418.0,8.7015,93.75775,1192.0,133.23
2023-02-04 03:00:00,127.41,0.0,8231.5,54500.0,55660.0,8.4515,95.35714,896.0,129.19
2023-02-04 04:00:00,128.45,0.0,8137.5,52250.0,54950.0,8.3515,96.005424,608.0,125.15
2023-02-04 05:00:00,133.64,0.0,8185.75,51700.0,55259.0,8.2015,96.987076,382.0,122.79
2023-02-04 06:00:00,141.42,0.0,8482.25,52950.0,57222.0,8.0515,97.64681,244.0,128.57
2023-02-04 07:00:00,156.35,0.0,8861.0,55050.0,59728.0,7.8515,97.97677,173.0,136.29
2023-02-04 08:00:00,164.19,18.0,9352.75,57200.0,60892.0,7.1514997,99.31773,149.0,145.43
2023-02-04 09:00:00,169.83,131.0,9848.0,59600.0,62467.0,7.5515,98.981384,146.0,160.15
2023-02-04 10:00:00,164.11,286.0,10077.75,60900.0,63913.0,8.0515,97.64681,161.0,161.56
2023-02-04 11:00:00,156.39,449.0,10228.75,61050.0,64069.0,8.5515,95.68569,165.0,161.9
2023-02-04 12:00:00,148.84,634.0,10137.75,61000.0,63681.0,8.8015,93.76255,147.0,163.0
2023-02-04 13:00:00,133.37,669.0,9977.5,57850.0,62200.0,8.1015005,93.40857,119.0,133.34
2023-02-04 14:00:00,134.09,622.0,9736.5,55550.0,61097.0,8.4015,90.90218,104.0,137.03
2023-02-04 15:00:00,141.61,438.0,9626.0,54000.0,61751.0,8.6515,89.99113,102.0,150.04
2023-02-04 16:00:00,155.36,192.0,9724.5,51850.0,61956.0,8.9515,88.48842,114.0,154.27
2023-02-04 17:00:00,170.29,22.0,10188.0,52550.0,62845.0,8.7515,90.92634,150.0,164.93
2023-02-04 18:00:00,184.16,0.0,10618.5,57500.0,64695.0,7.9515,94.68908,197.0,180.9
2023-02-04 19:00:00,179.96,0.0,10292.0,60250.0,64723.0,7.9014997,93.71909,278.0,178.34
2023-02-04 20:00:00,167.86,0.0,9779.5,58700.0,62689.0,7.7515,93.711784,377.0,161.19
2023-02-04 21:00:00,158.12,0.0,9378.25,56500.0,61019.0,7.4014997,95.319,436.0,148.56
2023-02-04 22:00:00,152.37,0.0,9386.0,56000.0,60520.0,6.8515,97.289154,465.0,145.27
2023-02-04 23:00:00,136.57,0.0,9339.0,58850.0,60119.0,6.6015,97.61971,507.0,157.99
2023-02-05 00:00:00,152.83,0.0,8849.0,56800.0,58022.0,6.5515,96.947685,606.0,167.45
2023-02-05 01:00:00,143.63,0.0,8457.75,54700.0,54750.0,6.8515,95.95823,659.0,149.42
2023-02-05 02:00:00,145.96,0.0,8185.0,54250.0,53408.0,6.9014997,93.99436,801.0,162.71
2023-02-05 03:00:00,130.68,0.0,7956.75,51400.0,52076.0,6.8515,90.47958,1214.0,127.87
2023-02-05 04:00:00,115.67,0.0,7741.5,49500.0,51406.0,6.7515,88.29646,1770.0,123.87
2023-02-05 05:00:00,113.17,0.0,7860.5,49400.0,51131.0,6.0515,92.012405,2332.0,124.15
2023-02-05 06:00:00,114.04,0.0,8066.25,50450.0,51553.0,6.1514997,91.0616,2696.0,132.37
2023-02-05 07:00:00,115.54,0.0,8345.25,52050.0,51990.0,6.3015,92.99257,3052.0,133.2
2023-02-05 08:00:00,122.41,62.0,8798.25,53700.0,53368.0,6.8515,92.06149,3418.0,148.33
2023-02-05 09:00:00,118.88,497.0,9315.25,56250.0,55035.0,5.9014997,88.53088,3690.0,162.95
2023-02-05 10:00:00,119.19,1089.0,9673.5,58550.0,56245.0,6.2515,86.41773,3838.0,175.37
2023-02-05 11:00:00,121.4,1610.0,9956.0,59050.0,57382.0,7.1514997,78.43409,3950.0,173.21
2023-02-05 12:00:00,115.41,2073.0,10059.75,59450.0,58133.0,7.8515,70.91894,3929.0,152.98
2023-02-05 13:00:00,106.72,2180.0,9817.75,56650.0,57642.0,7.1015,74.38002,3836.0,117.26
2023-02-05 14:00:00,109.47,1787.0,9544.25,53600.0,56866.0,7.8515,66.051216,3695.0,121.53
2023-02-05 15:00:00,116.27,1207.0,9430.25,52350.0,56356.0,7.8015,64.177055,3378.0,125.65
2023-02-05 16:00:00,125.61,556.0,9492.0,51200.0,56570.0,7.6514997,62.10097,2903.0,130.48
2023-02-05 17:00:00,147.72,69.0,9935.0,52250.0,59965.0,7.3015,68.57588,2529.0,156.58
2023-02-05 18:00:00,171.44,0.0,10405.75,57550.0,63098.0,6.3015,75.57139,2347.0,192.64
2023-02-05 19:00:00,180.72,0.0,10210.25,61450.0,64233.0,5.3015,80.69656,2148.0,180.32
2023-02-05 20:00:00,170.0,0.0,9769.75,60150.0,63647.0,4.5515,85.632256,1948.0,150.0
2023-02-05 21:00:00,153.67,0.0,9329.5,58150.0,62064.0,4.0015,87.42471,1777.0,138.37
2023-02-05 22:00:00,155.76,0.0,9218.75,57150.0,62187.0,3.4015,89.582085,1601.0,124.21
2023-02-05 23:00:00,144.18,0.0,9009.25,59350.0,61708.0,2.7515,91.47692,1407.0,111.5
2023-02-06 00:00:00,145.0,0.0,8501.5,57700.0,59234.0,2.2015,93.09829,1077.0,91.4
2023-02-06 01:00:00,143.73,0.0,8215.0,56100.0,58745.0,1.4015,94.068306,907.0,96.69
2023-02-06 02:00:00,145.39,0.0,7943.0,56450.0,58179.0,0.9515,95.76441,751.0,80.7
2023-02-06 03:00:00,142.09,0.0,7755.0,54500.0,57466.0,0.4515,96.795204,606.0,57.31
2023-02-06 04:00:00,140.1,0.0,7852.5,53700.0,57231.0,-0.09850001,97.84357,476.0,50.39
2023-02-06 05:00:00,148.93,0.0,8438.25,56200.0,60120.0,-0.7485,98.1905,361.0,76.36
2023-02-06 06:00:00,175.66,0.0,9607.5,61400.0,64170.0,-0.7485,98.91078,270.0,112.34
2023-02-06 07:00:00,200.65,0.0,10585.5,68250.0,69475.0,-0.9485,98.909,221.0,169.0
2023-02-06 08:00:00,213.39,71.0,11194.25,71900.0,72265.0,-1.1485,99.27028,183.0,183.99
2023-02-06 09:00:00,200.59,489.0,11414.75,72250.0,72493.0,-0.09850001,99.637695,152.0,168.9
2023-02-06 10:00:00,185.08,1192.0,11396.5,71600.0,71479.0,1.2514999,97.867096,135.0,163.0
2023-02-06 11:00:00,172.43,1823.0,11330.5,70550.0,70383.0,2.5015,96.847694,131.0,143.05
2023-02-06 12:00:00,153.62,2123.0,11062.5,69250.0,69866.0,4.0515,91.23873,145.0,132.96
2023-02-06 13:00:00,149.11,2050.0,11027.0,66050.0,69406.0,4.8015,86.26919,178.0,124.0
2023-02-06 14:00:00,152.84,1660.0,10939.75,64800.0,68738.0,5.5015,80.15261,200.0,135.58
2023-02-06 15:00:00,162.88,1034.0,10872.5,63650.0,69182.0,6.0515,75.79826,230.0,135.25
2023-02-06 16:00:00,181.8,467.0,10923.0,62400.0,69425.0,5.9014997,75.23368,252.0,155.08
2023-02-06 17:00:00,198.94,65.0,11445.0,63150.0,72041.0,5.2515,77.58301,267.0,167.5
2023-02-06 18:00:00,213.5,0.0,11797.75,68350.0,73617.0,4.5015,81.1632,293.0,227.22
2023-02-06 19:00:00,205.38,0.0,11351.75,72450.0,73740.0,4.3015,83.19507,300.0,211.7
2023-02-06 20:00:00,186.21,0.0,10728.75,69250.0,70330.0,4.2515,82.006035,296.0,167.7
2023-02-06 21:00:00,166.47,0.0,10139.25,65400.0,66961.0,2.5514998,87.91676,300.0,146.45
2023-02-06 22:00:00,157.31,0.0,10051.0,63750.0,65736.0,0.2015,93.66918,303.0,149.7
2023-02-06 23:00:00,154.0,0.0,9877.5,65500.0,64834.0,0.7515,93.696846,311.0,137.45
2023-02-07 00:00:00,145.63,0.0,9407.5,63050.0,61254.0,0.2015,94.69897,327.0,149.99
2023-02-07 01:00:00,141.99,0.0,9022.5,61050.0,61034.0,0.60150003,94.71592,315.0,130.81
2023-02-07 02:00:00,140.36,0.0,8744.75,61400.0,60779.0,0.0014999956,95.7319,293.0,129.33
2023-02-07 03:00:00,139.26,0.0,8569.25,59200.0,60293.0,-0.4985,97.12464,286.0,120.42
2023-02-07 04:00:00,141.6,0.0,8675.5,58250.0,60367.0,-1.1984999,97.46557,296.0,114.23
2023-02-07 05:00:00,145.43,0.0,9130.75,59950.0,61801.0,-1.6485,97.81606,303.0,125.02
2023-02-07 06:00:00,170.54,0.0,10154.0,64400.0,65149.0,-2.2985,97.8044,305.0,151.28
2023-02-07 07:00:00,198.03,0.0,11115.0,70100.0,71012.0,-2.9485002,97.79261,289.0,174.47
2023-02-07 08:00:00,214.16,146.0,11502.5,73100.0,72533.0,-3.5485,97.78165,283.0,183.58
2023-02-07 09:00:00,193.3,830.0,11773.5,73800.0,71775.0,-1.9985001,97.80979,250.0,177.2
2023-02-07 10:00:00,177.47,1751.0,11615.5,72900.0,68474.0,-0.2985,93.98736,165.0,174.43
2023-02-07 11:00:00,150.07,2716.0,11422.0,71600.0,67776.0,1.6515,87.19737,84.0,151.91
2023-02-07 12:00:00,148.97,3439.0,11182.75,70050.0,66992.0,3.3515,74.785835,47.0,133.4
2023-02-07 13:00:00,139.83,3571.0,11310.5,66250.0,65960.0,3.7015,76.21987,41.0,125.23
2023-02-07 14:00:00,152.78,2953.0,11152.0,64800.0,65995.0,4.6514997,70.53745,37.0,132.34
2023-02-07 15:00:00,171.86,1819.0,11085.5,63650.0,66717.0,4.9515,68.826485,42.0,129.8
2023-02-07 16:00:00,189.98,833.0,11084.25,62350.0,68659.0,4.8015,69.04581,70.0,149.16
2023-02-07 17:00:00,222.26,129.0,11442.0,62550.0,70858.0,3.5015,79.28676,145.0,166.37
2023-02-07 18:00:00,245.6,0.0,11708.75,67450.0,71925.0,-0.1485,88.6369,246.0,190.21
2023-02-07 19:00:00,229.0,0.0,11380.0,71600.0,72437.0,-0.3485,88.94642,322.0,197.2
2023-02-07 20:00:00,199.03,0.0,10880.25,68850.0,70501.0,-1.0985,89.21163,336.0,173.9
2023-02-07 21:00:00,188.18,0.0,10213.0,65500.0,67205.0,-1.9985001,90.138756,316.0,147.05
2023-02-07 22:00:00,173.31,0.0,10178.5,64600.0,65776.0,-2.6485,91.10647,279.0,138.33
2023-02-07 23:00:00,163.05,0.0,10063.75,66100.0,64821.0,-2.7485,91.44142,227.0,123.56
2023-02-08 00:00:00,160.02,0.0,9567.0,64200.0,62033.0,-3.3485,92.09096,254.0,122.62
2023-02-08 01:00:00,155.15,0.0,9185.25,62500.0,61379.0,-2.6485,90.42632,222.0,119.3
2023-02-08 02:00:00,150.0,0.0,8863.5,62850.0,60502.0,-3.6985002,92.416725,188.0,109.02
2023-02-08 03:00:00,147.96,0.0,8774.0,61150.0,60403.0,-3.5485,91.04242,161.0,88.72
2023-02-08 04:00:00,145.97,0.0,8809.0,60600.0,60165.0,-3.4985,88.001465,145.0,83.85
2023-02-08 05:00:00,149.31,0.0,9294.75,62450.0,60879.0,-3.6485,86.662056,124.0,109.53
2023-02-08 06:00:00,175.69,0.0,10383.75,66900.0,64241.0,-4.1485,87.27267,111.0,125.38
2023-02-08 07:00:00,196.64,0.0,11346.5,73000.0,68705.0,-4.1985,87.26769,122.0,173.68
2023-02-08 08:00:00,216.1,185.0,11769.0,76200.0,70284.0,-3.7485,85.343216,175.0,188.11
2023-02-08 09:00:00,180.95,1020.0,11914.75,77200.0,68861.0,-2.1985002,76.92934,262.0,194.25
2023-02-08 10:00:00,152.7,2157.0,11795.75,76000.0,67526.0,0.5015,72.352715,282.0,178.99
2023-02-08 11:00:00,125.3,3102.0,11791.0,74300.0,66319.0,2.8515,66.8794,228.0,165.76
2023-02-08 12:00:00,127.35,3688.0,11483.25,72400.0,66177.0,4.8015,58.097244,166.0,145.1
2023-02-08 13:00:00,130.75,3642.0,11272.0,68400.0,65618.0,6.0515,42.846054,126.0,125.0
2023-02-08 14:00:00,131.27,2944.0,11015.5,66650.0,64888.0,6.6514997,41.111595,104.0,134.32
2023-02-08 15:00:00,140.65,1839.0,11019.5,65550.0,64140.0,6.8515,42.760345,90.0,140.0
2023-02-08 16:00:00,157.43,858.0,11010.5,63600.0,64385.0,6.5015,46.346664,111.0,141.91
2023-02-08 17:00:00,183.99,134.0,11430.0,63800.0,65839.0,4.4014997,64.32432,209.0,167.62
2023-02-08 18:00:00,192.45,0.0,11667.0,69100.0,67430.0,1.3015001,71.435486,391.0,197.74
2023-02-08 19:00:00,222.55,0.0,11304.75,73500.0,68481.0,0.7015,72.662605,649.0,183.6
2023-02-08 20:00:00,165.08,0.0,10780.75,71300.0,65279.0,0.2515,72.03323,946.0,202.1
2023-02-08 21:00:00,153.37,0.0,10349.25,68350.0,62826.0,0.1015,66.26303,1212.0,140.35
2023-02-08 22:00:00,165.8,0.0,10290.5,66850.0,63617.0,-0.1985,60.623978,1422.0,163.23
2023-02-08 23:00:00,160.2,0.0,10079.25,68400.0,62708.0,-0.84849995,64.54626,1629.0,127.11
2023-02-09 00:00:00,125.0,0.0,9518.0,67950.0,61481.0,-1.1984999,66.21976,1167.0,119.2
2023-02-09 01:00:00,121.56,0.0,9192.5,66000.0,60472.0,-1.1485,63.246574,1305.0,120.18
2023-02-09 02:00:00,129.66,0.0,8880.25,66350.0,60140.0,-1.4985001,65.39219,1443.0,113.84
2023-02-09 03:00:00,126.53,0.0,8787.75,64550.0,59938.0,-2.0485,69.148735,1473.0,107.72
2023-02-09 04:00:00,118.8,0.0,8830.75,63550.0,59894.0,-2.0985,70.20844,1392.0,106.38
2023-02-09 05:00:00,132.03,0.0,9311.25,64650.0,60325.0,-1.9485002,70.239655,1262.0,115.59
2023-02-09 06:00:00,150.0,0.0,10365.5,69400.0,64022.0,-1.9485002,70.77992,1161.0,129.67
2023-02-09 07:00:00,188.56,0.0,11386.5,75800.0,67561.0,-2.2985,73.47077,1065.0,157.03
2023-02-09 08:00:00,210.67,152.0,11867.5,78550.0,70403.0,-2.3485,74.59331,978.0,176.62
2023-02-09 09:00:00,132.0,828.0,12016.25,79100.0,71531.0,-1.6485,74.155495,942.0,178.2
2023-02-09 10:00:00,126.9,1738.0,11952.25,77050.0,70168.0,0.0014999956,72.80074,779.0,170.09
2023-02-09 11:00:00,124.97,2464.0,11956.25,74800.0,68335.0,1.9015,69.71837,567.0,167.21
2023-02-09 12:00:00,146.2,2674.0,11643.5,72750.0,66834.0,3.4515,66.519,450.0,156.86
2023-02-09 13:00:00,143.93,2227.0,11473.5,69150.0,66315.0,4.7015,64.15801,352.0,152.74
2023-02-09 14:00:00,150.0,1464.0,11279.5,67850.0,65909.0,5.4515,66.717476,288.0,161.44
2023-02-09 15:00:00,162.58,824.0,11178.5,65850.0,64904.0,5.6015,69.46259,262.0,163.39
2023-02-09 16:00:00,165.35,356.0,11180.75,64400.0,64828.0,5.6015,71.495964,281.0,167.28
2023-02-09 17:00:00,173.68,51.0,11614.0,64850.0,65606.0,4.9014997,76.696594,294.0,178.17
2023-02-09 18:00:00,166.63,0.0,11979.0,70250.0,69933.0,4.4014997,78.56966,299.0,183.12
2023-02-09 19:00:00,209.7,0.0,11618.75,74300.0,70457.0,4.6015,77.75789,284.0,176.98
2023-02-09 20:00:00,184.77,0.0,11004.75,71750.0,68702.0,4.6015,77.47881,274.0,155.73
2023-02-09 21:00:00,166.47,0.0,10453.25,68400.0,65495.0,4.0015,80.513,291.0,151.37
2023-02-09 22:00:00,159.58,0.0,10395.25,66500.0,64544.0,3.5015,85.21214,319.0,141.19
2023-02-09 23:00:00,152.17,0.0,10190.5,68600.0,63362.0,3.1515,90.20505,353.0,125.39
2023-02-10 00:00:00,159.75,0.0,9705.25,67300.0,61298.0,1.1515,95.7712,263.0,120.53
2023-02-10 01:00:00,129.4,0.0,9293.5,65350.0,60331.0,0.3015,97.49635,257.0,117.1
2023-02-10 02:00:00,137.51,0.0,9009.0,65550.0,60241.0,-0.4985,98.91301,269.0,112.01
2023-02-10 03:00:00,133.36,0.0,8844.25,63350.0,59925.0,-0.7485,99.63575,329.0,101.73
2023-02-10 04:00:00,133.04,0.0,8857.75,62400.0,59898.0,-0.0485,99.63784,392.0,103.01
2023-02-10 05:00:00,139.25,0.0,9277.25,64200.0,60452.0,-0.09850001,99.27655,405.0,104.91
2023-02-10 06:00:00,156.43,0.0,10190.25,68900.0,64487.0,0.5015,99.63947,424.0,119.62
2023-02-10 07:00:00,186.13,0.0,11135.75,74800.0,69227.0,2.0015,97.53056,474.0,164.08
2023-02-10 08:00:00,199.73,62.0,11572.5,77850.0,72028.0,3.0514998,97.897865,530.0,173.38
2023-02-10 09:00:00,180.0,335.0,11738.25,78300.0,73046.0,4.0015,96.88528,593.0,166.6
2023-02-10 10:00:00,157.87,767.0,11657.25,76650.0,69966.0,5.0015,94.56532,688.0,173.8
2023-02-10 11:00:00,150.0,1263.0,11684.25,75050.0,68952.0,5.7015,91.66975,761.0,159.94
2023-02-10 12:00:00,127.7,1658.0,11368.25,73450.0,67195.0,6.2515,88.25219,844.0,135.15
2023-02-10 13:00:00,123.46,1731.0,11260.25,69400.0,64944.0,6.8515,83.21605,988.0,132.91
2023-02-10 14:00:00,120.73,1483.0,11035.0,67100.0,64470.0,7.0015,83.526215,1101.0,139.07
2023-02-10 15:00:00,130.2,962.0,10897.25,65450.0,64118.0,6.9515,83.52017,1181.0,143.08
2023-02-10 16:00:00,150.8,465.0,10790.25,62900.0,64898.0,7.0015,83.818855,1302.0,140.0
2023-02-10 17:00:00,161.53,77.0,11168.25,63500.0,65329.0,6.9014997,85.583084,1506.0,155.26
2023-02-10 18:00:00,176.97,0.0,11475.75,68650.0,68172.0,6.2515,88.56126,1842.0,175.19
2023-02-10 19:00:00,164.43,0.0,11092.25,72450.0,69168.0,6.5515,86.75092,2166.0,177.03
2023-02-10 20:00:00,148.94,0.0,10535.5,70200.0,67511.0,6.5515,85.84548,2403.0,173.73
2023-02-10 21:00:00,133.32,0.0,10046.5,67500.0,66082.0,6.1514997,83.7173,2481.0,164.2
2023-02-10 22:00:00,132.74,0.0,10053.25,66150.0,65391.0,6.2515,79.412704,2413.0,148.04
2023-02-10 23:00:00,150.12,0.0,9937.75,68350.0,63693.0,5.8015,80.76651,2371.0,142.3
2023-02-11 00:00:00,158.3,0.0,9433.75,65900.0,60399.0,5.4014997,83.33114,2163.0,153.15
2023-02-11 01:00:00,128.67,0.0,8943.75,63750.0,59447.0,3.8014998,90.89818,2089.0,153.25
2023-02-11 02:00:00,150.0,0.0,8644.0,63850.0,58783.0,3.4015,92.832405,1966.0,139.95
2023-02-11 03:00:00,146.2,0.0,8486.5,61350.0,56983.0,3.1015,94.14767,1814.0,127.41
2023-02-11 04:00:00,135.6,0.0,8418.75,59700.0,56504.0,3.4515,93.830086,1638.0,128.45
2023-02-11 05:00:00,135.27,0.0,8511.0,59950.0,57829.0,4.2015,90.9263,1487.0,133.64
2023-02-11 06:00:00,142.76,0.0,8862.75,61300.0,58991.0,4.4014997,91.90971,1383.0,141.42
2023-02-11 07:00:00,169.19,0.0,9222.5,63250.0,60321.0,4.6514997,92.575516,1309.0,156.35
2023-02-11 08:00:00,154.23,31.0,9678.5,65250.0,60410.0,5.0015,92.92143,1249.0,164.19
2023-02-11 09:00:00,171.45,161.0,10150.0,67500.0,62559.0,5.5015,92.94892,1169.0,169.83
2023-02-11 10:00:00,161.34,321.0,10323.75,67850.0,63909.0,6.6514997,91.41266,1099.0,164.11
2023-02-11 11:00:00,164.39,435.0,10425.5,66500.0,64422.0,7.3015,90.82562,993.0,156.39
2023-02-11 12:00:00,145.43,501.0,10365.75,65100.0,62862.0,7.9515,88.707115,821.0,148.84
2023-02-11 13:00:00,134.47,530.0,10147.25,62100.0,61088.0,7.8515,88.08836,637.0,133.37
2023-02-11 14:00:00,135.1,537.0,9898.75,59400.0,59826.0,8.3515,85.44179,486.0,134.09
2023-02-11 15:00:00,129.28,428.0,9808.25,57800.0,58697.0,8.4515,84.86484,370.0,141.61
2023-02-11 16:00:00,132.33,215.0,9835.0,55400.0,57826.0,8.4515,84.86484,289.0,155.36
2023-02-11 17:00:00,154.15,38.0,10230.75,56550.0,59253.0,8.2515,87.218155,255.0,170.29
2023-02-11 18:00:00,190.01,0.0,10705.75,62500.0,62455.0,7.6015,91.160286,255.0,184.16
2023-02-11 19:00:00,196.24,0.0,10372.0,66750.0,63881.0,7.3515,92.41007,257.0,179.96
2023-02-11 20:00:00,164.3,0.0,9853.75,65600.0,62356.0,7.2015,93.04118,250.0,167.86
2023-02-11 21:00:00,148.0,0.0,9447.0,63400.0,60463.0,7.0015,94.32385,223.0,158.12
2023-02-11 22:00:00,149.36,0.0,9400.5,62550.0,59544.0,6.8515,94.970634,187.0,152.37
2023-02-11 23:00:00,155.83,0.0,9357.5,65200.0,60444.0,6.5015,96.61234,160.0,136.57
2023-02-12 00:00:00,153.17,0.0,8780.75,62850.0,58374.0,6.5515,95.28778,16.0,152.83
2023-02-12 01:00:00,139.8,0.0,8329.5,61050.0,57398.0,6.4515,94.95489,9.0,143.63
2023-02-12 02:00:00,132.24,0.0,8087.75,60950.0,55899.0,6.3515,97.27841,10.0,145.96
2023-02-12 03:00:00,127.92,0.0,7826.25,58350.0,55499.0,6.3015,95.94074,11.0,130.68
2023-02-12 04:00:00,125.45,0.0,7724.25,56600.0,55577.0,6.0015,96.93438,16.0,115.67
2023-02-12 05:00:00,128.42,0.0,7831.25,56300.0,55473.0,5.7515,96.59221,22.0,113.17
2023-02-12 06:00:00,128.64,0.0,8033.0,57050.0,56062.0,5.9014997,95.59531,24.0,114.04
2023-02-12 07:00:00,147.19,0.0,8302.0,58400.0,55887.0,5.7015,95.588356,23.0,115.54
2023-02-12 08:00:00,149.4,55.0,8721.0,59900.0,56544.0,5.5515,95.58315,26.0,122.41
2023-02-12 09:00:00,154.66,275.0,9265.25,62150.0,58389.0,5.9515,93.94977,36.0,118.88
2023-02-12 10:00:00,145.56,587.0,9615.5,63900.0,59570.0,6.7515,89.534065,55.0,119.19
2023-02-12 11:00:00,140.07,921.0,9921.0,63300.0,58821.0,7.3015,79.56711,69.0,121.4
2023-02-12 12:00:00,129.89,1191.0,10081.75,61750.0,58578.0,7.9515,70.438156,69.0,115.41
2023-02-12 13:00:00,120.0,1228.0,9913.0,57800.0,57672.0,7.8515,71.67584,57.0,106.72
2023-02-12 14:00:00,120.0,1039.0,9547.25,54800.0,56730.0,8.0015,73.49712,42.0,109.47
2023-02-12 15:00:00,124.63,691.0,9223.75,53200.0,56340.0,8.1015005,74.55671,39.0,116.27
2023-02-12 16:00:00,135.16,328.0,8900.75,51750.0,56364.0,8.2515,74.32172,45.0,125.61
2023-02-12 17:00:00,158.54,59.0,8999.25,52950.0,58413.0,7.9014997,76.645996,94.0,147.72
2023-02-12 18:00:00,180.7,0.0,9802.75,59600.0,60657.0,7.4515,80.429855,188.0,171.44
2023-02-12 19:00:00,180.7,0.0,10205.0,64750.0,62040.0,6.9014997,84.98739,280.0,180.72
2023-02-12 20:00:00,178.36,0.0,9767.5,63850.0,60888.0,6.4014997,87.957726,334.0,170.0
2023-02-12 21:00:00,158.93,0.0,9285.75,62000.0,59587.0,6.5515,87.35924,368.0,153.67
2023-02-12 22:00:00,152.3,0.0,9214.5,61050.0,59076.0,6.4515,88.888145,390.0,155.76
2023-02-12 23:00:00,141.77,0.0,8998.25,63300.0,58543.0,5.9515,92.65009,415.0,144.18
2023-02-13 00:00:00,139.44,0.0,8548.25,60000.0,56793.0,4.5515,96.221436,359.0,145.0
2023-02-13 01:00:00,137.2,0.0,8224.0,58450.0,55991.0,3.2515,98.248314,382.0,143.73
2023-02-13 02:00:00,134.91,0.0,7969.5,59250.0,55637.0,2.3014998,99.290596,377.0,145.39
2023-02-13 03:00:00,129.04,0.0,7882.75,57500.0,55457.0,1.9015,98.58105,365.0,142.09
2023-02-13 04:00:00,130.9,0.0,8024.75,56750.0,55140.0,1.9514999,97.18109,365.0,140.1
2023-02-13 05:00:00,137.39,0.0,8490.5,58700.0,56360.0,1.9514999,96.142296,352.0,148.93
2023-02-13 06:00:00,163.19,0.0,9623.0,63550.0,60131.0,1.7514999,95.79149,340.0,175.66
2023-02-13 07:00:00,196.08,0.0,10662.0,70100.0,64482.0,1.3515,96.12369,338.0,200.65
2023-02-13 08:00:00,208.52,189.0,11216.75,73550.0,67573.0,0.9015,96.10964,338.0,213.39
2023-02-13 09:00:00,196.2,843.0,11508.75,74200.0,68177.0,2.4515,93.78123,317.0,200.59
2023-02-13 10:00:00,173.35,1788.0,11495.0,72400.0,66543.0,4.8015,90.01073,237.0,185.08
2023-02-13 11:00:00,148.74,2580.0,11467.0,70350.0,65661.0,7.1015,84.12409,183.0,172.43
2023-02-13 12:00:00,133.6,3122.0,11204.0,68350.0,64755.0,8.7515,79.777626,146.0,153.62
2023-02-13 13:00:00,130.43,3145.0,11067.0,64750.0,63662.0,10.1015,73.87537,99.0,149.11
2023-02-13 14:00:00,132.38,2639.0,10843.5,62850.0,62988.0,11.2015,70.829605,66.0,152.84
2023-02-13 15:00:00,143.43,1677.0,10683.0,61000.0,63249.0,11.8015,68.54614,63.0,162.88
2023-02-13 16:00:00,158.14,805.0,10670.0,58900.0,63497.0,11.8515,69.26848,91.0,181.8
2023-02-13 17:00:00,188.06,165.0,11168.5,59500.0,63861.0,10.1015,85.62806,151.0,198.94
2023-02-13 18:00:00,221.8,0.0,11630.5,65000.0,66715.0,6.7515,87.68336,250.0,213.5
2023-02-13 19:00:00,206.61,0.0,11247.25,69850.0,67086.0,5.6514997,91.34637,393.0,205.38
2023-02-13 20:00:00,187.86,0.0,10640.0,67450.0,64838.0,4.9014997,92.58995,536.0,186.21
2023-02-13 21:00:00,168.95,0.0,10015.25,63900.0,62583.0,4.4515,93.54823,635.0,166.47
2023-02-13 22:00:00,160.97,0.0,9992.25,62600.0,61093.0,4.3515,94.20501,694.0,157.31
2023-02-13 23:00:00,150.12,0.0,9747.75,64150.0,60729.0,4.2015,93.53558,738.0,154.0
2023-02-14 00:00:00,135.62,0.0,9355.0,61750.0,59688.0,3.8515,93.517815,740.0,145.63
2023-02-14 01:00:00,132.32,0.0,9030.0,60150.0,58391.0,3.8014998,92.85483,700.0,141.99
2023-02-14 02:00:00,132.16,0.0,8713.75,61000.0,58138.0,2.5514998,93.451195,639.0,140.36
2023-02-14 03:00:00,132.12,0.0,8576.5,59100.0,57983.0,2.3515,93.106445,578.0,139.26
2023-02-14 04:00:00,132.32,0.0,8600.25,58100.0,57779.0,2.2015,93.09829,508.0,141.6
2023-02-14 05:00:00,141.93,0.0,9109.25,59950.0,59122.0,1.6515,93.74174,456.0,145.43
2023-02-14 06:00:00,165.7,0.0,10163.5,64750.0,62409.0,1.3015001,93.72433,424.0,170.54
2023-02-14 07:00:00,199.99,0.0,11145.25,70900.0,67635.0,1.2014999,93.04356,411.0,198.03
2023-02-14 08:00:00,206.98,255.0,11523.0,74050.0,68645.0,1.1015,93.37566,405.0,214.16
2023-02-14 09:00:00,180.6,1101.0,11590.0,73950.0,67995.0,2.7015,90.82016,378.0,193.3
2023-02-14 10:00:00,138.26,2314.0,11485.0,72100.0,66614.0,4.9014997,87.820335,313.0,177.47
2023-02-14 11:00:00,134.95,3304.0,11299.5,70100.0,64678.0,7.1514997,81.80913,195.0,150.07
2023-02-14 12:00:00,130.62,3832.0,10993.25,67650.0,63082.0,9.2015,76.591095,133.0,148.97
2023-02-14 13:00:00,126.75,3795.0,10921.25,63250.0,62153.0,11.0515,66.28577,85.0,139.83
2023-02-14 14:00:00,126.95,3208.0,10813.0,61350.0,60829.0,12.0515,62.046703,43.0,152.78
2023-02-14 15:00:00,130.0,2091.0,10611.25,59850.0,61062.0,12.5015,60.448826,19.0,171.86
2023-02-14 16:00:00,150.0,981.0,10613.75,58150.0,62278.0,12.4015,61.48496,12.0,189.98
2023-02-14 17:00:00,180.81,209.0,11151.25,58800.0,63987.0,10.8015,76.85021,28.0,222.26
2023-02-14 18:00:00,199.99,0.0,11605.75,64100.0,66991.0,9.7515,73.81285,81.0,245.6
2023-02-14 19:00:00,192.97,0.0,11206.75,68800.0,68680.0,6.1514997,85.50243,195.0,229.0
2023-02-14 20:00:00,175.81,0.0,10640.0,66450.0,65624.0,4.2515,90.608345,339.0,199.03
2023-02-14 21:00:00,160.09,0.0,10017.0,63000.0,63234.0,3.2515,91.51006,465.0,188.18
2023-02-14 22:00:00,151.03,0.0,9965.0,61400.0,61833.0,3.0514998,91.17044,568.0,173.31
2023-02-14 23:00:00,141.73,0.0,9831.0,63300.0,61287.0,3.1515,91.83062,638.0,163.05
2023-02-15 00:00:00,134.87,0.0,9225.75,60900.0,60656.0,2.8014998,91.80827,576.0,160.02
2023-02-15 01:00:00,130.95,0.0,8838.0,59050.0,59381.0,2.9015,92.47335,614.0,155.15
2023-02-15 02:00:00,130.0,0.0,8643.25,59200.0,59312.0,1.5515001,92.72741,675.0,150.0
2023-02-15 03:00:00,130.01,0.0,8485.0,57100.0,58432.0,0.9515,92.02228,775.0,147.96
2023-02-15 04:00:00,126.56,0.0,8620.5,56200.0,58967.0,0.5015,91.99392,886.0,145.97
2023-02-15 05:00:00,134.75,0.0,9113.0,58200.0,60404.0,0.7515,90.67942,1014.0,149.31
2023-02-15 06:00:00,165.0,0.0,10198.75,62950.0,63678.0,1.1015,88.74653,1190.0,175.69
2023-02-15 07:00:00,185.0,1.0,11151.0,68500.0,67934.0,1.6515,86.88106,1348.0,196.64
2023-02-15 08:00:00,188.76,275.0,11484.25,71450.0,69229.0,1.7514999,85.9489,1435.0,216.1
2023-02-15 09:00:00,171.22,1118.0,11528.0,71750.0,67464.0,3.7515,79.89901,1506.0,180.95
2023-02-15 10:00:00,156.22,2116.0,11437.0,70250.0,66050.0,6.1015,76.34861,1520.0,152.7
2023-02-15 11:00:00,137.06,2839.0,11426.5,68550.0,65192.0,8.0015,70.69783,1387.0,125.3
2023-02-15 12:00:00,123.07,3162.0,11128.25,65650.0,64450.0,9.5015,68.06873,1322.0,127.35
2023-02-15 13:00:00,120.69,2958.0,10926.5,62350.0,63692.0,11.0015,63.112373,1326.0,130.75
2023-02-15 14:00:00,122.37,2275.0,10652.5,61200.0,63558.0,12.1015,60.35199,1331.0,131.27
2023-02-15 15:00:00,127.6,1365.0,10523.0,60000.0,62947.0,11.9515,63.11195,1388.0,140.65
2023-02-15 16:00:00,144.9,618.0,10453.5,58350.0,62472.0,11.4015,68.22738,1586.0,157.43
2023-02-15 17:00:00,159.65,117.0,11039.0,58150.0,62876.0,10.2015,72.62448,1906.0,183.99
2023-02-15 18:00:00,174.47,0.0,11424.25,62200.0,65403.0,8.4015,78.898964,2300.0,192.45
2023-02-15 19:00:00,169.53,0.0,11126.75,68100.0,66325.0,7.6015,80.45096,2603.0,222.55
2023-02-15 20:00:00,157.07,0.0,10567.75,65400.0,64936.0,6.9515,78.40338,2806.0,165.08
2023-02-15 21:00:00,142.2,0.0,10061.75,62050.0,62514.0,6.2015,78.010445,2876.0,153.37
2023-02-15 22:00:00,143.0,0.0,10013.5,60500.0,61884.0,5.4014997,80.99811,2890.0,165.8
2023-02-15 23:00:00,132.8,0.0,9770.25,61950.0,60997.0,5.1514997,84.19195,2859.0,160.2
2023-02-16 00:00:00,134.99,0.0,9169.0,60050.0,59228.0,5.0015,86.902824,2666.0,125.0
2023-02-16 01:00:00,128.56,0.0,8765.0,58000.0,59484.0,5.0515,88.45663,2574.0,121.56
2023-02-16 02:00:00,126.27,0.0,8496.5,58200.0,58187.0,4.9515,89.38951,2526.0,129.66
2023-02-16 03:00:00,126.27,0.0,8427.25,56000.0,57428.0,4.7515,89.689575,2470.0,126.53
2023-02-16 04:00:00,122.75,0.0,8436.5,55050.0,57378.0,4.5015,89.03702,2353.0,118.8
2023-02-16 05:00:00,129.14,0.0,8871.5,56550.0,58468.0,4.5015,87.7833,2312.0,132.03
2023-02-16 06:00:00,152.11,0.0,9904.75,60900.0,60110.0,4.5515,86.550316,2110.0,150.0
2023-02-16 07:00:00,168.09,0.0,10806.25,66300.0,64356.0,5.3015,82.72967,1757.0,188.56
2023-02-16 08:00:00,175.63,34.0,11215.5,68400.0,65746.0,5.5515,83.055016,1553.0,210.67
2023-02-16 09:00:00,170.94,135.0,11371.0,68400.0,65749.0,6.0515,83.70528,1559.0,132.0
2023-02-16 10:00:00,159.27,286.0,11259.0,67850.0,64693.0,6.3515,86.42789,1790.0,126.9
2023-02-16 11:00:00,147.43,443.0,11294.5,66950.0,63647.0,6.8515,88.30529,2110.0,124.97
2023-02-16 12:00:00,132.9,613.0,11015.25,65050.0,63002.0,7.7015,87.77089,2436.0,146.2
2023-02-16 13:00:00,121.24,592.0,10878.25,61950.0,62627.0,9.3015,79.85667,2711.0,143.93
2023-02-16 14:00:00,128.61,446.0,10811.25,60700.0,62226.0,9.5015,79.06279,2890.0,150.0
2023-02-16 15:00:00,135.46,263.0,10777.25,58900.0,62426.0,10.2515,77.558235,3004.0,162.58
2023-02-16 16:00:00,140.96,104.0,10827.75,57000.0,62217.0,9.7515,79.37269,3174.0,165.35
2023-02-16 17:00:00,166.33,21.0,11211.0,57350.0,62941.0,9.7015,78.54888,3400.0,173.68
2023-02-16 18:00:00,168.3,0.0,11628.25,61700.0,64833.0,9.8515,79.11455,3543.0,166.63
2023-02-16 19:00:00,163.86,0.0,11303.25,67100.0,64871.0,9.9015,82.1672,3578.0,209.7
2023-02-16 20:00:00,151.7,0.0,10668.5,64350.0,63731.0,9.9515,83.306,3590.0,184.77
2023-02-16 21:00:00,141.27,0.0,10028.5,61150.0,61769.0,10.0015,83.31204,3571.0,166.47
2023-02-16 22:00:00,132.17,0.0,9934.0,59350.0,60460.0,9.9515,84.452156,3516.0,159.58
2023-02-16 23:00:00,114.44,0.0,9724.5,61200.0,57896.0,10.1515,85.92513,3441.0,152.17
2023-02-17 00:00:00,113.99,0.0,9253.75,57150.0,53612.0,10.3515,88.308815,3415.0,159.75
2023-02-17 01:00:00,99.0,0.0,8803.5,54800.0,51347.0,10.8015,92.297485,3353.0,129.4
2023-02-17 02:00:00,93.62,0.0,8441.75,54150.0,50643.0,10.4515,92.27701,3370.0,137.51
2023-02-17 03:00:00,86.95,0.0,8297.75,51450.0,50642.0,9.8515,93.181496,3425.0,133.36
2023-02-17 04:00:00,82.22,0.0,8299.25,50100.0,50011.0,9.3515,93.7889,3496.0,133.04
2023-02-17 05:00:00,92.58,0.0,8728.25,51800.0,50703.0,9.5015,93.47914,3580.0,139.25
2023-02-17 06:00:00,105.12,0.0,9640.75,56450.0,57070.0,9.9015,92.55686,3684.0,156.43
2023-02-17 07:00:00,146.73,0.0,10637.75,61900.0,59631.0,10.2015,93.829285,3827.0,186.13
2023-02-17 08:00:00,153.54,30.0,10972.75,63950.0,61460.0,10.5515,94.16116,3965.0,199.73
2023-02-17 09:00:00,145.72,118.0,11059.5,63950.0,62757.0,10.6515,94.16566,4062.0,180.0
2023-02-17 10:00:00,149.34,248.0,11131.25,63250.0,63452.0,10.7515,92.60484,4166.0,157.87
2023-02-17 11:00:00,135.08,361.0,11192.75,62300.0,62083.0,11.6515,86.36877,4282.0,150.0
2023-02-17 12:00:00,120.0,430.0,11004.75,62000.0,60078.0,11.9515,84.67655,4347.0,127.7
2023-02-17 13:00:00,117.5,481.0,10937.25,59900.0,58649.0,12.3515,79.74751,4350.0,123.46
2023-02-17 14:00:00,120.0,446.0,10776.25,57800.0,58638.0,12.3515,75.28884,4313.0,120.73
2023-02-17 15:00:00,116.3,277.0,10669.0,55300.0,57956.0,11.9515,75.73525,4200.0,130.2
2023-02-17 16:00:00,118.2,119.0,10600.0,53350.0,57510.0,11.3015,78.788795,4045.0,150.8
2023-02-17 17:00:00,144.66,26.0,10900.0,53500.0,59423.0,10.7515,82.83739,3933.0,161.53
2023-02-17 18:00:00,151.8,0.0,11232.25,56700.0,62208.0,10.5515,85.38523,3855.0,176.97
2023-02-17 19:00:00,164.6,0.0,10835.25,61650.0,62978.0,10.5015,87.43,3696.0,164.43
2023-02-17 20:00:00,120.0,0.0,10219.0,59200.0,62143.0,10.5515,88.92499,3408.0,148.94
2023-02-17 21:00:00,118.16,0.0,9608.5,55900.0,59961.0,10.5515,90.13334,3183.0,133.32
2023-02-17 22:00:00,117.0,0.0,9565.75,54500.0,58812.0,10.4515,91.349625,2957.0,132.74
2023-02-17 23:00:00,111.1,0.0,9366.5,56850.0,57738.0,10.4015,91.65468,2786.0,150.12
2023-02-18 00:00:00,107.64,0.0,8964.0,53800.0,55444.0,10.4015,91.65468,3091.0,158.3
2023-02-18 01:00:00,109.79,0.0,8448.5,51200.0,52339.0,9.8515,92.2417,3230.0,128.67
2023-02-18 02:00:00,101.68,0.0,8159.5,50850.0,49509.0,9.7015,92.8591,3421.0,150.0
2023-02-18 03:00:00,79.51,0.0,7974.25,47950.0,47326.0,9.7515,92.23579,3596.0,146.2
2023-02-18 04:00:00,74.47,0.0,7963.25,46000.0,45177.0,9.7515,92.54833,3764.0,135.6
2023-02-18 05:00:00,72.46,0.0,8117.75,45650.0,45089.0,9.7015,94.12295,3951.0,135.27
2023-02-18 06:00:00,82.9,0.0,8439.0,46850.0,46132.0,9.7515,92.86183,4110.0,142.76
2023-02-18 07:00:00,92.46,1.0,8715.5,48750.0,48908.0,9.5015,94.113884,4216.0,169.19
2023-02-18 08:00:00,110.19,67.0,9176.5,50300.0,50459.0,9.4515,91.59432,4298.0,154.23
2023-02-18 09:00:00,124.71,248.0,9762.5,51800.0,52904.0,9.4515,90.05137,4308.0,171.45
2023-02-18 10:00:00,109.55,351.0,10024.5,52600.0,54214.0,9.9015,88.26958,4404.0,161.34
2023-02-18 11:00:00,104.68,336.0,10116.75,52800.0,54143.0,10.8515,82.849754,4450.0,164.39
2023-02-18 12:00:00,97.1,363.0,10099.0,52400.0,53520.0,10.7515,85.69636,4381.0,145.43
2023-02-18 13:00:00,83.45,406.0,9918.0,50000.0,52610.0,9.9515,85.90442,4231.0,134.47
2023-02-18 14:00:00,86.37,399.0,9643.25,48400.0,52080.0,10.2515,84.48613,4023.0,135.1
2023-02-18 15:00:00,97.01,354.0,9602.0,47400.0,51356.0,10.3015,85.0687,3832.0,129.28
2023-02-18 16:00:00,110.53,191.0,9562.0,45350.0,51809.0,10.4015,85.95096,3650.0,132.33
2023-02-18 17:00:00,129.08,42.0,9916.0,45700.0,55016.0,10.4515,87.129745,3580.0,154.15
2023-02-18 18:00:00,147.63,0.0,10390.25,50150.0,57027.0,10.4015,87.71731,3612.0,190.01
2023-02-18 19:00:00,152.33,0.0,10205.5,54600.0,57467.0,10.3515,88.01034,3638.0,196.24
2023-02-18 20:00:00,135.8,0.0,9661.5,52900.0,56452.0,10.3015,88.00588,3711.0,164.3
2023-02-18 21:00:00,120.82,0.0,9242.25,50400.0,55518.0,10.2015,88.89603,3775.0,148.0
2023-02-18 22:00:00,117.18,0.0,9158.5,49650.0,54563.0,10.2015,89.1975,3810.0,149.36
2023-02-18 23:00:00,113.8,0.0,9040.0,52450.0,52952.0,10.1515,90.103645,3862.0,155.83
2023-02-19 00:00:00,113.3,0.0,8568.25,49950.0,50623.0,10.1515,91.02203,3943.0,153.17
2023-02-19 01:00:00,107.39,0.0,8094.5,48000.0,49578.0,9.3015,93.46913,3884.0,139.8
2023-02-19 02:00:00,102.66,0.0,7835.25,47600.0,48472.0,9.5015,90.977776,3869.0,132.24
2023-02-19 03:00:00,93.0,0.0,7656.25,44950.0,47450.0,9.5015,90.977776,3836.0,127.92
2023-02-19 04:00:00,92.55,0.0,7606.25,43150.0,47255.0,9.1515,91.264015,3684.0,125.45
2023-02-19 05:00:00,97.78,0.0,7679.5,42450.0,47032.0,9.0015,89.09989,3537.0,128.42
2023-02-19 06:00:00,106.96,0.0,7856.25,43050.0,48434.0,8.8515,90.00624,3384.0,128.64
2023-02-19 07:00:00,114.5,1.0,8106.25,44150.0,48725.0,8.7015,89.3809,3240.0,147.19
2023-02-19 08:00:00,118.39,44.0,8526.25,45850.0,49629.0,8.5015,89.36489,3052.0,149.4
2023-02-19 09:00:00,118.81,158.0,9040.75,48650.0,51025.0,8.6015,88.45819,2768.0,154.66
2023-02-19 10:00:00,116.23,284.0,9341.75,50600.0,52276.0,8.7515,87.56568,2445.0,145.56
2023-02-19 11:00:00,113.94,458.0,9605.0,50800.0,53072.0,9.0515,86.105576,2209.0,140.07
2023-02-19 12:00:00,112.24,626.0,9687.5,50550.0,52833.0,9.7515,80.19643,1969.0,129.89
2023-02-19 13:00:00,111.65,737.0,9484.25,47750.0,52240.0,9.4015,79.871,1666.0,120.0
2023-02-19 14:00:00,108.76,751.0,9157.25,45300.0,51508.0,9.4515,81.54642,1328.0,120.0
2023-02-19 15:00:00,107.74,639.0,8958.5,44600.0,50995.0,9.6515,76.13545,980.0,124.63
2023-02-19 16:00:00,120.36,388.0,8822.0,42700.0,53180.0,9.1015,77.91575,791.0,135.16
2023-02-19 17:00:00,141.28,96.0,9131.5,43150.0,54464.0,8.4515,80.56988,742.0,158.54
2023-02-19 18:00:00,158.93,0.0,9908.25,48100.0,56158.0,8.0015,79.94757,825.0,180.7
2023-02-19 19:00:00,158.64,0.0,10074.25,53650.0,56883.0,7.3015,83.56242,1098.0,180.7
2023-02-19 20:00:00,149.54,0.0,9661.5,52750.0,56039.0,5.7515,91.35303,1464.0,178.36
2023-02-19 21:00:00,144.04,0.0,9188.5,50850.0,54397.0,5.2015,92.282974,1838.0,158.93
2023-02-19 22:00:00,138.58,0.0,9112.25,49800.0,54199.0,5.2515,91.64075,2219.0,152.3
2023-02-19 23:00:00,119.92,0.0,8922.0,52500.0,53760.0,5.4515,90.37706,2502.0,141.77
2023-02-20 00:00:00,94.72,0.0,8373.0,50800.0,47155.0,5.2015,93.2587,2780.0,139.44
2023-02-20 01:00:00,87.95,0.0,8081.25,49050.0,45889.0,4.8515,96.23041,2961.0,137.2
2023-02-20 02:00:00,82.9,0.0,7838.25,49500.0,45414.0,4.8015,96.90507,3110.0,134.91
2023-02-20 03:00:00,74.85,0.0,7790.75,47550.0,44996.0,5.0515,98.27342,3213.0,129.04
2023-02-20 04:00:00,72.9,0.0,7908.75,46850.0,45020.0,6.0015,96.59894,3336.0,130.9
2023-02-20 05:00:00,78.14,0.0,8423.75,49250.0,47284.0,6.7015,93.01423,3448.0,137.39
2023-02-20 06:00:00,108.28,0.0,9521.75,54650.0,52513.0,6.7015,93.01423,3517.0,163.19
2023-02-20 07:00:00,125.39,2.0,10522.25,60700.0,56142.0,6.6015,93.6555,3541.0,196.08
2023-02-20 08:00:00,135.1,88.0,10983.5,63650.0,58305.0,6.7515,93.33942,3501.0,208.52
2023-02-20 09:00:00,146.35,314.0,11185.5,64600.0,59637.0,7.2015,91.4488,3478.0,196.2
2023-02-20 10:00:00,130.92,500.0,11186.5,64000.0,60732.0,8.2015,85.13087,3431.0,173.35
2023-02-20 11:00:00,121.87,680.0,11150.25,62850.0,60919.0,8.9515,82.044655,3374.0,148.74
2023-02-20 12:00:00,110.0,893.0,10899.25,61500.0,58800.0,9.7015,79.63921,3350.0,133.6
2023-02-20 13:00:00,84.7,1052.0,10764.25,57750.0,57164.0,7.7515,82.46072,3284.0,130.43
2023-02-20 14:00:00,109.43,1045.0,10582.5,55800.0,56300.0,8.4515,80.29051,3188.0,132.38
2023-02-20 15:00:00,111.45,801.0,10372.25,54250.0,55239.0,9.3515,77.685104,3106.0,143.43
2023-02-20 16:00:00,91.1,448.0,10272.75,51900.0,55850.0,9.7515,77.212494,2920.0,158.14
2023-02-20 17:00:00,123.94,112.0,10762.5,52000.0,56105.0,9.6015,78.805275,2746.0,188.06
2023-02-20 18:00:00,139.42,1.0,11357.75,56550.0,57505.0,8.7515,83.447464,2674.0,221.8
2023-02-20 19:00:00,170.4,0.0,11067.25,62200.0,58742.0,7.6015,89.60134,2637.0,206.61
2023-02-20 20:00:00,137.51,0.0,10425.75,59400.0,58006.0,7.2515,91.45207,2624.0,187.86
2023-02-20 21:00:00,113.93,0.0,9807.5,55600.0,56702.0,7.7515,88.6901,2571.0,168.95
2023-02-20 22:00:00,113.0,0.0,9745.0,54050.0,56027.0,7.7515,88.99683,2454.0,160.97
2023-02-20 23:00:00,123.22,0.0,9520.0,56000.0,56167.0,7.6015,89.911224,2310.0,150.12
2023-02-21 00:00:00,127.71,0.0,8882.75,54650.0,54181.0,7.4515,90.83612,2011.0,135.62
2023-02-21 01:00:00,136.81,0.0,8593.25,52900.0,53939.0,6.4515,91.082146,1854.0,132.32
2023-02-21 02:00:00,123.5,0.0,8388.0,53550.0,53404.0,6.4014997,91.078735,1662.0,132.16
2023-02-21 03:00:00,112.94,0.0,8287.25,51700.0,52809.0,6.2515,91.70498,1475.0,132.12
2023-02-21 04:00:00,112.74,0.0,8308.0,50800.0,52361.0,6.0515,92.65578,1330.0,132.32
2023-02-21 05:00:00,124.89,0.0,8781.25,51450.0,53520.0,6.0015,92.976234,1212.0,141.93
2023-02-21 06:00:00,147.08,0.0,9864.0,55500.0,55176.0,5.9014997,93.29533,1035.0,165.7
2023-02-21 07:00:00,154.8,2.0,10720.0,61250.0,57172.0,5.8015,93.942696,838.0,199.99
2023-02-21 08:00:00,166.9,68.0,11070.75,63800.0,58644.0,5.8515,93.29272,670.0,206.98
2023-02-21 09:00:00,165.56,232.0,11157.75,64300.0,59729.0,6.0515,92.97896,565.0,180.6
2023-02-21 10:00:00,150.52,456.0,11077.75,63500.0,59053.0,6.5515,91.40607,513.0,138.26
2023-02-21 11:00:00,138.37,684.0,11008.25,62450.0,59641.0,7.2015,88.643105,529.0,134.95
2023-02-21 12:00:00,131.37,872.0,10759.25,60400.0,58918.0,7.7515,86.56895,585.0,130.62
2023-02-21 13:00:00,125.2,933.0,10606.25,57150.0,58255.0,7.0515,85.89807,606.0,126.75
2023-02-21 14:00:00,129.48,869.0,10493.5,55800.0,57474.0,7.6015,83.88999,544.0,126.95
2023-02-21 15:00:00,130.56,695.0,10341.0,54500.0,56271.0,7.8515,83.338425,400.0,130.0
2023-02-21 16:00:00,149.1,420.0,10295.5,53050.0,56110.0,7.8515,83.9195,221.0,150.0
2023-02-21 17:00:00,164.85,108.0,10844.0,53300.0,56796.0,7.7515,84.49277,108.0,180.81
2023-02-21 18:00:00,178.13,1.0,11419.0,58050.0,59042.0,7.3015,85.92425,61.0,199.99
2023-02-21 19:00:00,177.1,0.0,11093.0,63250.0,59813.0,4.4014997,95.20743,69.0,192.97
2023-02-21 20:00:00,170.0,0.0,10532.75,60150.0,58896.0,3.5015,97.21596,102.0,175.81
2023-02-21 21:00:00,158.8,0.0,9957.25,56200.0,56980.0,3.0514998,97.55134,170.0,160.09
2023-02-21 22:00:00,153.2,0.0,9812.0,54150.0,56477.0,2.6515,97.54345,302.0,151.03
2023-02-21 23:00:00,142.58,0.0,9632.25,55850.0,55957.0,2.3014998,97.53654,467.0,141.73
2023-02-22 00:00:00,139.9,0.0,9034.0,54550.0,56075.0,1.9015,97.528564,705.0,134.87
2023-02-22 01:00:00,127.56,0.0,8624.5,52000.0,55549.0,1.2014999,98.21903,752.0,130.95
2023-02-22 02:00:00,125.3,0.0,8302.0,51650.0,54949.0,1.4015,97.86969,752.0,130.0
2023-02-22 03:00:00,124.48,0.0,8269.5,49550.0,53671.0,1.5515001,94.75586,726.0,130.01
2023-02-22 04:00:00,125.42,0.0,8343.5,48600.0,53425.0,2.4515,85.712845,719.0,126.56
2023-02-22 05:00:00,129.24,0.0,8817.25,50050.0,55057.0,3.7515,78.75322,718.0,134.75
2023-02-22 06:00:00,153.37,0.0,9837.75,54300.0,57095.0,5.4515,79.01189,757.0,165.0
2023-02-22 07:00:00,173.13,4.0,10671.5,59250.0,59987.0,5.6015,83.94738,822.0,185.0
2023-02-22 08:00:00,176.34,172.0,10924.0,61800.0,60300.0,5.9515,85.782,872.0,188.76
2023-02-22 09:00:00,164.55,579.0,10993.5,63300.0,60187.0,6.7515,87.07401,936.0,171.22
2023-02-22 10:00:00,150.91,1091.0,10943.25,62850.0,59596.0,8.2015,86.61384,891.0,156.22
2023-02-22 11:00:00,144.93,1325.0,10883.75,62450.0,59261.0,10.5015,82.806435,819.0,137.06
2023-02-22 12:00:00,120.1,1385.0,10633.25,61750.0,58628.0,11.8015,78.329605,874.0,123.07
2023-02-22 13:00:00,131.1,1219.0,10517.0,59850.0,58344.0,10.7515,82.27581,955.0,120.69
2023-02-22 14:00:00,136.12,855.0,10360.25,58300.0,58097.0,10.9015,82.015625,950.0,122.37
2023-02-22 15:00:00,151.01,499.0,10414.5,56600.0,58008.0,10.6515,82.26309,833.0,127.6
2023-02-22 16:00:00,157.02,215.0,10439.25,55700.0,58411.0,10.6015,81.97691,696.0,144.9
2023-02-22 17:00:00,165.01,52.0,10896.5,55250.0,59404.0,10.2015,85.930305,590.0,159.65
2023-02-22 18:00:00,175.0,1.0,11329.25,58900.0,61075.0,9.5015,89.44461,531.0,174.47
2023-02-22 19:00:00,172.73,0.0,11076.0,63600.0,61203.0,9.1015,91.88412,510.0,169.53
2023-02-22 20:00:00,162.06,0.0,10492.75,60550.0,60036.0,8.8015,93.76255,528.0,157.07
2023-02-22 21:00:00,154.02,0.0,9972.5,56700.0,57956.0,8.4515,95.0329,559.0,142.2
2023-02-22 22:00:00,151.93,0.0,9866.75,54800.0,56789.0,8.1515,95.99917,567.0,143.0
2023-02-22 23:00:00,134.62,0.0,9557.5,57700.0,56334.0,8.0515,96.653366,558.0,132.8
2023-02-23 00:00:00,134.77,0.0,8847.75,54850.0,54693.0,7.8015,97.30937,281.0,134.99
2023-02-23 01:00:00,131.5,0.0,8426.25,52900.0,54041.0,7.3515,96.96687,297.0,128.56
2023-02-23 02:00:00,129.06,0.0,8201.5,53000.0,53300.0,7.2015,98.302734,309.0,126.27
2023-02-23 03:00:00,124.79,0.0,8125.25,50450.0,53541.0,7.1015,98.63905,325.0,126.27
2023-02-23 04:00:00,125.19,0.0,8141.5,49200.0,53620.0,7.0015,98.63796,365.0,122.75
2023-02-23 05:00:00,129.96,0.0,8627.0,50550.0,54029.0,6.9515,98.29937,440.0,129.14
2023-02-23 06:00:00,153.98,0.0,9648.75,54600.0,56992.0,6.7515,98.29665,477.0,152.11
2023-02-23 07:00:00,170.0,3.0,10535.0,59650.0,59463.0,6.5515,98.63309,480.0,168.09
2023-02-23 08:00:00,178.14,113.0,10948.25,61750.0,60764.0,6.1514997,99.31228,457.0,175.63
2023-02-23 09:00:00,172.57,364.0,11149.75,62900.0,60698.0,6.7015,97.95827,418.0,170.94
2023-02-23 10:00:00,161.56,642.0,11130.5,63000.0,60302.0,7.5015,95.32264,406.0,159.27
2023-02-23 11:00:00,160.0,871.0,11178.25,63100.0,60102.0,8.0015,93.72393,502.0,147.43
2023-02-23 12:00:00,147.11,1019.0,10986.75,62450.0,58668.0,8.8515,86.6783,644.0,132.9
2023-02-23 13:00:00,142.57,1059.0,10849.25,60000.0,58370.0,8.2015,88.72835,914.0,121.24
2023-02-23 14:00:00,138.77,979.0,10771.75,59100.0,57810.0,8.4515,87.237206,1231.0,128.61
2023-02-23 15:00:00,134.02,751.0,10743.5,57950.0,57579.0,8.3515,86.92776,1573.0,135.46
2023-02-23 16:00:00,138.75,428.0,10774.25,57650.0,58923.0,8.0015,86.89365,1808.0,140.96
2023-02-23 17:00:00,152.36,111.0,11097.25,57500.0,59656.0,7.9515,86.588936,1945.0,166.33
2023-02-23 18:00:00,165.22,2.0,11526.5,60750.0,61893.0,7.5515,91.156906,1883.0,168.3
2023-02-23 19:00:00,165.0,0.0,11274.75,65650.0,63123.0,7.1514997,94.33047,1697.0,163.86
2023-02-23 20:00:00,159.18,0.0,10676.5,62000.0,61881.0,6.9515,93.67272,1473.0,151.7
2023-02-23 21:00:00,151.14,0.0,10111.0,57300.0,60279.0,6.6015,95.28963,1209.0,141.27
2023-02-23 22:00:00,150.3,0.0,9931.75,55350.0,59799.0,6.5015,94.30171,924.0,132.17
2023-02-23 23:00:00,135.64,0.0,9653.25,57900.0,58709.0,6.4014997,90.446815,617.0,114.44
2023-02-24 00:00:00,133.72,0.0,9074.25,55700.0,58686.0,5.9014997,88.221054,374.0,113.99
2023-02-24 01:00:00,127.76,0.0,8604.5,53500.0,57655.0,5.5515,85.13636,255.0,99.0
2023-02-24 02:00:00,125.1,0.0,8380.75,53800.0,56858.0,5.3015,83.6148,209.0,93.62
2023-02-24 03:00:00,130.33,0.0,8285.0,51000.0,54656.0,4.9515,82.391266,236.0,86.95
2023-02-24 04:00:00,117.65,0.0,8372.0,49500.0,54147.0,4.7015,79.75117,311.0,82.22
2023-02-24 05:00:00,149.01,0.0,8887.0,51000.0,55097.0,3.9515,84.95764,446.0,92.58
2023-02-24 06:00:00,163.88,0.0,9754.0,55150.0,58398.0,2.2515,93.43566,667.0,105.12
2023-02-24 07:00:00,162.6,8.0,10602.75,60350.0,60263.0,0.7015,95.40954,983.0,146.73
2023-02-24 08:00:00,171.91,277.0,11014.75,62550.0,61203.0,0.5015,95.056366,1311.0,153.54
2023-02-24 09:00:00,169.72,878.0,11233.25,63800.0,61929.0,2.5015,88.54803,1471.0,145.72
2023-02-24 10:00:00,158.44,1561.0,11259.0,63900.0,61704.0,4.4014997,81.14942,1460.0,149.34
2023-02-24 11:00:00,161.27,1951.0,11313.5,63350.0,61583.0,5.7015,71.51544,1511.0,135.08
2023-02-24 12:00:00,142.0,1816.0,11083.5,62350.0,60803.0,6.1514997,69.32566,1633.0,120.0
2023-02-24 13:00:00,137.81,1278.0,11010.25,60450.0,60373.0,6.0015,72.86836,1731.0,117.5
2023-02-24 14:00:00,130.0,746.0,10827.5,59850.0,59787.0,5.6015,77.36235,1871.0,120.0
2023-02-24 15:00:00,120.37,363.0,10701.5,58250.0,59092.0,5.5015,82.46224,2070.0,116.3
2023-02-24 16:00:00,121.08,178.0,10690.25,56850.0,58518.0,5.9515,84.88125,2376.0,118.2
2023-02-24 17:00:00,140.0,50.0,10983.75,56700.0,58575.0,6.0015,87.92129,2612.0,144.66
2023-02-24 18:00:00,146.4,1.0,11307.75,59350.0,59766.0,6.2515,88.871284,2757.0,151.8
2023-02-24 19:00:00,131.28,0.0,11036.25,63200.0,61716.0,5.1514997,91.95664,2810.0,164.6
2023-02-24 20:00:00,171.8,0.0,10457.75,60400.0,61398.0,4.4515,92.89102,2805.0,120.0
2023-02-24 21:00:00,135.33,0.0,9885.5,56700.0,58053.0,4.7515,90.64447,2750.0,118.16
2023-02-24 22:00:00,142.77,0.0,9870.25,55400.0,57080.0,3.8515,93.517815,2676.0,117.0
2023-02-24 23:00:00,127.47,0.0,9699.75,58200.0,56485.0,3.5015,93.49998,2630.0,111.1
2023-02-25 00:00:00,139.23,0.0,9043.0,55200.0,55017.0,3.0514998,93.14431,2682.0,107.64
2023-02-25 01:00:00,131.2,0.0,8663.5,53150.0,54402.0,2.8515,92.80144,2695.0,109.79
2023-02-25 02:00:00,127.83,0.0,8370.75,53100.0,52751.0,2.5514998,93.117294,2705.0,101.68
2023-02-25 03:00:00,119.24,0.0,8194.0,50600.0,51609.0,2.4515,92.77878,2672.0,79.51
2023-02-25 04:00:00,111.49,0.0,8154.75,48800.0,51092.0,2.0015,92.087875,2648.0,74.47
2023-02-25 05:00:00,119.07,0.0,8236.25,48650.0,51154.0,2.8515,87.00057,2673.0,72.46
2023-02-25 06:00:00,112.06,0.0,8569.25,49900.0,51888.0,2.3014998,88.53041,2723.0,82.9
2023-02-25 07:00:00,121.49,13.0,8852.75,51800.0,53500.0,2.6515,84.810135,2716.0,92.46
2023-02-25 08:00:00,130.34,366.0,9308.25,53850.0,54800.0,3.0514998,82.44045,2669.0,110.19
2023-02-25 09:00:00,127.89,1114.0,9857.0,56450.0,56489.0,4.0515,79.36919,2587.0,124.71
2023-02-25 10:00:00,115.44,1880.0,10105.5,58100.0,57158.0,5.6514997,68.97274,2745.0,109.55
2023-02-25 11:00:00,106.18,2046.0,10198.25,58150.0,56501.0,6.6015,64.59676,2991.0,104.68
2023-02-25 12:00:00,102.16,2006.0,10201.75,58200.0,55967.0,6.8515,61.908882,2950.0,97.1
2023-02-25 13:00:00,88.98,1850.0,10000.0,56150.0,54867.0,5.7015,72.03167,2904.0,83.45
2023-02-25 14:00:00,91.69,1657.0,9735.25,54250.0,54785.0,6.9515,62.835888,2827.0,86.37
2023-02-25 15:00:00,105.28,1502.0,9632.25,53200.0,54439.0,6.3515,67.886086,2748.0,97.01
2023-02-25 16:00:00,108.14,1024.0,9626.5,51800.0,54218.0,6.5015,62.50188,2640.0,110.53
2023-02-25 17:00:00,128.84,302.0,9920.5,51300.0,55336.0,6.2015,56.14136,2613.0,129.08
2023-02-25 18:00:00,153.51,5.0,10385.25,54850.0,58734.0,4.9014997,57.908028,2633.0,147.63
2023-02-25 19:00:00,160.43,0.0,10263.5,59350.0,59822.0,3.5514998,63.18206,2568.0,152.33
2023-02-25 20:00:00,151.05,0.0,9768.5,58050.0,59718.0,2.6515,64.63393,2496.0,135.8
2023-02-25 21:00:00,140.44,0.0,9306.0,55850.0,58813.0,1.6015,68.11338,2324.0,120.82
2023-02-25 22:00:00,152.56,0.0,9255.5,55400.0,58786.0,0.6515,73.47198,2135.0,117.18
2023-02-25 23:00:00,140.27,0.0,9147.25,57000.0,57707.0,0.1515,78.77445,1922.0,113.8
2023-02-26 00:00:00,137.69,0.0,8667.75,55200.0,56213.0,-0.24849999,82.30866,1273.0,113.3
2023-02-26 01:00:00,126.35,0.0,8322.0,53700.0,53690.0,-0.8985,85.661705,1303.0,107.39
2023-02-26 02:00:00,120.0,0.0,8070.75,54050.0,50894.0,-1.1984999,86.91349,1463.0,102.66
2023-02-26 03:00:00,109.85,0.0,7854.0,51550.0,48131.0,-1.4985001,87.20766,1403.0,93.0
2023-02-26 04:00:00,105.93,0.0,7845.25,49850.0,47988.0,-1.3985,85.926636,1684.0,92.55
2023-02-26 05:00:00,106.37,0.0,7969.75,49700.0,48084.0,-0.8985,81.61006,2054.0,97.78
2023-02-26 06:00:00,107.04,0.0,8159.75,50450.0,48506.0,-0.6985,73.21715,2357.0,106.96
2023-02-26 07:00:00,109.54,30.0,8385.75,51300.0,49148.0,-1.1984999,70.12735,2574.0,114.5
2023-02-26 08:00:00,123.12,661.0,8784.5,52750.0,50647.0,-1.4484999,66.92922,2678.0,118.39
2023-02-26 09:00:00,123.85,1952.0,9221.0,55550.0,52406.0,-0.2985,64.923134,2529.0,118.81
2023-02-26 10:00:00,97.13,3267.0,9465.5,57600.0,53706.0,1.1515,61.89647,2561.0,116.23
2023-02-26 11:00:00,92.67,4082.0,9651.5,58400.0,55158.0,2.4015,59.458164,2717.0,113.94
2023-02-26 12:00:00,84.78,4487.0,9737.75,58800.0,55673.0,3.4515,53.151497,2752.0,112.24
2023-02-26 13:00:00,55.13,4389.0,9480.5,56250.0,54565.0,3.6515,51.424076,2874.0,111.65
2023-02-26 14:00:00,55.24,3802.0,9226.0,53850.0,53980.0,3.9515,48.843018,3019.0,108.76
2023-02-26 15:00:00,84.9,2723.0,9067.0,52750.0,53837.0,4.3515,45.889763,3140.0,107.74
2023-02-26 16:00:00,98.92,1492.0,8954.0,51450.0,53529.0,4.7015,43.764473,3132.0,120.36
2023-02-26 17:00:00,129.9,453.0,9214.5,51600.0,56437.0,4.0015,49.41807,2955.0,141.28
2023-02-26 18:00:00,153.7,9.0,9924.5,56600.0,59811.0,2.9515,54.44023,2832.0,158.93
2023-02-26 19:00:00,156.91,0.0,10015.0,62550.0,60289.0,1.8515,59.994705,2909.0,158.64
2023-02-26 20:00:00,153.64,0.0,9689.5,61750.0,59552.0,0.9015,65.448975,3025.0,149.54
2023-02-26 21:00:00,141.64,0.0,9316.0,59550.0,58606.0,0.55149996,68.14168,2971.0,144.04
2023-02-26 22:00:00,138.29,0.0,9190.25,59050.0,58719.0,1.0515001,67.485306,2886.0,138.58
2023-02-26 23:00:00,132.98,0.0,9036.5,60350.0,57806.0,0.7515,68.95851,2647.0,119.92
2023-02-27 00:00:00,122.83,0.0,8597.5,59100.0,57200.0,-0.0485,73.34026,2399.0,94.72
2023-02-27 01:00:00,133.07,0.0,8426.0,57600.0,56437.0,-0.7985,76.87446,2033.0,87.95
2023-02-27 02:00:00,132.95,0.0,8178.75,58050.0,55444.0,-1.2485001,79.4465,1671.0,82.9
2023-02-27 03:00:00,125.03,0.0,7992.75,56350.0,55295.0,-1.8485,83.02611,1336.0,74.85
2023-02-27 04:00:00,120.07,0.0,8224.0,56000.0,55231.0,-2.1485,85.202576,1108.0,72.9
2023-02-27 05:00:00,139.83,0.0,8671.5,57800.0,57193.0,-2.3485,86.79633,962.0,78.14
2023-02-27 06:00:00,163.06,0.0,9788.5,62600.0,59755.0,-2.6985002,88.40832,889.0,108.28
2023-02-27 07:00:00,186.66,36.0,10667.25,68350.0,62539.0,-2.9985,89.38528,836.0,125.39
2023-02-27 08:00:00,193.63,691.0,11195.5,71200.0,63411.0,-2.9485002,89.72636,800.0,135.1
2023-02-27 09:00:00,174.61,2007.0,11424.0,72000.0,63655.0,-1.2485001,84.98685,632.0,146.35
2023-02-27 10:00:00,149.21,3336.0,11448.0,71350.0,64276.0,0.7015,78.56825,547.0,130.92
2023-02-27 11:00:00,114.0,4170.0,11408.0,70250.0,64239.0,2.6015,70.64179,639.0,121.87
2023-02-27 12:00:00,134.84,4461.0,11078.5,69150.0,63253.0,3.9015,59.8393,879.0,110.0
2023-02-27 13:00:00,133.2,4044.0,11004.5,66600.0,62798.0,4.5515,58.248596,1203.0,84.7
2023-02-27 14:00:00,129.86,3213.0,10797.25,65450.0,62163.0,5.3015,51.11618,1469.0,109.43
2023-02-27 15:00:00,130.23,2191.0,10649.0,64000.0,61969.0,5.6514997,50.454075,1755.0,111.45
2023-02-27 16:00:00,142.39,1197.0,10610.0,62100.0,62304.0,4.9014997,56.21277,1933.0,91.1
2023-02-27 17:00:00,166.35,358.0,10999.75,61800.0,62985.0,4.7015,55.534904,2044.0,123.94
2023-02-27 18:00:00,189.88,8.0,11525.5,66300.0,64172.0,4.2015,59.03072,2207.0,139.42
2023-02-27 19:00:00,196.64,0.0,11306.75,71350.0,65058.0,3.9515,60.29891,2280.0,170.4
2023-02-27 20:00:00,174.49,0.0,10645.25,68600.0,62420.0,3.8014998,59.369728,2271.0,137.51
2023-02-27 21:00:00,160.3,0.0,10114.0,65000.0,60583.0,3.6515,59.331512,2203.0,113.93
2023-02-27 22:00:00,153.46,0.0,10060.75,63600.0,58603.0,2.3515,65.04828,2111.0,113.0
2023-02-27 23:00:00,149.46,0.0,9841.0,65000.0,57539.0,0.5015,73.169685,1914.0,123.22
2023-02-28 00:00:00,134.0,0.0,9259.0,64300.0,56591.0,-0.1985,77.55282,1891.0,127.71
2023-02-28 01:00:00,129.29,0.0,8915.0,62550.0,56007.0,-0.9485,82.2154,1568.0,136.81
2023-02-28 02:00:00,130.87,0.0,8636.0,62950.0,55284.0,-0.9485,82.2154,1329.0,123.5
2023-02-28 03:00:00,129.45,0.0,8575.25,60800.0,54436.0,-1.4484999,83.38928,1176.0,112.94
2023-02-28 04:00:00,130.66,0.0,8643.0,60050.0,54395.0,-1.9485002,83.95493,1097.0,112.74
2023-02-28 05:00:00,137.22,0.0,9184.75,61650.0,56237.0,-2.3485,84.222755,1077.0,124.89
2023-02-28 06:00:00,162.31,0.0,10160.25,66400.0,57953.0,-2.7985,85.773766,1080.0,147.08
2023-02-28 07:00:00,177.86,30.0,10989.5,71850.0,61363.0,-2.2985,82.65549,1136.0,154.8
2023-02-28 08:00:00,192.24,459.0,11431.5,74350.0,63432.0,-1.1485,77.39668,1220.0,166.9
2023-02-28 09:00:00,183.74,1288.0,11603.75,74950.0,64661.0,-0.1985,76.11559,1179.0,165.56
2023-02-28 10:00:00,159.37,2138.0,11584.5,73750.0,63152.0,0.8515,71.61324,1142.0,150.52
2023-02-28 11:00:00,122.3,2810.0,11469.5,72550.0,62701.0,1.9514999,65.68956,1090.0,138.37
2023-02-28 12:00:00,122.92,3223.0,11124.75,71300.0,61819.0,3.3014998,53.10985,979.0,131.37
2023-02-28 13:00:00,119.43,3283.0,10958.75,68700.0,59580.0,4.3515,45.889763,867.0,125.2
2023-02-28 14:00:00,121.0,3002.0,10816.0,67450.0,59034.0,4.8515,44.14569,844.0,129.48
2023-02-28 15:00:00,131.59,2399.0,10690.0,65850.0,58557.0,5.0515,42.709843,906.0,130.56
2023-02-28 16:00:00,147.71,1385.0,10668.75,64500.0,59712.0,4.7515,43.445248,995.0,149.1
2023-02-28 17:00:00,173.13,461.0,11071.75,64350.0,60344.0,4.7515,44.45462,1087.0,164.85
2023-02-28 18:00:00,193.87,12.0,11558.0,67950.0,63352.0,3.0514998,52.839172,1239.0,178.13
2023-02-28 19:00:00,192.2,0.0,11343.75,73950.0,64362.0,1.1015,61.64983,1421.0,177.1
2023-02-28 20:00:00,174.7,0.0,10733.25,70650.0,60732.0,0.8515,62.29394,1493.0,170.0
2023-02-28 21:00:00,153.02,0.0,10167.25,66900.0,58026.0,0.55149996,63.89821,1432.0,158.8
2023-02-28 22:00:00,149.63,0.0,10113.0,65000.0,57748.0,-0.09850001,67.48662,1292.0,153.2
2023-02-28 23:00:00,149.05,0.0,9922.5,67250.0,56914.0,-0.8985,72.35277,1161.0,142.58
2023-03-01 00:00:00,123.8,0.0,9469.5,66000.0,55762.0,-1.5485001,76.74786,1147.0,139.9
2023-03-01 01:00:00,132.84,0.0,8992.0,64100.0,55329.0,-2.1485,80.823616,1116.0,127.56
2023-03-01 02:00:00,130.14,0.0,8768.5,64800.0,54350.0,-2.3485,83.59005,1129.0,125.3
2023-03-01 03:00:00,133.22,0.0,8677.5,62650.0,53368.0,-2.6485,86.11427,1117.0,124.48
2023-03-01 04:00:00,130.87,0.0,8787.75,61550.0,53299.0,-2.8985,87.39659,1132.0,125.42
2023-03-01 05:00:00,139.27,0.0,9232.25,63100.0,55411.0,-3.0485,88.04378,1149.0,129.24
2023-03-01 06:00:00,162.11,0.0,10219.25,67600.0,58084.0,-3.1485,88.36729,1153.0,153.37
2023-03-01 07:00:00,183.96,52.0,11042.5,72750.0,61826.0,-3.4485002,89.34744,1130.0,173.13
2023-03-01 08:00:00,186.03,734.0,11364.5,74950.0,63325.0,-3.2485,88.6924,1054.0,176.34
2023-03-01 09:00:00,159.7,1957.0,11483.5,75200.0,63798.0,-1.6485,83.9916,785.0,164.55
2023-03-01 10:00:00,115.86,3220.0,11411.25,73850.0,62722.0,0.1515,77.60994,652.0,150.91
2023-03-01 11:00:00,120.07,4017.0,11464.75,71950.0,62715.0,2.0015,71.839615,708.0,144.93
2023-03-01 12:00:00,115.79,4467.0,11290.25,70200.0,62375.0,3.4515,64.57963,773.0,120.1
2023-03-01 13:00:00,116.62,4424.0,11232.25,67900.0,61500.0,4.7515,57.654633,786.0,131.1
2023-03-01 14:00:00,114.5,3907.0,10999.5,65950.0,60124.0,5.4014997,55.10511,849.0,136.12
2023-03-01 15:00:00,123.44,3040.0,10930.0,64000.0,59779.0,5.7015,54.98158,989.0,151.01
2023-03-01 16:00:00,135.46,1680.0,10810.5,62200.0,59311.0,5.7515,54.588882,1204.0,157.02
2023-03-01 17:00:00,156.0,564.0,11098.25,62150.0,59320.0,5.3015,56.948387,1414.0,165.01
2023-03-01 18:00:00,183.27,19.0,11468.0,66850.0,62466.0,3.9515,63.51167,1633.0,175.0
2023-03-01 19:00:00,190.15,0.0,11264.5,73600.0,64093.0,2.5015,68.05417,1816.0,172.73
2023-03-01 20:00:00,167.58,0.0,10770.0,70950.0,61758.0,1.6515,70.44914,1864.0,162.06
2023-03-01 21:00:00,153.78,0.0,10297.25,67500.0,58574.0,0.7015,72.934616,1839.0,154.02
2023-03-01 22:00:00,152.02,0.0,10238.75,65650.0,57590.0,0.1015,74.19842,1805.0,151.93
2023-03-01 23:00:00,141.51,0.0,9990.75,67850.0,56262.0,-0.3485,75.520966,1773.0,134.62
2023-03-02 00:00:00,135.0,0.0,9411.0,66050.0,55116.0,-0.7485,76.59445,1879.0,134.77
2023-03-02 01:00:00,135.8,0.0,9006.5,64200.0,54968.0,-1.2985001,78.843376,1884.0,131.5
2023-03-02 02:00:00,135.94,0.0,8719.25,64950.0,53515.0,-1.3485,79.13293,1874.0,129.06
2023-03-02 03:00:00,134.28,0.0,8643.75,62800.0,52963.0,-1.5985,79.99383,1862.0,124.79
2023-03-02 04:00:00,132.07,0.0,8671.75,61600.0,52681.0,-1.7985001,80.56955,1866.0,125.19
2023-03-02 05:00:00,138.61,0.0,9174.75,63600.0,53745.0,-1.9985001,81.15086,1913.0,129.96
2023-03-02 06:00:00,164.32,0.0,10134.25,67450.0,56331.0,-2.1985002,82.04708,2012.0,153.98
2023-03-02 07:00:00,184.36,61.0,10931.75,72600.0,60375.0,-2.3985,82.330605,2083.0,170.0
2023-03-02 08:00:00,196.8,756.0,11368.75,75250.0,63296.0,-2.0985,80.52592,2107.0,178.14
2023-03-02 09:00:00,169.51,1975.0,11574.5,75550.0,64521.0,-0.39850003,76.08106,1787.0,172.57
2023-03-02 10:00:00,108.35,3224.0,11564.75,73550.0,62384.0,1.2514999,69.843704,1523.0,161.56
2023-03-02 11:00:00,123.24,3999.0,11599.25,71150.0,61454.0,3.0015,66.418625,1445.0,160.0
2023-03-02 12:00:00,105.31,4410.0,11420.5,68900.0,60424.0,4.7015,62.527985,1463.0,147.11
2023-03-02 13:00:00,100.63,4359.0,11251.25,65900.0,59692.0,6.3015,59.78098,1559.0,142.57
2023-03-02 14:00:00,90.57,3884.0,11043.0,64750.0,58573.0,7.3515,57.691788,1695.0,138.77
2023-03-02 15:00:00,114.91,3042.0,10936.0,63700.0,57667.0,8.0515,56.217678,1875.0,134.02
2023-03-02 16:00:00,141.28,1699.0,10861.25,61950.0,57316.0,8.3515,56.296272,2034.0,138.75
2023-03-02 17:00:00,166.38,577.0,11056.25,62000.0,57929.0,7.9515,59.32894,2214.0,152.36
2023-03-02 18:00:00,184.91,21.0,11456.75,67450.0,61151.0,6.3015,67.38799,2471.0,165.22
2023-03-02 19:00:00,154.0,0.0,11277.0,73250.0,63383.0,4.5015,76.35458,2660.0,165.0
2023-03-02 20:00:00,150.0,0.0,10701.5,70500.0,61465.0,3.7515,81.35198,2637.0,159.18
2023-03-02 21:00:00,157.64,0.0,10180.5,66950.0,57940.0,3.1015,89.23786,2437.0,151.14
2023-03-02 22:00:00,144.51,0.0,10062.5,65300.0,56737.0,2.5015,92.78162,2187.0,150.3
2023-03-02 23:00:00,140.93,0.0,9819.25,67150.0,55819.0,1.8515,93.75165,1932.0,135.64
2023-03-03 00:00:00,141.33,0.0,9387.0,63750.0,55465.0,1.1015,94.73699,1660.0,133.72
2023-03-03 01:00:00,132.25,0.0,8938.25,62100.0,54686.0,0.7515,94.37936,1585.0,127.76
2023-03-03 02:00:00,132.31,0.0,8644.0,63000.0,53991.0,0.3015,94.70322,1533.0,125.1
2023-03-03 03:00:00,138.3,0.0,8557.75,60950.0,53687.0,-0.1985,95.0285,1459.0,130.33
2023-03-03 04:00:00,130.83,0.0,8668.25,60100.0,52894.0,-0.6985,96.05906,1459.0,117.65
2023-03-03 05:00:00,142.73,0.0,9109.25,62000.0,54559.0,-0.8985,96.75992,1503.0,149.01
2023-03-03 06:00:00,162.19,0.0,10057.0,66450.0,56990.0,-0.99850005,97.46971,1456.0,163.88
2023-03-03 07:00:00,187.03,23.0,10825.75,71900.0,59878.0,-0.6985,98.911224,1314.0,162.6
2023-03-03 08:00:00,204.95,244.0,11213.5,74150.0,62926.0,-0.4985,98.91301,1134.0,171.91
2023-03-03 09:00:00,168.43,621.0,11414.5,74250.0,64113.0,-0.3485,98.19641,933.0,169.72
2023-03-03 10:00:00,148.14,1151.0,11388.5,72250.0,63672.0,0.3015,93.674225,753.0,158.44
2023-03-03 11:00:00,148.04,1791.0,11347.75,70050.0,61135.0,1.9514999,86.59646,685.0,161.27
2023-03-03 12:00:00,116.6,2359.0,11130.0,67900.0,60664.0,3.2015,82.45995,659.0,142.0
2023-03-03 13:00:00,118.59,2534.0,10968.75,64450.0,59486.0,2.8014998,80.92703,660.0,137.81
2023-03-03 14:00:00,123.24,2336.0,10742.25,62350.0,58110.0,3.6515,78.17011,759.0,130.0
2023-03-03 15:00:00,134.3,1822.0,10606.0,60150.0,56365.0,4.3015,76.04586,766.0,120.37
2023-03-03 16:00:00,134.12,1043.0,10568.25,58550.0,55220.0,4.8015,73.96707,867.0,121.08
2023-03-03 17:00:00,156.2,359.0,10758.5,58050.0,56987.0,5.2515,71.686,977.0,140.0
2023-03-03 18:00:00,165.0,15.0,11034.25,62000.0,58015.0,5.2515,72.72766,1087.0,146.4
2023-03-03 19:00:00,169.83,0.0,10885.5,68250.0,59041.0,4.1015,81.69251,1186.0,131.28
2023-03-03 20:00:00,145.34,0.0,10339.25,66150.0,58239.0,3.8014998,82.537636,1245.0,171.8
2023-03-03 21:00:00,140.0,0.0,9868.5,63250.0,56564.0,3.7515,82.82834,1276.0,135.33
2023-03-03 22:00:00,144.72,0.0,9802.0,62000.0,55301.0,3.8515,83.737595,1288.0,142.77
2023-03-03 23:00:00,140.58,0.0,9666.75,64750.0,54848.0,3.7515,84.32836,1231.0,127.47
2023-03-04 00:00:00,134.2,0.0,9150.25,62300.0,52389.0,3.3014998,85.49663,1176.0,139.23
2023-03-04 01:00:00,119.81,0.0,8796.0,60250.0,50919.0,1.6515,88.152435,1115.0,131.2
2023-03-04 02:00:00,121.18,0.0,8505.25,59800.0,50873.0,1.4514999,86.86098,1025.0,127.83
2023-03-04 03:00:00,117.86,0.0,8286.25,57150.0,50568.0,0.5015,90.33064,986.0,119.24
2023-03-04 04:00:00,118.26,0.0,8274.5,55300.0,50344.0,2.0515,82.9117,941.0,111.49
2023-03-04 05:00:00,118.06,0.0,8395.0,55850.0,50560.0,1.7014999,88.15699,926.0,119.07
2023-03-04 06:00:00,114.86,0.0,8791.5,57250.0,51577.0,2.4015,84.781525,967.0,112.06
2023-03-04 07:00:00,115.0,24.0,9045.75,59200.0,52054.0,3.3014998,87.35762,1004.0,121.49
2023-03-04 08:00:00,159.5,232.0,9471.5,61150.0,52879.0,3.8515,84.946365,977.0,130.34
2023-03-04 09:00:00,164.0,571.0,9892.5,63450.0,54651.0,4.7515,81.19758,913.0,127.89
2023-03-04 10:00:00,145.58,984.0,10025.0,63700.0,55845.0,5.0015,82.691505,952.0,115.44
2023-03-04 11:00:00,143.0,1221.0,10030.25,62900.0,55610.0,6.0515,78.26442,1074.0,106.18
2023-03-04 12:00:00,139.4,1157.0,9968.0,62200.0,54505.0,6.6514997,75.363266,1214.0,102.16
2023-03-04 13:00:00,118.65,1002.0,9862.25,58000.0,53504.0,6.7515,71.20879,1349.0,88.98
2023-03-04 14:00:00,108.21,846.0,9587.5,55150.0,52642.0,6.7515,73.26834,1494.0,91.69
2023-03-04 15:00:00,121.09,685.0,9457.75,53800.0,51831.0,6.9515,75.41483,1556.0,105.28
2023-03-04 16:00:00,112.19,454.0,9440.5,52500.0,50915.0,6.7515,80.33097,1585.0,108.14
2023-03-04 17:00:00,140.0,161.0,9754.5,52750.0,52270.0,6.8515,80.34515,1491.0,128.84
2023-03-04 18:00:00,159.35,9.0,10255.0,57050.0,53827.0,6.5515,82.30672,1407.0,153.51
2023-03-04 19:00:00,176.55,0.0,10283.0,63300.0,55676.0,6.0015,84.58857,1328.0,160.43
2023-03-04 20:00:00,171.49,0.0,9806.25,61700.0,55027.0,5.8015,87.90304,1205.0,151.05
2023-03-04 21:00:00,132.09,0.0,9344.25,59100.0,54043.0,5.1015,91.63106,1089.0,140.44
2023-03-04 22:00:00,143.96,0.0,9278.0,58300.0,53393.0,4.6015,91.5986,929.0,152.56
2023-03-04 23:00:00,137.37,0.0,9196.25,61250.0,52277.0,4.4014997,90.94032,740.0,140.27
2023-03-05 00:00:00,140.44,0.0,8712.0,59850.0,51978.0,4.1515,91.89399,497.0,137.69
2023-03-05 01:00:00,131.1,0.0,8382.0,57950.0,51740.0,4.2515,86.828445,423.0,126.35
2023-03-05 02:00:00,136.96,0.0,8048.25,57600.0,51148.0,4.0515,87.4295,387.0,120.0
2023-03-05 03:00:00,127.47,0.0,7926.0,54950.0,49956.0,3.7015,89.287384,374.0,109.85
2023-03-05 04:00:00,130.65,0.0,7946.0,53350.0,49798.0,3.3515,91.51666,377.0,105.93
2023-03-05 05:00:00,129.66,0.0,7966.5,53000.0,49666.0,3.2515,92.82399,440.0,106.37
2023-03-05 06:00:00,131.83,0.0,8157.0,54100.0,49938.0,3.1515,94.14996,527.0,107.04
2023-03-05 07:00:00,118.38,22.0,8374.25,55000.0,50078.0,3.1015,95.157845,592.0,109.54
2023-03-05 08:00:00,151.7,188.0,8748.5,56400.0,51037.0,3.2515,94.489876,565.0,123.12
2023-03-05 09:00:00,154.18,433.0,9180.25,58500.0,53065.0,3.8515,89.618095,482.0,123.85
2023-03-05 10:00:00,125.57,676.0,9496.5,59300.0,54403.0,4.3515,86.53001,371.0,97.13
2023-03-05 11:00:00,124.82,899.0,9674.25,59800.0,54814.0,3.8515,89.618095,281.0,92.67
2023-03-05 12:00:00,116.93,1015.0,9725.0,60850.0,53906.0,4.1515,88.37723,223.0,84.78
2023-03-05 13:00:00,144.42,1017.0,9443.5,58850.0,52786.0,4.5015,80.87309,192.0,55.13
2023-03-05 14:00:00,117.29,930.0,9164.5,56250.0,51678.0,5.0515,78.95143,185.0,55.24
2023-03-05 15:00:00,128.0,734.0,9028.75,55000.0,50956.0,5.0515,79.80239,178.0,84.9
2023-03-05 16:00:00,134.66,445.0,8898.5,53350.0,50351.0,4.4515,84.109505,161.0,98.92
2023-03-05 17:00:00,145.14,157.0,9238.25,53050.0,51562.0,4.1015,85.58364,148.0,129.9
2023-03-05 18:00:00,170.0,11.0,10007.5,56900.0,53719.0,3.7515,87.71344,140.0,153.7
2023-03-05 19:00:00,179.12,0.0,10209.0,64000.0,56771.0,3.4515,88.948494,128.0,156.91
2023-03-05 20:00:00,167.59,0.0,9808.5,63700.0,55808.0,3.1515,90.20505,108.0,153.64
2023-03-05 21:00:00,154.01,0.0,9440.5,60650.0,53126.0,2.9015,91.48688,103.0,141.64
2023-03-05 22:00:00,144.82,0.0,9294.5,58800.0,51906.0,2.5514998,93.451195,122.0,138.29
2023-03-05 23:00:00,132.57,0.0,9111.5,61000.0,51068.0,2.7515,90.82374,159.0,132.98
2023-03-06 00:00:00,139.04,0.0,8585.25,59800.0,50195.0,2.6015,88.87607,183.0,122.83
2023-03-06 01:00:00,132.11,0.0,8402.75,58350.0,49326.0,2.0515,90.77359,184.0,133.07
2023-03-06 02:00:00,125.9,0.0,8109.5,59100.0,48821.0,1.9015,91.750374,195.0,132.95
2023-03-06 03:00:00,124.67,0.0,8004.0,57150.0,48018.0,1.8515,92.41105,225.0,125.03
2023-03-06 04:00:00,126.1,0.0,8081.5,55900.0,47866.0,1.9514999,92.08478,247.0,120.07
2023-03-06 05:00:00,136.02,0.0,8633.75,57700.0,49325.0,1.6515,93.404465,261.0,139.83
2023-03-06 06:00:00,159.8,0.0,9722.25,63300.0,53593.0,1.0515001,95.42239,263.0,163.06
2023-03-06 07:00:00,185.0,49.0,10570.5,69350.0,58002.0,1.4015,94.068306,242.0,186.66
2023-03-06 08:00:00,217.09,429.0,10985.75,72000.0,60905.0,1.6015,92.73027,228.0,193.63
2023-03-06 09:00:00,189.87,1036.0,11202.75,72750.0,62076.0,2.2015,89.808395,237.0,174.61
2023-03-06 10:00:00,170.26,1613.0,11248.25,71900.0,60656.0,3.4015,85.815025,275.0,149.21
2023-03-06 11:00:00,160.84,1783.0,11217.0,70750.0,59145.0,4.5015,77.18435,396.0,114.0
2023-03-06 12:00:00,149.81,1751.0,10935.75,69550.0,58860.0,5.3015,70.92337,591.0,134.84
2023-03-06 13:00:00,144.86,1604.0,10777.25,66700.0,58859.0,5.4014997,70.94318,817.0,133.2
2023-03-06 14:00:00,142.11,1448.0,10623.5,65750.0,58456.0,6.2515,64.51649,1133.0,129.86
2023-03-06 15:00:00,143.26,1198.0,10512.75,64650.0,57824.0,6.4515,60.69751,1472.0,130.23
2023-03-06 16:00:00,148.63,754.0,10482.25,62850.0,57292.0,6.4515,57.03921,1768.0,142.39
2023-03-06 17:00:00,160.25,278.0,10940.0,62600.0,57507.0,6.2515,54.723793,1888.0,166.35
2023-03-06 18:00:00,183.3,17.0,11507.5,67250.0,58615.0,5.9014997,55.649284,1988.0,189.88
2023-03-06 19:00:00,188.34,0.0,11420.0,72150.0,59565.0,5.1514997,66.16746,2287.0,196.64
2023-03-06 20:00:00,160.76,0.0,10834.0,68850.0,57681.0,4.7515,79.18921,2643.0,174.49
2023-03-06 21:00:00,107.93,0.0,10254.75,64550.0,55752.0,4.8015,85.3556,3026.0,160.3
2023-03-06 22:00:00,125.83,0.0,10162.5,62400.0,54487.0,4.8015,91.6116,3355.0,153.46
2023-03-06 23:00:00,127.66,0.0,9902.75,64350.0,54016.0,4.7015,92.25296,3642.0,149.46
2023-03-07 00:00:00,100.0,0.0,9350.25,61200.0,52853.0,4.5515,92.24393,3274.0,134.0
2023-03-07 01:00:00,91.34,0.0,8898.75,59150.0,51682.0,4.6514997,90.63727,2928.0,129.29
2023-03-07 02:00:00,114.24,0.0,8625.75,59700.0,51079.0,4.6015,90.9543,2608.0,130.87
2023-03-07 03:00:00,112.88,0.0,8550.0,57600.0,50428.0,4.3015,90.61196,2314.0,129.45
2023-03-07 04:00:00,114.59,0.0,8628.5,56550.0,50333.0,4.1515,90.92279,2071.0,130.66
2023-03-07 05:00:00,115.9,0.0,9108.5,57350.0,51723.0,4.2515,90.28788,1938.0,137.22
2023-03-07 06:00:00,129.09,0.0,10077.0,61100.0,54345.0,4.3015,90.61196,1839.0,162.31
2023-03-07 07:00:00,142.48,16.0,10886.25,66600.0,57512.0,4.3515,91.259056,1757.0,177.86
2023-03-07 08:00:00,143.98,110.0,11213.5,69050.0,60675.0,4.5515,91.27257,1712.0,192.24
2023-03-07 09:00:00,160.28,240.0,11397.25,70100.0,62006.0,5.1015,90.03369,1697.0,183.74
2023-03-07 10:00:00,151.0,365.0,11359.5,68850.0,60930.0,5.2015,91.95975,1664.0,159.37
2023-03-07 11:00:00,138.08,472.0,11430.5,67100.0,58467.0,5.1514997,92.27998,1554.0,122.3
2023-03-07 12:00:00,123.57,566.0,11250.5,65150.0,57492.0,4.1515,95.8712,1438.0,122.92
2023-03-07 13:00:00,124.16,594.0,11104.25,62550.0,56753.0,2.0515,98.58276,1328.0,119.43
2023-03-07 14:00:00,127.18,518.0,10894.25,61600.0,56456.0,2.2015,97.18677,1267.0,121.0
2023-03-07 15:00:00,125.25,386.0,10838.5,60400.0,55959.0,3.1015,93.47951,1189.0,131.59
2023-03-07 16:00:00,123.12,230.0,10799.0,58750.0,55492.0,2.7515,96.16691,1023.0,147.71
2023-03-07 17:00:00,146.94,84.0,11162.25,58400.0,56021.0,2.4015,98.93842,886.0,173.13
2023-03-07 18:00:00,166.56,7.0,11729.75,62150.0,59539.0,2.1515,98.58393,811.0,193.87
2023-03-07 19:00:00,204.62,0.0,11639.5,67400.0,63039.0,2.1015,96.83755,768.0,192.2
2023-03-07 20:00:00,159.34,0.0,11102.0,64950.0,57988.0,1.9015,97.528564,692.0,174.7
2023-03-07 21:00:00,143.02,0.0,10467.25,61400.0,55260.0,1.5515001,98.931076,519.0,153.02
2023-03-07 22:00:00,135.22,0.0,10340.0,59550.0,54009.0,1.6515,98.22553,390.0,149.63
2023-03-07 23:00:00,128.14,0.0,10070.25,61650.0,53714.0,1.5515001,97.87227,278.0,149.05
2023-03-08 00:00:00,121.24,0.0,9432.25,58700.0,52948.0,1.2514999,98.21976,100.0,123.8
2023-03-08 01:00:00,118.21,0.0,9043.5,56600.0,52334.0,1.2514999,97.16513,103.0,132.84
2023-03-08 02:00:00,117.75,0.0,8804.0,56700.0,51551.0,1.5014999,95.78305,157.0,130.14
2023-03-08 03:00:00,111.0,0.0,8647.5,53950.0,51525.0,1.2514999,96.46765,320.0,133.22
2023-03-08 04:00:00,111.0,0.0,8722.5,52400.0,51645.0,1.2014999,96.11901,584.0,130.87
2023-03-08 05:00:00,118.23,0.0,9136.0,53600.0,52943.0,1.0015,95.076126,958.0,139.27
2023-03-08 06:00:00,140.68,0.0,10142.5,57400.0,56645.0,0.9015,94.72859,1447.0,162.11
2023-03-08 07:00:00,158.53,8.0,10809.25,62000.0,60299.0,0.8515,96.45625,2017.0,183.96
2023-03-08 08:00:00,173.1,50.0,11101.25,64150.0,62301.0,0.8015,97.506485,2353.0,186.03
2023-03-08 09:00:00,162.99,121.0,11317.5,64450.0,62418.0,1.0015,98.926254,2408.0,159.7
2023-03-08 10:00:00,152.95,220.0,11256.5,63750.0,62124.0,0.7515,99.640205,2332.0,115.86
2023-03-08 11:00:00,144.19,361.0,11301.0,62950.0,60732.0,1.2014999,97.86623,2166.0,120.07
2023-03-08 12:00:00,137.21,499.0,11190.75,62200.0,59929.0,2.1515,96.148476,1906.0,115.79
2023-03-08 13:00:00,135.93,506.0,11162.25,59350.0,59744.0,2.3515,93.77632,1650.0,116.62
2023-03-08 14:00:00,137.34,410.0,10974.5,58500.0,59297.0,2.8014998,91.48024,1437.0,114.5
2023-03-08 15:00:00,141.03,287.0,10936.75,57600.0,58801.0,3.2015,90.20885,1298.0,123.44
2023-03-08 16:00:00,144.45,148.0,10868.25,55850.0,58484.0,3.2515,92.82399,1233.0,135.46
2023-03-08 17:00:00,153.01,52.0,11143.0,55250.0,59444.0,3.0514998,94.81799,1280.0,156.0
2023-03-08 18:00:00,166.89,5.0,11653.75,59000.0,61408.0,2.8014998,96.855255,1436.0,183.27
2023-03-08 19:00:00,170.02,0.0,11554.75,63500.0,62310.0,2.6515,97.89109,1652.0,190.15
2023-03-08 20:00:00,153.77,0.0,11075.25,60850.0,60002.0,2.6515,98.239815,1875.0,167.58
2023-03-08 21:00:00,134.7,0.0,10534.75,57100.0,57395.0,2.5514998,99.64546,2070.0,153.78
2023-03-08 22:00:00,128.87,0.0,10364.0,55200.0,57307.0,2.7015,99.292885,2192.0,152.02
2023-03-08 23:00:00,119.0,0.0,10054.5,56850.0,56965.0,3.7015,96.87781,2265.0,141.51
2023-03-09 00:00:00,113.66,0.0,9475.75,54150.0,54029.0,4.5515,98.266495,1415.0,135.0
2023-03-09 01:00:00,111.39,0.0,8989.0,51700.0,53443.0,2.3014998,98.23484,1311.0,135.8
2023-03-09 02:00:00,111.02,0.0,8673.5,51650.0,52581.0,2.7015,97.198044,1382.0,135.94
2023-03-09 03:00:00,109.38,0.0,8527.25,49100.0,51896.0,2.8515,97.89448,1550.0,134.28
2023-03-09 04:00:00,111.22,0.0,8578.75,47150.0,52233.0,3.1515,96.86405,1660.0,132.07
2023-03-09 05:00:00,113.02,0.0,9019.25,49550.0,54520.0,3.4015,95.50741,1574.0,138.61
2023-03-09 06:00:00,137.4,0.0,10082.75,54350.0,58034.0,3.4015,95.846535,1468.0,164.32
2023-03-09 07:00:00,150.03,23.0,10795.0,58150.0,60517.0,3.6515,94.507256,1318.0,184.36
2023-03-09 08:00:00,159.06,141.0,11192.0,60450.0,62374.0,2.9515,95.15207,1085.0,196.8
2023-03-09 09:00:00,150.91,292.0,11415.75,61650.0,63189.0,3.3014998,96.86782,881.0,169.51
2023-03-09 10:00:00,142.22,414.0,11404.0,61350.0,62361.0,4.8515,95.55871,852.0,108.35
2023-03-09 11:00:00,131.72,462.0,11429.5,60600.0,62049.0,6.3015,93.31614,916.0,123.24
2023-03-09 12:00:00,121.92,498.0,11216.0,59650.0,61619.0,7.7515,94.03382,1019.0,105.31
2023-03-09 13:00:00,116.35,573.0,11109.25,56850.0,61491.0,6.9014997,95.629745,1188.0,100.63
2023-03-09 14:00:00,116.05,606.0,11008.5,55900.0,60945.0,10.8015,87.75365,1370.0,90.57
2023-03-09 15:00:00,116.85,462.0,10879.75,55050.0,60070.0,11.8015,81.85418,1488.0,114.91
2023-03-09 16:00:00,118.5,238.0,10847.25,54000.0,59576.0,12.4015,77.891815,1610.0,141.28
2023-03-09 17:00:00,134.84,87.0,11089.5,53750.0,59284.0,11.9515,76.51214,1797.0,166.38
2023-03-09 18:00:00,147.22,9.0,11552.75,57450.0,60916.0,11.0015,84.85725,2034.0,184.91
2023-03-09 19:00:00,145.01,0.0,11538.25,61900.0,61648.0,10.5015,87.1345,2234.0,154.0
2023-03-09 20:00:00,134.71,0.0,10970.5,59200.0,59855.0,10.7015,86.565926,2471.0,150.0
2023-03-09 21:00:00,125.12,0.0,10327.0,55500.0,58696.0,10.2515,90.111084,2604.0,157.64
2023-03-09 22:00:00,123.82,0.0,10104.0,53550.0,58066.0,10.4015,87.71731,2622.0,144.51
2023-03-09 23:00:00,109.7,0.0,9828.0,55050.0,58055.0,9.8015,91.30698,2566.0,140.93
2023-03-10 00:00:00,102.89,0.0,9138.25,50750.0,54528.0,10.1015,92.25643,2442.0,141.33
2023-03-10 01:00:00,100.68,0.0,8657.25,48900.0,53025.0,10.1015,88.28705,2622.0,132.25
2023-03-10 02:00:00,99.06,0.0,8362.75,49050.0,52075.0,9.8015,92.55118,2529.0,132.31
2023-03-10 03:00:00,98.84,0.0,8235.25,46400.0,50918.0,9.4515,90.358116,2261.0,138.3
2023-03-10 04:00:00,99.09,0.0,8331.5,45050.0,51427.0,9.0515,91.25737,2026.0,130.83
2023-03-10 05:00:00,105.0,0.0,8733.0,46200.0,53870.0,8.6515,91.8562,1839.0,142.73
2023-03-10 06:00:00,119.81,0.0,9657.75,50250.0,57851.0,8.2015,92.14335,1646.0,162.19
2023-03-10 07:00:00,136.93,45.0,10446.0,55050.0,60249.0,7.6514997,92.427574,1355.0,187.03
2023-03-10 08:00:00,140.91,256.0,10877.0,57400.0,61351.0,7.8015,91.48796,1120.0,204.95
2023-03-10 09:00:00,136.61,475.0,11171.25,58400.0,62251.0,8.8015,87.871124,1091.0,168.43
2023-03-10 10:00:00,131.89,658.0,11198.0,57550.0,62118.0,8.7015,88.46684,1194.0,148.14
2023-03-10 11:00:00,125.1,818.0,11280.0,56750.0,61998.0,9.2515,87.31295,1512.0,148.04
2023-03-10 12:00:00,116.39,810.0,11089.5,56400.0,61397.0,9.2515,92.83449,2271.0,116.6
2023-03-10 13:00:00,112.75,729.0,10984.5,54350.0,60884.0,8.7515,90.92634,2883.0,118.59
2023-03-10 14:00:00,114.87,541.0,10780.0,54350.0,60113.0,7.6015,85.657776,3542.0,123.24
2023-03-10 15:00:00,112.76,355.0,10643.25,54200.0,59071.0,6.3015,89.81101,3975.0,134.3
2023-03-10 16:00:00,110.17,279.0,10546.75,53400.0,58455.0,2.8515,95.14822,4335.0,134.12
2023-03-10 17:00:00,129.5,126.0,10756.5,53650.0,58139.0,2.8515,83.918724,4369.0,156.2
2023-03-10 18:00:00,135.67,14.0,11047.0,57150.0,58295.0,2.7015,84.50981,4088.0,165.0
2023-03-10 19:00:00,138.69,0.0,11010.25,61200.0,58283.0,2.1515,82.924446,3560.0,169.83
2023-03-10 20:00:00,127.44,0.0,10449.5,58950.0,55772.0,2.1515,78.21859,3108.0,145.34
2023-03-10 21:00:00,128.0,0.0,9924.75,55650.0,54190.0,1.5515001,75.01594,2779.0,140.0
2023-03-10 22:00:00,121.6,0.0,9824.25,53900.0,53332.0,0.9515,74.908936,2368.0,144.72
2023-03-10 23:00:00,120.24,0.0,9634.75,55950.0,53041.0,0.4015,78.81332,2053.0,140.58
2023-03-11 00:00:00,127.56,0.0,8901.75,55250.0,52736.0,-0.1485,83.55198,1279.0,134.2
2023-03-11 01:00:00,124.4,0.0,8410.25,52700.0,51761.0,-0.4985,81.66504,920.0,119.81
2023-03-11 02:00:00,124.08,0.0,8085.0,51550.0,50726.0,-0.99850005,84.07062,612.0,121.18
2023-03-11 03:00:00,107.98,0.0,7939.5,48900.0,49910.0,-1.0985,84.05849,376.0,117.86
2023-03-11 04:00:00,112.44,0.0,7900.75,47400.0,50324.0,-1.7485001,87.1828,227.0,118.26
2023-03-11 05:00:00,117.15,0.0,7969.5,47550.0,50812.0,-2.4485002,88.099846,140.0,118.06
2023-03-11 06:00:00,142.9,0.0,8378.5,49700.0,51510.0,-2.6485,89.75068,107.0,114.86
2023-03-11 07:00:00,145.42,131.0,8666.25,51150.0,52327.0,-2.8985,89.05802,81.0,115.0
2023-03-11 08:00:00,132.6,788.0,9162.25,53800.0,53335.0,-1.3485,86.57515,74.0,159.5
2023-03-11 09:00:00,126.64,1700.0,9627.25,56000.0,54206.0,1.2514999,82.50617,70.0,164.0
2023-03-11 10:00:00,119.35,2681.0,9760.75,56500.0,54463.0,3.6515,72.95471,61.0,145.58
2023-03-11 11:00:00,104.43,3319.0,9831.5,56100.0,53813.0,5.1015,56.05721,56.0,143.0
2023-03-11 12:00:00,102.99,3537.0,9815.5,55750.0,51146.0,5.7515,53.78457,52.0,139.4
2023-03-11 13:00:00,85.54,3511.0,9652.0,52950.0,50303.0,5.5515,55.35032,45.0,118.65
2023-03-11 14:00:00,105.84,3232.0,9438.25,51350.0,49935.0,6.2515,53.12831,39.0,108.21
2023-03-11 15:00:00,91.24,2688.0,9346.0,50650.0,49491.0,6.4515,51.248135,36.0,121.09
2023-03-11 16:00:00,109.19,1739.0,9391.25,49600.0,50580.0,6.4515,50.11735,31.0,112.19
2023-03-11 17:00:00,130.05,645.0,9692.0,49450.0,53782.0,6.2015,50.421215,36.0,140.0
2023-03-11 18:00:00,145.16,51.0,10130.0,51900.0,56710.0,5.6514997,57.888134,81.0,159.35
2023-03-11 19:00:00,175.5,0.0,10173.5,56350.0,58487.0,4.2015,63.570736,197.0,176.55
2023-03-11 20:00:00,131.6,0.0,9698.5,54850.0,57195.0,3.3014998,66.7318,382.0,171.49
2023-03-11 21:00:00,119.96,0.0,9285.25,52100.0,55251.0,2.6515,68.339264,621.0,132.09
2023-03-11 22:00:00,128.8,0.0,9258.75,51400.0,54958.0,3.5015,64.1144,838.0,143.96
2023-03-11 23:00:00,124.39,0.0,9118.5,54350.0,54570.0,2.9015,67.637886,1009.0,137.37
2023-03-12 00:00:00,121.25,0.0,8701.75,52750.0,53471.0,3.3014998,66.7318,1528.0,140.44
2023-03-12 01:00:00,101.4,0.0,8319.0,50100.0,53241.0,3.7515,64.410614,1805.0,131.1
2023-03-12 02:00:00,101.39,0.0,8025.25,48700.0,52154.0,3.3014998,74.50457,2007.0,136.96
2023-03-12 03:00:00,90.66,0.0,7914.5,45150.0,51155.0,3.5015,77.02083,2151.0,127.47
2023-03-12 04:00:00,92.06,0.0,7865.75,43250.0,50574.0,3.9515,74.620895,2256.0,130.65
2023-03-12 05:00:00,92.29,0.0,7885.0,43150.0,50485.0,4.6514997,77.208755,2451.0,129.66
2023-03-12 06:00:00,90.94,0.0,8122.0,44200.0,50637.0,5.4515,83.63295,2759.0,131.83
2023-03-12 07:00:00,89.12,29.0,8293.75,44650.0,50999.0,5.8015,91.99697,3096.0,118.38
2023-03-12 08:00:00,90.3,151.0,8691.75,46250.0,51896.0,7.1015,93.35745,3376.0,151.7
2023-03-12 09:00:00,93.78,329.0,9142.75,48600.0,52595.0,8.1515,93.41111,3469.0,154.18
2023-03-12 10:00:00,91.87,569.0,9379.0,49750.0,53218.0,8.9015,91.87172,3479.0,125.57
2023-03-12 11:00:00,87.66,917.0,9621.0,50150.0,53688.0,9.5015,89.7494,3550.0,124.82
2023-03-12 12:00:00,79.6,1421.0,9714.0,50500.0,54242.0,9.8015,88.260826,3597.0,116.93
2023-03-12 13:00:00,68.84,1821.0,9394.25,47500.0,52869.0,11.4515,73.3563,3559.0,144.42
2023-03-12 14:00:00,70.0,1968.0,9116.0,44100.0,51870.0,12.2515,67.934235,3598.0,117.29
2023-03-12 15:00:00,74.9,1655.0,8997.75,42800.0,51529.0,12.3015,64.296616,3701.0,128.0
2023-03-12 16:00:00,85.05,1101.0,9002.75,41900.0,51087.0,12.4015,63.65505,3674.0,134.66
2023-03-12 17:00:00,100.79,421.0,9360.25,41650.0,51876.0,12.0015,66.721275,3532.0,145.14
2023-03-12 18:00:00,120.06,39.0,9939.5,44300.0,54680.0,11.2515,72.56801,3411.0,170.0
2023-03-12 19:00:00,141.04,0.0,10038.25,50600.0,55505.0,10.8515,75.55118,3368.0,179.12
2023-03-12 20:00:00,129.97,0.0,9618.5,50550.0,54133.0,10.5515,72.68919,3433.0,167.59
2023-03-12 21:00:00,104.69,0.0,9243.0,48050.0,52755.0,10.7015,70.97773,3482.0,154.01
2023-03-12 22:00:00,94.93,0.0,9103.25,46800.0,52398.0,10.5515,74.467354,3585.0,144.82
2023-03-12 23:00:00,81.4,0.0,8899.25,49600.0,50236.0,10.4515,77.32354,3855.0,132.57
2023-03-13 00:00:00,46.71,0.0,8263.25,46650.0,48153.0,9.9015,87.0773,4177.0,139.04
2023-03-13 01:00:00,37.46,0.0,8057.25,44350.0,47798.0,10.5515,88.02812,4275.0,132.11
2023-03-13 02:00:00,33.43,0.0,7773.25,43750.0,46210.0,11.2015,89.87927,4364.0,125.9
2023-03-13 03:00:00,17.32,0.0,7611.75,41450.0,43821.0,11.6015,90.21067,4422.0,124.67
2023-03-13 04:00:00,9.04,0.0,7700.5,40650.0,43610.0,11.8015,90.829475,4450.0,126.1
2023-03-13 05:00:00,19.76,0.0,8274.5,42650.0,45856.0,11.9515,89.63624,4484.0,136.02
2023-03-13 06:00:00,38.49,0.0,9314.25,47450.0,51431.0,11.4015,89.29384,4535.0,159.8
2023-03-13 07:00:00,77.71,21.0,10159.0,52650.0,57905.0,11.6515,87.830376,4564.0,185.0
2023-03-13 08:00:00,94.43,111.0,10625.75,54850.0,58969.0,11.8015,88.43394,4575.0,217.09
2023-03-13 09:00:00,59.09,362.0,10883.75,55400.0,58521.0,12.1515,87.28993,4563.0,189.87
2023-03-13 10:00:00,43.01,853.0,10870.5,54100.0,56073.0,12.6015,85.60201,4529.0,170.26
2023-03-13 11:00:00,25.42,1477.0,10833.5,52900.0,54959.0,14.0015,80.51445,4507.0,160.84
2023-03-13 12:00:00,4.78,2101.0,10611.25,51850.0,53321.0,14.3515,77.15318,4512.0,149.81
2023-03-13 13:00:00,3.03,2467.0,10438.0,49900.0,52290.0,15.9015,63.794186,4520.0,144.86
2023-03-13 14:00:00,3.37,2360.0,10246.5,49550.0,51810.0,16.4015,60.146053,4519.0,142.11
2023-03-13 15:00:00,0.9,2014.0,10094.0,49250.0,51533.0,16.1515,57.295357,4484.0,143.26
2023-03-13 16:00:00,9.03,1367.0,10059.5,48350.0,51858.0,15.9015,58.81456,4341.0,148.63
2023-03-13 17:00:00,55.16,563.0,10431.75,48250.0,55486.0,15.4515,61.989983,4135.0,160.25
2023-03-13 18:00:00,91.43,57.0,10799.25,50600.0,59137.0,14.5515,59.291622,4063.0,183.3
2023-03-13 19:00:00,98.98,0.0,10741.75,56350.0,59680.0,13.3015,64.96532,4197.0,188.34
2023-03-13 20:00:00,83.53,0.0,10244.5,53750.0,57947.0,13.3515,68.86241,4331.0,160.76
2023-03-13 21:00:00,58.94,0.0,9687.0,49000.0,55503.0,12.6515,69.66712,4409.0,107.93
2023-03-13 22:00:00,35.45,0.0,9505.25,47000.0,53766.0,12.1015,69.55736,4477.0,125.83
2023-03-13 23:00:00,23.32,0.0,9271.75,50300.0,52210.0,11.3015,74.85392,4504.0,127.66
2023-03-14 00:00:00,9.57,0.0,8718.25,47187.0,47841.0,10.5515,75.76091,4410.0,100.0
2023-03-14 01:00:00,4.51,0.0,8208.25,44760.0,46089.0,10.1515,77.80988,4353.0,91.34
2023-03-14 02:00:00,4.09,0.0,7970.75,44452.0,45908.0,9.7015,81.2998,4247.0,114.24
2023-03-14 03:00:00,2.13,0.0,7796.75,42071.0,45339.0,8.9015,86.09017,4127.0,112.88
2023-03-14 04:00:00,3.87,0.0,7905.75,41102.0,45612.0,8.9515,86.39128,4037.0,114.59
2023-03-14 05:00:00,10.69,0.0,8387.0,42936.0,48165.0,8.6015,88.45819,3981.0,115.9
2023-03-14 06:00:00,45.63,0.0,9407.5,47218.0,53304.0,9.0015,86.99077,4029.0,129.09
2023-03-14 07:00:00,94.36,44.0,10142.25,52516.0,57762.0,9.1015,90.332596,4127.0,142.48
2023-03-14 08:00:00,100.11,220.0,10602.75,55174.0,58906.0,8.4015,92.155365,4219.0,143.98
2023-03-14 09:00:00,93.81,479.0,10893.25,56919.0,59665.0,7.1015,89.25179,4054.0,160.28
2023-03-14 10:00:00,77.2,770.0,10942.5,56320.0,58624.0,6.9515,83.52017,3632.0,151.0
2023-03-14 11:00:00,60.96,1004.0,11015.25,55589.0,59006.0,7.1514997,78.987885,3222.0,138.08
2023-03-14 12:00:00,46.69,1144.0,10830.5,56327.0,58514.0,6.9014997,76.75234,2712.0,123.57
2023-03-14 13:00:00,56.18,1208.0,10671.75,54311.0,57267.0,5.2015,89.40977,2488.0,124.16
2023-03-14 14:00:00,65.68,1348.0,10522.0,52401.0,56196.0,5.0015,93.24818,2292.0,127.18
2023-03-14 15:00:00,60.9,1442.0,10415.75,51598.0,56930.0,5.3015,83.6148,1968.0,125.25
2023-03-14 16:00:00,80.46,1231.0,10338.25,51025.0,56507.0,5.8515,69.76498,1815.0,123.12
2023-03-14 17:00:00,134.0,585.0,10581.5,50823.0,56727.0,5.3515,68.41247,1700.0,146.94
2023-03-14 18:00:00,157.0,63.0,10983.0,54435.0,57918.0,5.3515,70.168526,1634.0,166.56
2023-03-14 19:00:00,204.8,0.0,10883.5,59830.0,58974.0,4.2515,73.59954,1660.0,204.62
2023-03-14 20:00:00,160.35,0.0,10380.75,57629.0,57967.0,2.6015,80.898964,1778.0,159.34
2023-03-14 21:00:00,179.63,0.0,9793.0,53899.0,57374.0,2.3515,82.05008,1875.0,143.02
2023-03-14 22:00:00,158.8,0.0,9677.0,52382.0,56701.0,2.0015,86.28806,1900.0,135.22
2023-03-14 23:00:00,154.6,0.0,9501.0,54518.0,56214.0,2.2015,90.45801,1886.0,128.14
2023-03-15 00:00:00,132.03,0.0,9006.75,53150.0,56138.0,2.1015,90.7772,1921.0,121.24
2023-03-15 01:00:00,119.25,0.0,8638.5,51100.0,55859.0,2.3515,91.12218,1925.0,118.21
2023-03-15 02:00:00,119.45,0.0,8333.0,50900.0,55442.0,1.9015,91.420135,1834.0,117.75
2023-03-15 03:00:00,116.33,0.0,8316.25,48600.0,54526.0,2.2015,88.841736,1719.0,111.0
2023-03-15 04:00:00,116.48,0.0,8495.25,47500.0,54112.0,1.9015,91.420135,1602.0,111.0
2023-03-15 05:00:00,128.77,0.0,8941.75,48950.0,55643.0,1.8015001,93.07647,1426.0,118.23
2023-03-15 06:00:00,143.92,0.0,9917.0,53300.0,58294.0,1.3015001,94.0636,1138.0,140.68
2023-03-15 07:00:00,180.42,157.0,10631.0,57850.0,60279.0,0.7015,95.755905,823.0,158.53
2023-03-15 08:00:00,188.4,780.0,11037.5,59950.0,61964.0,1.7514999,94.764206,570.0,173.1
2023-03-15 09:00:00,178.95,1645.0,11339.0,60950.0,61457.0,3.4515,90.227745,407.0,162.99
2023-03-15 10:00:00,149.84,2401.0,11334.0,59850.0,60912.0,5.0015,77.54302,285.0,152.95
2023-03-15 11:00:00,121.76,2947.0,11358.5,59150.0,60937.0,5.9014997,69.02476,229.0,144.19
2023-03-15 12:00:00,131.28,3256.0,11177.75,58750.0,59431.0,6.9515,62.60907,228.0,137.21
2023-03-15 13:00:00,107.18,3348.0,11147.25,56000.0,58713.0,7.3015,60.03037,265.0,135.93
2023-03-15 14:00:00,108.05,3093.0,10910.5,55300.0,57972.0,7.9515,55.987606,272.0,137.34
2023-03-15 15:00:00,131.76,2372.0,10805.5,53850.0,57348.0,8.2015,52.497623,251.0,141.03
2023-03-15 16:00:00,144.5,1372.0,10641.5,52650.0,58145.0,8.1015005,50.9547,197.0,144.45
2023-03-15 17:00:00,150.8,533.0,10718.75,51950.0,58602.0,7.7515,51.232483,154.0,153.01
2023-03-15 18:00:00,182.3,55.0,11047.75,54650.0,59415.0,7.0015,59.955757,166.0,166.89
2023-03-15 19:00:00,200.0,0.0,10974.5,60050.0,60451.0,5.4515,66.717476,261.0,170.02
2023-03-15 20:00:00,180.0,0.0,10477.75,58250.0,59805.0,4.9515,64.688194,438.0,153.77
2023-03-15 21:00:00,147.36,0.0,9967.25,54550.0,58107.0,4.4515,65.288414,678.0,134.7
2023-03-15 22:00:00,139.35,0.0,9874.5,52650.0,57720.0,4.9515,63.281227,1003.0,128.87
2023-03-15 23:00:00,127.63,0.0,9573.0,55350.0,56551.0,4.7015,63.454872,1414.0,119.0
2023-03-16 00:00:00,117.39,0.0,8989.25,52850.0,53660.0,4.8515,64.19292,2174.0,113.66
2023-03-16 01:00:00,107.58,0.0,8626.0,50800.0,53054.0,5.9515,69.785355,2600.0,111.39
2023-03-16 02:00:00,103.8,0.0,8333.75,51300.0,52840.0,6.2015,71.10099,2880.0,111.02
2023-03-16 03:00:00,100.0,0.0,8205.0,49050.0,52300.0,6.1015,73.41038,3031.0,109.38
2023-03-16 04:00:00,98.07,0.0,8223.5,47600.0,52002.0,6.0015,74.44924,3128.0,111.22
2023-03-16 05:00:00,103.8,0.0,8670.5,49200.0,52864.0,5.9014997,74.16572,3249.0,113.02
2023-03-16 06:00:00,129.09,0.0,9701.0,53300.0,58028.0,5.8515,74.15673,3359.0,137.4
2023-03-16 07:00:00,142.35,95.0,10415.75,58800.0,59719.0,5.9014997,72.07,3422.0,150.03
2023-03-16 08:00:00,138.03,444.0,10835.0,60850.0,61581.0,6.3515,70.11785,3442.0,159.06
2023-03-16 09:00:00,117.12,1025.0,11091.5,60750.0,62092.0,7.4014997,68.10895,3289.0,150.91
2023-03-16 10:00:00,103.2,1859.0,11036.5,58750.0,59564.0,8.6515,65.29376,3136.0,142.22
2023-03-16 11:00:00,91.52,2577.0,11033.25,56800.0,58894.0,10.3515,59.712826,3111.0,131.72
2023-03-16 12:00:00,85.47,3030.0,10843.25,54950.0,57491.0,11.6015,54.95763,3124.0,121.92
2023-03-16 13:00:00,78.66,3126.0,10702.25,51400.0,55927.0,12.1015,48.126987,3105.0,116.35
2023-03-16 14:00:00,80.72,2998.0,10530.75,50050.0,55214.0,12.9515,46.173996,2973.0,116.05
2023-03-16 15:00:00,85.13,2511.0,10373.0,48750.0,55238.0,13.3515,45.14535,2764.0,116.85
2023-03-16 16:00:00,95.69,1574.0,10335.0,46700.0,56084.0,13.4015,46.467453,2598.0,118.5
2023-03-16 17:00:00,119.48,633.0,10523.25,46300.0,57902.0,13.2515,50.197063,2647.0,134.84
2023-03-16 18:00:00,132.17,71.0,10874.5,49600.0,58584.0,12.1515,53.566696,2953.0,147.22
2023-03-16 19:00:00,130.33,0.0,10904.75,55650.0,59923.0,10.8515,54.17713,3258.0,145.01
2023-03-16 20:00:00,120.69,0.0,10303.0,54100.0,59427.0,10.4515,56.639435,3407.0,134.71
2023-03-16 21:00:00,103.46,0.0,9706.0,50900.0,56694.0,11.2015,54.65765,3453.0,125.12
2023-03-16 22:00:00,114.36,0.0,9543.25,49300.0,55120.0,11.5015,51.707653,3450.0,123.82
2023-03-16 23:00:00,86.46,0.0,9294.5,51200.0,54521.0,11.5015,49.712128,3393.0,109.7
2023-03-17 00:00:00,76.41,0.0,8542.5,49550.0,50803.0,10.7515,51.317528,3273.0,102.89
2023-03-17 01:00:00,73.8,0.0,8106.75,47600.0,47906.0,10.0515,52.811527,3150.0,100.68
2023-03-17 02:00:00,72.14,0.0,7825.0,47700.0,47460.0,9.9015,53.1525,2970.0,99.06
2023-03-17 03:00:00,66.24,0.0,7750.0,44950.0,46879.0,9.3515,54.952347,2788.0,98.84
2023-03-17 04:00:00,68.55,0.0,7832.5,43500.0,47317.0,9.0015,56.46593,2572.0,99.09
2023-03-17 05:00:00,81.59,0.0,8219.0,45100.0,49529.0,8.9015,57.67248,2345.0,105.0
2023-03-17 06:00:00,115.56,1.0,9134.0,49300.0,54405.0,8.8515,59.553677,2223.0,119.81
2023-03-17 07:00:00,137.52,138.0,9950.75,54300.0,56922.0,8.4015,62.951725,2312.0,136.93
2023-03-17 08:00:00,126.97,579.0,10339.0,56350.0,56960.0,9.3515,64.07586,2476.0,140.91
2023-03-17 09:00:00,126.16,976.0,10556.25,56950.0,57658.0,10.8015,66.92773,2256.0,136.61
2023-03-17 10:00:00,126.69,1310.0,10543.25,55800.0,54613.0,11.7015,77.51993,1937.0,131.89
2023-03-17 11:00:00,99.25,1715.0,10764.25,54500.0,53416.0,12.0015,77.04189,1772.0,125.1
2023-03-17 12:00:00,79.5,2010.0,10566.5,53300.0,53205.0,13.6515,70.81887,1658.0,116.39
2023-03-17 13:00:00,82.44,1959.0,10410.0,50500.0,53080.0,16.7515,54.77504,1590.0,112.75
2023-03-17 14:00:00,89.51,1771.0,10185.25,49800.0,52081.0,16.9515,53.351505,1614.0,114.87
2023-03-17 15:00:00,99.03,1276.0,10123.0,49050.0,53156.0,17.0015,50.693287,1620.0,112.76
2023-03-17 16:00:00,109.54,763.0,10040.75,47200.0,55311.0,16.3015,52.274498,1523.0,110.17
2023-03-17 17:00:00,126.82,334.0,10227.5,46600.0,56763.0,15.5515,56.174126,1438.0,129.5
2023-03-17 18:00:00,137.09,45.0,10413.0,49650.0,59654.0,14.6015,62.42767,1326.0,135.67
2023-03-17 19:00:00,147.4,0.0,10397.0,54250.0,60924.0,14.3515,67.67669,1201.0,138.69
2023-03-17 20:00:00,132.93,0.0,9915.5,52400.0,59380.0,13.5015,71.03035,1098.0,127.44
2023-03-17 21:00:00,119.0,0.0,9422.75,49350.0,56984.0,12.1015,77.58227,1063.0,128.0
2023-03-17 22:00:00,113.07,0.0,9276.75,48150.0,56585.0,11.0515,83.43826,1080.0,121.6
2023-03-17 23:00:00,114.65,0.0,9203.5,50150.0,55503.0,11.0515,85.72772,1136.0,120.24
2023-03-18 00:00:00,115.57,0.0,8715.5,48200.0,52351.0,10.7015,90.753395,1466.0,127.56
2023-03-18 01:00:00,112.18,0.0,8240.0,46000.0,51414.0,10.8015,87.75365,1384.0,124.4
2023-03-18 02:00:00,98.95,0.0,7895.75,45600.0,50138.0,9.9015,91.31357,1323.0,124.08
2023-03-18 03:00:00,95.0,0.0,7695.25,42950.0,49703.0,9.9515,92.24759,1216.0,107.98
2023-03-18 04:00:00,96.18,0.0,7656.25,41300.0,48919.0,9.7515,92.54833,1280.0,112.44
2023-03-18 05:00:00,99.8,0.0,7782.0,40700.0,48870.0,9.4515,93.160576,1438.0,117.15
2023-03-18 06:00:00,103.5,2.0,8105.0,42450.0,49340.0,8.4515,95.0329,1599.0,142.9
2023-03-18 07:00:00,105.43,180.0,8361.25,43450.0,49956.0,8.1015005,94.69527,1683.0,145.42
2023-03-18 08:00:00,100.72,711.0,8800.5,45100.0,51888.0,9.0515,92.50839,1705.0,132.6
2023-03-18 09:00:00,102.61,1214.0,9251.0,47350.0,51562.0,10.3515,91.65153,1757.0,126.64
2023-03-18 10:00:00,96.99,1637.0,9293.0,47750.0,50923.0,11.5015,88.7052,1766.0,119.35
2023-03-18 11:00:00,91.13,2024.0,9290.75,47300.0,49489.0,12.5515,84.17792,1690.0,104.43
2023-03-18 12:00:00,84.06,2402.0,9268.25,47250.0,49422.0,11.6015,87.531715,1559.0,102.99
2023-03-18 13:00:00,80.42,2442.0,8962.25,44950.0,49069.0,14.0515,69.23782,1533.0,85.54
2023-03-18 14:00:00,87.52,2152.0,8720.25,43250.0,48667.0,14.9515,58.983887,1599.0,105.84
2023-03-18 15:00:00,92.08,1639.0,8706.75,42850.0,49261.0,15.1515,59.84541,1570.0,91.24
2023-03-18 16:00:00,104.43,932.0,8762.25,42000.0,53951.0,15.6015,61.60571,1432.0,109.19
2023-03-18 17:00:00,130.74,353.0,9076.5,42350.0,54827.0,14.7015,63.092476,1277.0,130.05
2023-03-18 18:00:00,156.95,45.0,9443.25,45100.0,56010.0,12.2015,82.18196,1208.0,145.16
2023-03-18 19:00:00,169.54,0.0,9581.25,49500.0,57613.0,11.6515,82.11186,1209.0,175.5
2023-03-18 20:00:00,144.15,0.0,9186.5,48550.0,55877.0,11.0515,85.438545,1289.0,131.6
2023-03-18 21:00:00,132.92,0.0,8753.25,45750.0,55050.0,10.4015,86.24316,1372.0,119.96
2023-03-18 22:00:00,129.95,0.0,8638.25,44950.0,54397.0,9.8015,87.36465,1401.0,128.8
2023-03-18 23:00:00,118.46,0.0,8530.75,47600.0,53840.0,9.6015,89.757126,1367.0,124.39
2023-03-19 00:00:00,110.03,0.0,7893.5,46100.0,51770.0,10.0015,88.879425,1884.0,121.25
2023-03-19 01:00:00,106.0,0.0,7521.0,43550.0,51204.0,10.0515,91.323425,1796.0,101.4
2023-03-19 02:00:00,99.6,0.0,7262.25,43050.0,50222.0,9.7515,92.86183,1687.0,101.39
2023-03-19 03:00:00,99.18,0.0,7118.5,40300.0,48539.0,9.0515,94.73417,1559.0,90.66
2023-03-19 04:00:00,98.74,0.0,7106.5,38400.0,48358.0,8.6515,96.01475,1364.0,92.06
2023-03-19 05:00:00,103.36,0.0,7252.75,37900.0,48285.0,8.0515,97.31467,1148.0,92.29
2023-03-19 06:00:00,100.0,2.0,7430.75,38350.0,48291.0,7.5515,97.97197,943.0,90.94
2023-03-19 07:00:00,102.45,136.0,7635.75,38850.0,48410.0,7.2015,97.63098,782.0,89.12
2023-03-19 08:00:00,101.44,512.0,8129.25,40600.0,48322.0,8.0015,96.322754,649.0,90.3
2023-03-19 09:00:00,102.26,831.0,8623.75,43400.0,48512.0,9.5515,91.29049,617.0,93.78
2023-03-19 10:00:00,100.4,1061.0,8883.25,44800.0,49424.0,10.0515,88.883575,569.0,91.87
2023-03-19 11:00:00,99.18,1331.0,9099.0,45550.0,50463.0,10.7015,85.11227,542.0,87.66
2023-03-19 12:00:00,97.39,1522.0,9155.0,46700.0,51099.0,11.2015,81.776306,477.0,79.6
2023-03-19 13:00:00,94.04,1603.0,8853.25,44400.0,51206.0,11.9515,74.45592,487.0,68.84
2023-03-19 14:00:00,95.01,1651.0,8649.25,42000.0,50790.0,12.2515,71.03246,520.0,70.0
2023-03-19 15:00:00,98.67,1540.0,8447.75,40800.0,51738.0,12.1515,70.52835,494.0,74.9
2023-03-19 16:00:00,106.09,1134.0,8414.75,39500.0,54443.0,10.9015,77.65984,488.0,85.05
2023-03-19 17:00:00,134.24,559.0,8774.25,39650.0,56222.0,10.1515,78.07802,490.0,100.79
2023-03-19 18:00:00,145.0,77.0,9350.75,42850.0,58231.0,9.6515,77.46388,455.0,120.06
2023-03-19 19:00:00,152.91,0.0,9477.25,48950.0,58975.0,8.9515,77.62234,439.0,141.04
2023-03-19 20:00:00,144.71,0.0,9105.75,48950.0,58969.0,8.0015,81.35274,434.0,129.97
2023-03-19 21:00:00,135.27,0.0,8694.0,47200.0,57900.0,6.1514997,89.79935,468.0,104.69
2023-03-19 22:00:00,132.9,0.0,8599.25,46700.0,56279.0,4.9014997,91.94105,539.0,94.93
2023-03-19 23:00:00,130.0,0.0,8400.0,48650.0,55018.0,3.8014998,93.51528,659.0,81.4
2023-03-20 00:00:00,124.0,0.0,8034.25,48050.0,53445.0,3.6515,93.17651,1047.0,46.71
2023-03-20 01:00:00,114.94,0.0,7823.5,46400.0,52912.0,3.5015,90.87699,1138.0,37.46
2023-03-20 02:00:00,113.06,0.0,7544.75,46800.0,52523.0,3.4515,90.227745,1161.0,33.43
2023-03-20 03:00:00,110.18,0.0,7446.25,44700.0,51800.0,3.4515,91.8497,1249.0,17.32
2023-03-20 04:00:00,110.25,0.0,7634.25,43700.0,51739.0,3.6515,94.173004,1412.0,9.04
2023-03-20 05:00:00,116.4,0.0,8235.25,45100.0,52740.0,3.8515,94.515915,1642.0,19.76
2023-03-20 06:00:00,135.77,2.0,9238.25,49850.0,56029.0,4.3515,91.90657,1899.0,38.49
2023-03-20 07:00:00,148.43,122.0,10092.75,55150.0,57870.0,4.4014997,91.58557,2075.0,77.71
2023-03-20 08:00:00,148.51,456.0,10596.0,57800.0,59454.0,5.0515,89.39762,2191.0,94.43
2023-03-20 09:00:00,137.56,734.0,10922.25,59350.0,60488.0,6.1015,84.30283,2215.0,59.09
2023-03-20 10:00:00,122.75,883.0,10980.0,58550.0,59476.0,6.5515,81.729645,2298.0,43.01
2023-03-20 11:00:00,115.79,954.0,10968.25,57300.0,58210.0,7.0015,83.818855,2408.0,25.42
2023-03-20 12:00:00,104.6,990.0,10780.25,56550.0,57572.0,8.0515,80.51404,2525.0,4.78
2023-03-20 13:00:00,100.0,939.0,10677.75,53900.0,57033.0,9.5515,73.26536,2624.0,3.03
2023-03-20 14:00:00,101.79,738.0,10357.0,52950.0,56373.0,10.0015,72.084785,2709.0,3.37
2023-03-20 15:00:00,104.8,522.0,10154.0,51850.0,56521.0,9.9515,74.36227,2766.0,0.9
2023-03-20 16:00:00,113.9,316.0,10031.5,50550.0,56641.0,10.3015,76.24276,2773.0,9.03
2023-03-20 17:00:00,133.0,139.0,10315.0,50250.0,57282.0,11.0515,71.78483,2768.0,55.16
2023-03-20 18:00:00,150.98,25.0,10678.0,52300.0,58013.0,10.8515,71.49949,2779.0,91.43
2023-03-20 19:00:00,165.47,0.0,10736.25,57700.0,58494.0,10.3515,72.65224,2787.0,98.98
2023-03-20 20:00:00,152.36,0.0,10193.0,55050.0,58487.0,9.8515,77.49541,2806.0,83.53
2023-03-20 21:00:00,135.49,0.0,9636.5,51550.0,56739.0,9.7015,79.092384,2777.0,58.94
2023-03-20 22:00:00,127.5,0.0,9478.75,50450.0,56062.0,9.6015,79.35077,2687.0,35.45
2023-03-20 23:00:00,117.04,0.0,9233.75,52600.0,55348.0,9.4015,80.423874,2551.0,23.32
2023-03-21 00:00:00,120.79,0.0,8597.5,50000.0,54391.0,9.2515,80.95968,2059.0,9.57
2023-03-21 01:00:00,112.28,0.0,8130.5,47900.0,53352.0,9.4515,80.15408,1880.0,4.51
2023-03-21 02:00:00,111.56,0.0,7906.5,47850.0,52933.0,9.3015,81.807785,1821.0,4.09
2023-03-21 03:00:00,108.65,0.0,7786.75,45600.0,52428.0,9.2515,82.08347,1845.0,2.13
2023-03-21 04:00:00,110.0,0.0,7880.5,44700.0,52516.0,9.6015,79.35077,1964.0,3.87
2023-03-21 05:00:00,118.21,0.0,8308.75,46050.0,53614.0,9.6515,78.54133,2190.0,10.69
2023-03-21 06:00:00,129.91,2.0,9295.5,50350.0,56660.0,9.6015,79.62477,2397.0,45.63
2023-03-21 07:00:00,145.54,76.0,10086.0,55000.0,59238.0,9.9015,78.57909,2474.0,94.36
2023-03-21 08:00:00,143.52,276.0,10496.25,57200.0,60378.0,10.0015,78.324135,2531.0,100.11
2023-03-21 09:00:00,128.58,526.0,10776.25,57250.0,60643.0,11.0015,76.61954,2607.0,93.81
2023-03-21 10:00:00,115.04,879.0,10775.25,55450.0,59584.0,11.6015,73.13231,2827.0,77.2
2023-03-21 11:00:00,106.81,1243.0,10792.0,54150.0,57611.0,11.3515,74.86252,2994.0,60.96
2023-03-21 12:00:00,102.12,1495.0,10681.25,53250.0,56560.0,12.5515,69.409256,3160.0,46.69
2023-03-21 13:00:00,99.72,1500.0,10672.0,50750.0,55977.0,12.7515,68.27151,3280.0,56.18
2023-03-21 14:00:00,98.64,1282.0,10334.25,49900.0,55433.0,13.4015,69.10732,3282.0,65.68
2023-03-21 15:00:00,98.53,1107.0,10195.0,49400.0,54554.0,13.1515,70.00437,3220.0,60.9
2023-03-21 16:00:00,101.52,895.0,10093.75,48150.0,53538.0,12.6015,73.06398,3099.0,80.46
2023-03-21 17:00:00,113.37,525.0,10368.0,47650.0,56293.0,12.7515,73.3398,3008.0,134.0
2023-03-21 18:00:00,132.37,94.0,10652.5,49950.0,58728.0,12.7015,74.83902,3004.0,157.0
2023-03-21 19:00:00,143.5,0.0,10723.5,55600.0,59463.0,11.4015,81.80232,3060.0,204.8
2023-03-21 20:00:00,146.38,0.0,10260.25,54100.0,59481.0,10.5515,86.84473,3131.0,160.35
2023-03-21 21:00:00,112.01,0.0,9673.75,50350.0,56342.0,10.0515,89.18536,3159.0,179.63
2023-03-21 22:00:00,103.33,0.0,9502.0,49050.0,55882.0,9.4515,91.59432,3161.0,158.8
2023-03-21 23:00:00,93.71,0.0,9286.25,50900.0,54270.0,9.2515,91.58154,3172.0,154.6
2023-03-22 00:00:00,78.25,0.0,8709.75,48250.0,49613.0,9.2015,90.64812,3191.0,132.03
2023-03-22 01:00:00,74.51,0.0,8323.0,46650.0,49065.0,9.7015,86.46653,3299.0,119.25
2023-03-22 02:00:00,74.44,0.0,8084.5,46550.0,47075.0,9.7515,86.47153,3524.0,119.45
2023-03-22 03:00:00,70.0,0.0,7987.0,44300.0,46195.0,9.6515,86.16696,3734.0,116.33
2023-03-22 04:00:00,67.79,0.0,8151.75,43050.0,46138.0,9.3515,86.13633,3886.0,116.48
2023-03-22 05:00:00,75.22,0.0,8675.5,44450.0,48562.0,9.4515,82.39203,3998.0,128.77
2023-03-22 06:00:00,91.96,4.0,9613.25,48550.0,53100.0,8.8015,85.49001,4060.0,143.92
2023-03-22 07:00:00,109.01,128.0,10302.0,52800.0,55745.0,8.5515,86.3509,4103.0,180.42
2023-03-22 08:00:00,111.57,400.0,10676.25,54550.0,57349.0,9.0515,84.06007,4204.0,188.4
2023-03-22 09:00:00,86.05,576.0,10895.25,55000.0,57773.0,9.6515,81.5729,4267.0,178.95
2023-03-22 10:00:00,78.76,638.0,10739.5,54350.0,56832.0,9.9015,78.85009,4264.0,149.84
2023-03-22 11:00:00,81.9,614.0,10856.75,53500.0,54765.0,10.2515,78.63178,4276.0,121.76
2023-03-22 12:00:00,76.05,569.0,10600.25,52850.0,53667.0,10.0015,83.027756,4313.0,131.28
2023-03-22 13:00:00,75.61,471.0,10472.25,50850.0,53200.0,11.2515,78.24621,4335.0,107.18
2023-03-22 14:00:00,78.57,356.0,10273.75,50050.0,52248.0,11.2515,79.31973,4232.0,108.05
2023-03-22 15:00:00,69.53,246.0,10205.25,49550.0,52586.0,11.8015,77.27242,4097.0,131.76
2023-03-22 16:00:00,81.84,169.0,10155.5,48250.0,53064.0,11.4015,80.974686,3906.0,144.5
2023-03-22 17:00:00,101.16,108.0,10340.75,48150.0,55467.0,10.8515,88.94973,3752.0,150.8
2023-03-22 18:00:00,119.63,24.0,10638.75,50500.0,57866.0,11.1515,87.19606,3753.0,182.3
2023-03-22 19:00:00,139.88,0.0,10695.5,55250.0,59389.0,11.4515,84.620895,3850.0,200.0
2023-03-22 20:00:00,125.53,0.0,10173.25,53500.0,58966.0,11.7515,82.96034,4003.0,180.0
2023-03-22 21:00:00,108.67,0.0,9649.0,49600.0,56632.0,11.5515,84.06328,4121.0,147.36
2023-03-22 22:00:00,101.04,0.0,9526.25,47950.0,54661.0,11.6515,83.50978,4272.0,139.35
2023-03-22 23:00:00,84.91,0.0,9176.75,49750.0,53604.0,11.6515,84.928665,4363.0,127.63
2023-03-23 00:00:00,69.59,0.0,8611.5,46550.0,50717.0,11.9515,84.67655,4331.0,117.39
2023-03-23 01:00:00,67.58,0.0,8062.5,44300.0,49245.0,12.4015,80.023926,4344.0,107.58
2023-03-23 02:00:00,57.6,0.0,7838.75,44200.0,47953.0,12.3515,77.35885,4358.0,103.8
2023-03-23 03:00:00,49.0,0.0,7679.0,41550.0,46504.0,11.9015,75.469444,4352.0,100.0
2023-03-23 04:00:00,32.46,0.0,7668.75,40150.0,45828.0,11.5015,78.28418,4341.0,98.07
2023-03-23 05:00:00,57.8,0.0,8213.75,41750.0,46422.0,11.3015,81.78932,4282.0,103.8
2023-03-23 06:00:00,81.6,6.0,9228.75,45750.0,49878.0,11.3515,77.9952,4168.0,129.09
2023-03-23 07:00:00,112.45,200.0,9942.25,50250.0,54651.0,10.9015,82.57498,4033.0,142.35
2023-03-23 08:00:00,114.06,664.0,10380.75,52350.0,55762.0,10.6015,86.55604,3964.0,138.03
2023-03-23 09:00:00,95.85,1133.0,10661.75,52400.0,55473.0,10.7015,87.44859,3912.0,117.12
2023-03-23 10:00:00,65.11,1632.0,10499.75,51650.0,54274.0,11.0015,91.38547,3884.0,103.2
2023-03-23 11:00:00,46.04,1847.0,10348.75,51400.0,52943.0,12.4515,85.01588,3914.0,91.52
2023-03-23 12:00:00,38.12,1878.0,10372.0,51150.0,52597.0,13.0515,76.17393,3971.0,85.47
2023-03-23 13:00:00,38.58,1648.0,10334.75,48750.0,52224.0,13.3515,78.036964,3980.0,78.66
2023-03-23 14:00:00,52.28,1554.0,10200.25,48850.0,51974.0,14.8515,70.1008,3930.0,80.72
2023-03-23 15:00:00,55.66,1384.0,10056.0,48800.0,53320.0,14.9015,66.43148,3827.0,85.13
2023-03-23 16:00:00,89.91,865.0,9996.25,47700.0,55682.0,13.9515,73.30689,3652.0,95.69
2023-03-23 17:00:00,119.47,370.0,10219.25,47100.0,59021.0,14.0515,70.18092,3571.0,119.48
2023-03-23 18:00:00,136.93,69.0,10525.0,48700.0,60818.0,13.0515,75.91738,3685.0,132.17
2023-03-23 19:00:00,144.4,0.0,10698.75,53400.0,61458.0,12.4515,81.389084,3872.0,130.33
2023-03-23 20:00:00,122.29,0.0,10217.0,51750.0,60640.0,12.7015,77.413605,3950.0,120.69
2023-03-23 21:00:00,93.18,0.0,9622.0,47900.0,59084.0,12.5015,78.96622,4197.0,103.46
2023-03-23 22:00:00,89.61,0.0,9418.5,46250.0,56645.0,11.9015,84.671,4351.0,114.36
2023-03-23 23:00:00,78.12,0.0,9090.75,48050.0,55466.0,12.1015,86.413574,4436.0,86.46
2023-03-24 00:00:00,55.58,0.0,8807.25,44650.0,49622.0,12.4015,88.78027,4221.0,76.41
2023-03-24 01:00:00,44.62,0.0,8281.0,42800.0,48633.0,12.5515,86.746994,4349.0,73.8
2023-03-24 02:00:00,41.61,0.0,7908.5,42700.0,48006.0,12.5015,89.67854,4452.0,72.14
2023-03-24 03:00:00,40.9,0.0,7726.75,40050.0,46775.0,12.4015,92.390144,4452.0,66.24
2023-03-24 04:00:00,36.36,0.0,7854.75,38600.0,46240.0,11.1015,87.485634,4296.0,68.55
2023-03-24 05:00:00,41.41,0.0,8326.75,40100.0,46546.0,9.5015,89.14072,4017.0,81.59
2023-03-24 06:00:00,63.79,11.0,9244.5,44400.0,49589.0,8.7015,90.92288,3756.0,115.56
2023-03-24 07:00:00,82.32,322.0,9925.0,48800.0,53305.0,8.5015,90.90909,3621.0,137.52
2023-03-24 08:00:00,81.84,1039.0,10373.0,50950.0,53854.0,9.4515,87.33179,3598.0,126.97
2023-03-24 09:00:00,62.81,1752.0,10647.75,51850.0,53210.0,10.8515,78.99116,3686.0,126.16
2023-03-24 10:00:00,44.8,2216.0,10598.0,51450.0,51960.0,11.7515,76.219666,3772.0,126.69
2023-03-24 11:00:00,32.26,2379.0,10659.0,50950.0,51353.0,12.7015,67.10079,3833.0,99.25
2023-03-24 12:00:00,29.28,2456.0,10491.25,50450.0,50910.0,13.2015,67.898926,3874.0,79.5
2023-03-24 13:00:00,20.54,2391.0,10394.0,48250.0,49461.0,12.4515,71.55793,3892.0,82.44
2023-03-24 14:00:00,12.26,2190.0,10290.25,47750.0,49195.0,12.9515,67.846985,3827.0,89.51
2023-03-24 15:00:00,7.48,1698.0,10109.5,47300.0,49136.0,13.9515,66.90767,3814.0,99.03
2023-03-24 16:00:00,29.59,1106.0,9972.75,45700.0,50972.0,12.3015,69.59733,3837.0,109.54
2023-03-24 17:00:00,79.43,534.0,10165.75,45150.0,54700.0,11.8515,68.55642,3871.0,126.82
2023-03-24 18:00:00,100.8,105.0,10274.25,47900.0,57278.0,10.7515,75.79432,3889.0,137.09
2023-03-24 19:00:00,116.23,0.0,10286.0,52100.0,58400.0,10.2515,78.09338,3895.0,147.4
2023-03-24 20:00:00,97.0,0.0,9777.5,50850.0,56835.0,9.9015,79.9424,3969.0,132.93
2023-03-24 21:00:00,82.52,0.0,9278.75,47850.0,54076.0,9.1015,83.777306,4084.0,119.0
2023-03-24 22:00:00,76.2,0.0,9149.0,47000.0,52587.0,8.9015,83.46554,4211.0,113.07
2023-03-24 23:00:00,64.9,0.0,8971.5,49250.0,51067.0,8.6515,82.005714,4323.0,114.65
2023-03-25 00:00:00,15.3,0.0,8491.5,47550.0,45694.0,8.1015005,83.948944,4403.0,115.57
2023-03-25 01:00:00,-7.29,0.0,8106.5,44600.0,42825.0,8.0015,85.404106,4435.0,112.18
2023-03-25 02:00:00,-6.0,0.0,7872.0,43700.0,41947.0,8.0515,85.11442,4455.0,98.95
2023-03-25 03:00:00,-0.45,0.0,7768.75,41200.0,41497.0,8.2015,82.804756,4475.0,95.0
2023-03-25 04:00:00,-2.34,0.0,7721.0,39450.0,40017.0,8.0515,82.212746,4494.0,96.18
2023-03-25 05:00:00,-3.8,0.0,7851.75,39400.0,40332.0,8.0515,82.212746,4500.0,99.8
2023-03-25 06:00:00,-7.05,12.0,8172.5,40800.0,41424.0,8.0015,82.77972,4494.0,103.5
2023-03-25 07:00:00,-12.17,293.0,8385.5,41950.0,42353.0,7.8515,83.04921,4486.0,105.43
2023-03-25 08:00:00,-10.0,887.0,8826.5,43950.0,42247.0,8.1515,81.65629,4493.0,100.72
2023-03-25 09:00:00,4.82,1374.0,9309.0,45750.0,43054.0,9.1515,77.3848,4516.0,102.61
2023-03-25 10:00:00,-7.99,1729.0,9454.75,45700.0,44347.0,10.0515,74.89635,4540.0,96.99
2023-03-25 11:00:00,-1.32,2000.0,9456.25,45550.0,44225.0,10.6515,72.95922,4551.0,91.13
2023-03-25 12:00:00,-2.32,2267.0,9335.25,46150.0,44820.0,11.2015,72.06095,4554.0,84.06
2023-03-25 13:00:00,-12.83,2440.0,9158.5,43700.0,44463.0,11.5015,69.43698,4557.0,80.42
2023-03-25 14:00:00,-11.59,2464.0,8959.75,42600.0,43835.0,10.4015,67.78219,4543.0,87.52
2023-03-25 15:00:00,-0.72,2141.0,8906.25,42200.0,42857.0,11.1015,70.079956,4515.0,92.08
2023-03-25 16:00:00,0.14,1522.0,8986.5,40350.0,42740.0,11.7015,67.119804,4462.0,104.43
2023-03-25 17:00:00,28.23,732.0,9286.25,40150.0,44208.0,10.9515,72.26288,4320.0,130.74
2023-03-25 18:00:00,65.99,138.0,9659.25,43350.0,49679.0,10.5015,72.17872,4055.0,156.95
2023-03-25 19:00:00,88.17,0.0,9745.25,47700.0,51361.0,10.0515,73.61094,3691.0,169.54
2023-03-25 20:00:00,88.45,0.0,9286.5,47200.0,51579.0,9.3515,76.88172,3286.0,144.15
2023-03-25 21:00:00,87.3,0.0,8874.5,45200.0,50129.0,9.0515,77.36895,2943.0,132.92
2023-03-25 22:00:00,84.94,0.0,8724.75,44500.0,51220.0,8.6515,80.59772,2602.0,129.95
2023-03-25 23:00:00,89.89,0.0,8577.0,47100.0,51177.0,8.1515,84.53832,2259.0,118.46
2023-03-26 00:00:00,84.07,0.0,8286.0,45350.0,45939.0,8.1015005,85.41488,2043.0,110.03
2023-03-26 01:00:00,65.75,0.0,7865.25,42700.0,45715.0,7.0515,85.30113,1586.0,106.0
2023-03-26 02:00:00,67.47999999999999,0.0,7709.25,43100.0,45501.5,6.9015,85.88477,1427.0,99.6
2023-03-26 03:00:00,69.21,0.0,7553.25,43500.0,45288.0,6.7515,86.46841,1268.0,99.18
2023-03-26 04:00:00,62.28,0.0,7590.5,39650.0,44260.0,7.3015,82.4032,1143.0,98.74
2023-03-26 05:00:00,62.9,0.0,7526.25,37600.0,44973.0,7.7015,84.48706,956.0,103.36
2023-03-26 06:00:00,63.49,0.0,7734.25,37500.0,46764.0,7.6015,86.85451,806.0,100.0
2023-03-26 07:00:00,73.09,4.0,7931.75,38350.0,48447.0,7.3015,90.51221,871.0,102.45
2023-03-26 08:00:00,82.1,54.0,8376.75,39700.0,49521.0,7.4515,91.15016,959.0,101.44
2023-03-26 09:00:00,81.58,154.0,8905.25,42800.0,50556.0,7.4515,89.28023,1002.0,102.26
2023-03-26 10:00:00,83.06,336.0,9165.0,44450.0,51413.0,7.6514997,90.225784,1048.0,100.4
2023-03-26 11:00:00,90.0,547.0,9382.0,45100.0,52461.0,8.3015,89.9646,1097.0,99.18
2023-03-26 12:00:00,89.85,700.0,9445.0,46150.0,52458.0,8.3515,88.13295,1122.0,97.39
2023-03-26 13:00:00,70.39,715.0,9223.25,44450.0,50079.0,9.0015,84.925865,1135.0,94.04
2023-03-26 14:00:00,50.62,690.0,8934.75,42050.0,48768.0,7.7515,86.8692,1330.0,95.01
2023-03-26 15:00:00,45.74,603.0,8823.75,41150.0,48257.0,8.0015,84.22876,1663.0,98.67
2023-03-26 16:00:00,48.35,511.0,8803.75,40100.0,48964.0,7.9014997,83.92541,2070.0,106.09
2023-03-26 17:00:00,77.09,365.0,9180.0,39650.0,50481.0,7.8515,88.08836,2545.0,134.24
2023-03-26 18:00:00,106.65,204.0,9705.25,41850.0,50748.0,7.6514997,92.11016,2794.0,145.0
2023-03-26 19:00:00,117.86,48.0,9927.5,45250.0,51596.0,7.4014997,91.77796,3021.0,152.91
2023-03-26 20:00:00,112.59,0.0,9610.0,47900.0,51742.0,7.4515,87.14158,3266.0,144.71
2023-03-26 21:00:00,104.63,0.0,9175.75,47250.0,50909.0,6.7015,83.78311,3466.0,135.27
2023-03-26 22:00:00,99.42,0.0,8960.0,45750.0,51223.0,6.1015,80.23852,3473.0,132.9
2023-03-26 23:00:00,94.64,0.0,8751.0,48500.0,50338.0,5.7015,74.12975,3278.0,130.0
2023-03-27 00:00:00,96.0,0.0,8301.25,47350.0,46749.0,5.4014997,69.92542,2473.0,124.0
2023-03-27 01:00:00,94.97,0.0,7949.5,45400.0,45557.0,5.4014997,63.387505,2210.0,114.94
2023-03-27 02:00:00,87.48,0.0,7756.75,44600.0,45397.0,4.0015,70.406525,2016.0,113.06
2023-03-27 03:00:00,83.99,0.0,7724.75,42150.0,44746.0,3.2015,79.241615,2046.0,110.18
2023-03-27 04:00:00,84.9,0.0,7722.75,41700.0,44767.0,3.2015,84.5678,2109.0,110.25
2023-03-27 05:00:00,100.68,0.0,8532.5,43750.0,46313.0,3.2515,86.107765,2138.0,116.4
2023-03-27 06:00:00,115.0,0.0,9531.75,48400.0,50791.0,3.0015,86.08147,2202.0,135.77
2023-03-27 07:00:00,142.99,24.0,10336.75,54800.0,53122.0,2.6015,86.35043,2294.0,148.43
2023-03-27 08:00:00,152.36,492.0,10780.0,57400.0,54793.0,2.3014998,89.8163,2264.0,148.51
2023-03-27 09:00:00,135.11,1475.0,11017.5,58200.0,55954.0,3.5015,87.064644,2232.0,137.56
2023-03-27 10:00:00,113.23,2257.0,11091.0,57450.0,56190.0,4.9515,75.61025,2263.0,122.75
2023-03-27 11:00:00,110.0,2602.0,11108.5,56850.0,55265.0,6.1015,67.83272,2216.0,115.79
2023-03-27 12:00:00,119.9,2726.0,11000.75,56150.0,54240.0,6.8515,59.700764,2086.0,104.6
2023-03-27 13:00:00,137.07,2899.0,10805.5,54850.0,53459.0,7.1015,52.387447,1966.0,100.0
2023-03-27 14:00:00,98.5,3012.0,10621.0,53650.0,53174.0,6.7015,66.75025,1925.0,101.79
2023-03-27 15:00:00,107.2,2932.0,10536.5,52450.0,52564.0,6.5015,65.04247,1826.0,104.8
2023-03-27 16:00:00,104.32,2620.0,10424.75,50250.0,52444.0,6.5515,61.6122,1705.0,113.9
2023-03-27 17:00:00,113.25,1981.0,10607.5,49450.0,52644.0,6.7515,55.67038,1399.0,133.0
2023-03-27 18:00:00,150.38,985.0,10646.0,51200.0,55573.0,6.5515,57.065292,1219.0,150.98
2023-03-27 19:00:00,193.5,188.0,10921.25,54200.0,55745.0,5.9014997,59.027386,800.0,165.47
2023-03-27 20:00:00,202.95,1.0,10869.25,55350.0,56067.0,4.5015,65.78062,547.0,152.36
2023-03-27 21:00:00,186.53,0.0,10327.0,54550.0,55182.0,3.0514998,73.37734,407.0,135.49
2023-03-27 22:00:00,131.91,0.0,9920.0,52750.0,54537.0,1.5515001,81.64359,285.0,127.5
2023-03-27 23:00:00,114.68,0.0,9724.5,55100.0,53562.0,0.5015,86.76501,188.0,117.04
2023-03-28 00:00:00,175.0,0.0,9168.25,50900.0,53148.0,-0.24849999,88.62805,113.0,120.79
2023-03-28 01:00:00,150.29,0.0,8517.5,49300.0,51820.0,-0.6985,89.57555,84.0,112.28
2023-03-28 02:00:00,120.0,0.0,8388.5,49850.0,51528.0,-0.6485,90.24306,129.0,111.56
2023-03-28 03:00:00,103.97,0.0,8338.25,47900.0,51210.0,-0.8985,90.89291,310.0,108.65
2023-03-28 04:00:00,100.4,0.0,8562.25,46850.0,50724.0,-0.99850005,90.88572,562.0,110.0
2023-03-28 05:00:00,108.3,0.0,9195.75,48800.0,51623.0,-1.0485001,90.212326,784.0,118.21
2023-03-28 06:00:00,130.04,0.0,10055.25,53950.0,54865.0,-1.3985,90.18532,971.0,129.91
2023-03-28 07:00:00,160.06,26.0,10790.75,58950.0,57646.0,-1.7485001,90.49429,1210.0,145.54
2023-03-28 08:00:00,168.13,425.0,11140.75,60700.0,59342.0,-0.4985,88.27941,1487.0,143.52
2023-03-28 09:00:00,135.81,1158.0,11289.5,61350.0,60089.0,1.5515001,82.54529,1718.0,128.58
2023-03-28 10:00:00,131.08,1636.0,11291.25,59900.0,58824.0,3.9515,74.892235,1784.0,115.04
2023-03-28 11:00:00,117.39,1836.0,11171.0,58200.0,56626.0,5.0515,64.94826,1911.0,106.81
2023-03-28 12:00:00,104.17,1967.0,10845.75,57050.0,54884.0,6.3515,58.281776,2024.0,102.12
2023-03-28 13:00:00,99.99,2216.0,10809.75,54150.0,54461.0,7.8515,57.40253,2058.0,99.72
2023-03-28 14:00:00,93.26,2266.0,10701.0,53050.0,54109.0,8.9515,58.730396,2075.0,98.64
2023-03-28 15:00:00,94.34,1980.0,10585.75,52050.0,53891.0,10.1515,56.1593,2126.0,98.53
2023-03-28 16:00:00,96.22,1475.0,10650.75,49950.0,53226.0,9.3515,56.964535,2236.0,101.52
2023-03-28 17:00:00,108.59,843.0,10826.5,48950.0,56264.0,8.5015,60.7614,2417.0,113.37
2023-03-28 18:00:00,136.87,353.0,10839.0,49950.0,57844.0,7.8015,67.22879,2550.0,132.37
2023-03-28 19:00:00,160.98,78.0,10970.75,53300.0,58319.0,7.1015,71.78616,2681.0,143.5
2023-03-28 20:00:00,159.34,0.0,11007.5,53500.0,58252.0,6.5515,76.15283,2792.0,146.38
2023-03-28 21:00:00,133.02,0.0,10553.75,50600.0,57121.0,6.3515,76.934685,2909.0,112.01
2023-03-28 22:00:00,127.49,0.0,10011.5,50000.0,55732.0,5.8015,78.78404,3015.0,103.33
2023-03-28 23:00:00,110.63,0.0,9806.25,51800.0,54088.0,6.1015,75.26833,3066.0,93.71
2023-03-29 00:00:00,98.0,0.0,9072.75,50150.0,50731.0,6.6015,71.17945,3371.0,78.25
2023-03-29 01:00:00,95.28,0.0,8447.25,47700.0,49013.0,7.0515,70.258575,3345.0,74.51
2023-03-29 02:00:00,99.99,0.0,8294.25,48000.0,48135.0,7.3515,68.83145,3139.0,74.44
2023-03-29 03:00:00,100.0,0.0,8199.75,45400.0,47736.0,7.6015,69.870316,2892.0,70.0
2023-03-29 04:00:00,98.47,0.0,8422.5,43850.0,47588.0,7.7015,71.39371,2621.0,67.79
2023-03-29 05:00:00,99.2,0.0,9129.75,45050.0,48712.0,7.9515,71.69505,2322.0,75.22
2023-03-29 06:00:00,117.04,0.0,9994.25,49400.0,53868.0,7.6514997,76.06814,2035.0,91.96
2023-03-29 07:00:00,144.13,17.0,10551.25,54250.0,56896.0,8.0515,76.67053,1750.0,109.01
2023-03-29 08:00:00,152.0,231.0,10972.75,56700.0,57987.0,7.7015,80.74656,1495.0,111.57
2023-03-29 09:00:00,144.17,693.0,11056.25,57300.0,59071.0,8.7015,80.32573,1559.0,86.05
2023-03-29 10:00:00,130.04,1269.0,10916.75,55550.0,58545.0,10.0015,78.59416,1563.0,78.76
2023-03-29 11:00:00,119.03,1705.0,10986.5,54300.0,57228.0,11.8515,75.718605,1543.0,81.9
2023-03-29 12:00:00,110.98,1835.0,11009.0,53250.0,56594.0,13.3515,75.456795,1629.0,76.05
2023-03-29 13:00:00,105.6,1856.0,10630.5,50600.0,56558.0,15.4515,68.59099,1737.0,75.61
2023-03-29 14:00:00,101.55,1690.0,10413.25,49850.0,56288.0,14.5015,71.22084,1837.0,78.57
2023-03-29 15:00:00,104.94,1755.0,10359.75,48750.0,56008.0,14.8515,73.46713,1894.0,69.53
2023-03-29 16:00:00,105.1,1712.0,10316.5,46250.0,55506.0,15.6515,73.12111,1867.0,81.84
2023-03-29 17:00:00,117.47,1323.0,10449.5,44500.0,56002.0,15.6015,78.1174,1770.0,101.16
2023-03-29 18:00:00,132.85,695.0,10452.5,45250.0,57704.0,15.4015,78.0873,1943.0,119.63
2023-03-29 19:00:00,149.89,161.0,10521.0,48150.0,59011.0,15.1015,76.50525,2471.0,139.88
2023-03-29 20:00:00,132.51,2.0,10542.25,48600.0,58661.0,14.6515,73.92454,2978.0,125.53
2023-03-29 21:00:00,114.92,0.0,9973.5,47550.0,56453.0,14.3015,70.229706,3206.0,108.67
2023-03-29 22:00:00,109.9,0.0,9550.75,45300.0,54186.0,14.2515,68.11586,3391.0,101.04
2023-03-29 23:00:00,94.8,0.0,9528.0,46750.0,52737.0,14.5015,64.5679,3657.0,84.91
2023-03-30 00:00:00,89.71,0.0,8774.0,44600.0,49294.0,14.3515,62.15682,4003.0,69.59
2023-03-30 01:00:00,82.51,0.0,8099.0,41750.0,48096.0,14.6015,61.16112,4111.0,67.58
2023-03-30 02:00:00,80.89,0.0,7919.5,42050.0,47408.0,15.0015,56.61541,4157.0,57.6
2023-03-30 03:00:00,78.77,0.0,7916.5,39600.0,46394.0,14.7515,60.159206,4137.0,49.0
2023-03-30 04:00:00,78.08,0.0,8103.75,37950.0,46365.0,14.2515,64.29276,4123.0,32.46
2023-03-30 05:00:00,76.8,0.0,8707.25,38900.0,49288.0,13.7015,67.08285,4097.0,57.8
2023-03-30 06:00:00,89.89,0.0,9574.5,43200.0,52178.0,12.6515,72.82497,4095.0,81.6
2023-03-30 07:00:00,119.96,29.0,10215.0,48650.0,54099.0,12.2015,78.65562,4098.0,112.45
2023-03-30 08:00:00,129.3,355.0,10593.75,51400.0,54044.0,11.6515,82.66853,4145.0,114.06
2023-03-30 09:00:00,110.0,937.0,10887.5,51900.0,54498.0,11.3515,84.324554,4225.0,95.85
2023-03-30 10:00:00,90.66,1581.0,10903.0,51700.0,54309.0,11.7015,82.95423,4264.0,65.11
2023-03-30 11:00:00,80.04,2282.0,10760.25,51250.0,55057.0,12.7515,76.38266,4268.0,46.04
2023-03-30 12:00:00,64.55,2667.0,10779.25,50900.0,54370.0,13.2015,72.67842,4249.0,38.12
2023-03-30 13:00:00,26.07,2450.0,10626.5,48550.0,52129.0,14.3015,67.66629,4193.0,38.58
2023-03-30 14:00:00,5.75,2155.0,10420.5,48100.0,51447.0,13.6015,75.24507,4089.0,52.28
2023-03-30 15:00:00,11.87,2080.0,10275.5,47450.0,50685.0,14.8015,65.517006,3964.0,55.66
2023-03-30 16:00:00,39.62,1860.0,10242.25,46150.0,50747.0,14.6015,65.03045,3804.0,89.91
2023-03-30 17:00:00,73.69,1463.0,10390.0,45100.0,51536.0,15.3015,60.49714,3687.0,119.47
2023-03-30 18:00:00,98.22,865.0,10450.75,45800.0,52995.0,13.2515,76.20655,3517.0,136.93
2023-03-30 19:00:00,120.4,198.0,10568.75,48750.0,52974.0,13.4515,75.219826,3303.0,144.4
2023-03-30 20:00:00,119.76,3.0,10587.0,48750.0,52955.0,11.7015,82.95423,3211.0,122.29
2023-03-30 21:00:00,103.28,0.0,10068.0,47050.0,52334.0,10.9515,86.29863,3220.0,93.18
2023-03-30 22:00:00,100.36,0.0,9581.75,46150.0,50743.0,10.6515,87.443954,3162.0,89.61
2023-03-30 23:00:00,90.76,0.0,9304.0,47150.0,49154.0,10.5015,87.1345,3171.0,78.12
2023-03-31 00:00:00,65.13,0.0,8604.5,44550.0,48844.0,10.3515,89.20962,3379.0,55.58
2023-03-31 01:00:00,64.9,0.0,8007.5,42050.0,48498.0,10.5515,85.38523,3593.0,44.62
2023-03-31 02:00:00,57.1,0.0,7660.5,42150.0,48275.0,11.1015,80.38541,3672.0,41.61
2023-03-31 03:00:00,48.62,0.0,7682.75,39900.0,48477.0,10.5015,85.961266,3881.0,40.9
2023-03-31 04:00:00,48.1,0.0,7882.5,38450.0,48107.0,10.2515,84.19885,4110.0,36.36
2023-03-31 05:00:00,56.83,0.0,8501.5,39200.0,49010.0,10.1015,83.60909,4268.0,41.41
2023-03-31 06:00:00,101.84,0.0,9351.0,43300.0,53812.0,10.4515,84.22181,4304.0,63.79
2023-03-31 07:00:00,113.84,15.0,9982.5,47950.0,56161.0,10.1515,89.799355,4303.0,82.32
2023-03-31 08:00:00,113.75,139.0,10327.0,50850.0,57697.0,10.4015,86.24316,4354.0,81.84
2023-03-31 09:00:00,98.39,401.0,10600.5,51850.0,58406.0,10.7515,84.256165,4434.0,62.81
2023-03-31 10:00:00,91.81,819.0,10602.75,51300.0,57918.0,11.6515,78.30692,4503.0,44.8
2023-03-31 11:00:00,96.3,1095.0,10635.5,50950.0,57403.0,11.9515,78.08704,4535.0,32.26
2023-03-31 12:00:00,84.66,1194.0,10635.0,50500.0,56887.0,11.9015,79.414024,4548.0,29.28
2023-03-31 13:00:00,70.14,1118.0,10513.0,48850.0,55320.0,10.7015,87.744576,4555.0,20.54
2023-03-31 14:00:00,77.38,1013.0,10407.75,48000.0,54814.0,10.9515,81.466225,4561.0,12.26
2023-03-31 15:00:00,73.01,925.0,10188.5,47450.0,53813.0,12.4015,72.77933,4560.0,7.48
2023-03-31 16:00:00,68.8,728.0,10034.25,45500.0,53160.0,11.0015,79.55411,4574.0,29.59
2023-03-31 17:00:00,84.51,453.0,10110.0,44800.0,55911.0,10.8515,81.730675,4556.0,79.43
2023-03-31 18:00:00,102.6,195.0,10215.75,46800.0,56574.0,10.1015,89.795525,4548.0,100.8
2023-03-31 19:00:00,110.43,50.0,10314.5,48550.0,57699.0,9.8515,90.08131,4546.0,116.23
2023-03-31 20:00:00,110.63,1.0,10203.0,49600.0,56977.0,9.7515,89.46439,4500.0,97.0
2023-03-31 21:00:00,98.83,0.0,9760.25,47900.0,55585.0,9.5515,90.67283,4434.0,82.52
2023-03-31 22:00:00,86.73,0.0,9391.25,46850.0,55270.0,9.5015,90.977776,4316.0,76.2
2023-03-31 23:00:00,80.0,0.0,9153.75,48350.0,54012.0,9.3515,91.89955,4306.0,64.9
2023-04-01 00:00:00,82.19,0.0,8798.75,45850.0,52188.0,9.2515,92.519844,4260.0,15.3
2023-04-01 01:00:00,63.9,0.0,8320.0,43200.0,49944.0,9.0515,92.50839,4182.0,-7.29
2023-04-01 02:00:00,53.84,0.0,8061.5,42550.0,47369.0,9.0515,91.56873,4059.0,-6.0
2023-04-01 03:00:00,44.39,0.0,7926.5,39750.0,46489.0,8.9015,93.76736,3926.0,-0.45
2023-04-01 04:00:00,41.22,0.0,8088.75,38250.0,45706.0,8.9015,94.72805,3818.0,-2.34
2023-04-01 05:00:00,44.16,0.0,8281.5,37900.0,45668.0,8.9015,94.72805,3761.0,-3.8
2023-04-01 06:00:00,42.5,0.0,8499.75,39400.0,46864.0,8.8515,95.048294,3755.0,-7.05
2023-04-01 07:00:00,56.49,10.0,8733.5,41050.0,48312.0,8.7515,95.36795,3691.0,-12.17
2023-04-01 08:00:00,66.03,89.0,9188.5,43000.0,51026.0,8.8515,95.69576,3545.0,-10.0
2023-04-01 09:00:00,66.87,237.0,9559.5,45550.0,52796.0,9.0515,94.41333,3333.0,4.82
2023-04-01 10:00:00,58.09,432.0,9777.75,46200.0,53385.0,9.4515,91.59432,3061.0,-7.99
2023-04-01 11:00:00,59.26,618.0,9765.25,45850.0,52279.0,9.6015,91.60391,2833.0,-1.32
2023-04-01 12:00:00,45.26,730.0,9712.0,46250.0,52191.0,9.3015,91.58474,2668.0,-2.32
2023-04-01 13:00:00,43.79,748.0,9498.75,44700.0,50658.0,9.8015,89.46834,2511.0,-12.83
2023-04-01 14:00:00,36.38,699.0,9480.5,44150.0,49701.0,9.4515,86.73739,2371.0,-11.59
2023-04-01 15:00:00,38.57,628.0,9421.75,43200.0,48894.0,9.5515,88.84193,2304.0,-0.72
2023-04-01 16:00:00,47.04,479.0,9480.25,41950.0,48942.0,9.9015,84.15857,2253.0,0.14
2023-04-01 17:00:00,61.43,335.0,9569.0,41650.0,49409.0,9.6015,84.99205,2203.0,28.23
2023-04-01 18:00:00,94.03,174.0,9731.75,43900.0,50991.0,9.3515,86.13633,2207.0,65.99
2023-04-01 19:00:00,95.97,51.0,9912.5,47100.0,51101.0,8.8015,92.17931,2266.0,88.17
2023-04-01 20:00:00,104.0,1.0,9843.75,47850.0,50453.0,8.3515,96.66124,2395.0,88.45
2023-04-01 21:00:00,87.08,0.0,9807.5,46800.0,49895.0,8.1015005,96.325645,2562.0,87.3
2023-04-01 22:00:00,81.83,0.0,9187.25,45300.0,50198.0,7.6514997,96.64285,2688.0,84.94
2023-04-01 23:00:00,68.92,0.0,8950.0,47750.0,50523.0,7.5515,97.63752,2754.0,89.89
2023-04-02 00:00:00,77.35,0.0,8222.0,47300.0,47405.0,8.5515,96.011635,2904.0,84.07
2023-04-02 01:00:00,67.48,0.0,7772.25,44900.0,45566.0,8.6015,93.75294,2966.0,65.75
2023-04-02 02:00:00,58.51,0.0,7534.5,44550.0,44746.0,8.2515,94.05687,3054.0,67.47999999999999
2023-04-02 03:00:00,60.46,0.0,7481.25,42850.0,44436.0,7.7015,94.67876,3125.0,69.21
2023-04-02 04:00:00,58.51,0.0,7465.5,40400.0,44188.0,7.2515,94.6601,3162.0,62.28
2023-04-02 05:00:00,60.46,0.0,7751.5,39100.0,44198.0,6.9014997,93.670265,3161.0,62.9
2023-04-02 06:00:00,58.72,0.0,7835.5,39700.0,44801.0,6.4515,94.29949,3167.0,63.49
2023-04-02 07:00:00,70.08,18.0,8035.5,40150.0,45876.0,6.0515,92.65578,3145.0,73.09
2023-04-02 08:00:00,75.55,159.0,8488.5,41150.0,46649.0,5.7515,92.31578,3047.0,82.1
2023-04-02 09:00:00,66.09,494.0,8907.0,43500.0,47809.0,5.4014997,90.05657,2999.0,81.58
2023-04-02 10:00:00,56.49,970.0,9232.75,45450.0,47584.0,5.2515,87.54325,2976.0,83.06
2023-04-02 11:00:00,65.32,1562.0,9458.5,46600.0,48124.0,5.2015,85.09753,2896.0,90.0
2023-04-02 12:00:00,89.94,2121.0,9409.75,47750.0,47341.0,5.4014997,81.86613,2836.0,89.85
2023-04-02 13:00:00,33.44,2528.0,9174.25,46050.0,45086.0,6.9014997,74.344475,2833.0,70.39
2023-04-02 14:00:00,18.19,2695.0,8784.0,44150.0,43911.0,5.4515,78.45046,2815.0,50.62
2023-04-02 15:00:00,24.16,2634.0,8660.75,43350.0,43975.0,6.4014997,75.052704,2755.0,45.74
2023-04-02 16:00:00,30.74,2390.0,8686.75,42000.0,45296.0,6.7015,74.83869,2691.0,48.35
2023-04-02 17:00:00,41.74,1895.0,8875.0,41950.0,47133.0,6.9515,73.82761,2680.0,77.09
2023-04-02 18:00:00,100.41,1046.0,9174.5,44400.0,48499.0,7.2015,70.0386,2680.0,106.65
2023-04-02 19:00:00,130.0,234.0,9459.5,48300.0,49341.0,7.6514997,61.212242,2668.0,117.86
2023-04-02 20:00:00,132.41,5.0,9430.5,50250.0,49793.0,6.6514997,65.78459,2658.0,112.59
2023-04-02 21:00:00,123.7,0.0,9388.75,49050.0,49288.0,4.5515,74.45808,2624.0,104.63
2023-04-02 22:00:00,119.7,0.0,8992.5,47400.0,49476.0,4.9014997,72.92468,2506.0,99.42
2023-04-02 23:00:00,110.06,0.0,8758.5,49750.0,48915.0,4.0015,77.66212,2373.0,94.64
2023-04-03 00:00:00,117.95,0.0,8430.0,48150.0,46478.0,2.6015,84.19291,1881.0,96.0
2023-04-03 01:00:00,114.73,0.0,8063.0,46000.0,45839.0,1.9514999,86.91109,1774.0,94.97
2023-04-03 02:00:00,116.79,0.0,7889.0,46650.0,45686.0,1.2514999,87.47631,1657.0,87.48
2023-04-03 03:00:00,110.78,0.0,7780.5,44450.0,45449.0,0.7015,89.688934,1550.0,83.99
2023-04-03 04:00:00,100.43,0.0,7814.25,43100.0,46108.0,0.3515,90.98211,1468.0,84.9
2023-04-03 05:00:00,110.07,0.0,8214.25,44800.0,47952.0,0.051499993,91.965416,1425.0,100.68
2023-04-03 06:00:00,139.85,0.0,9044.25,49650.0,51787.0,-0.1985,92.96586,1433.0,115.0
2023-04-03 07:00:00,169.9,68.0,9953.25,55700.0,54422.0,-0.1485,91.616234,1422.0,142.99
2023-04-03 08:00:00,191.74,802.0,10596.0,58650.0,54680.0,0.5015,88.04688,1371.0,152.36
2023-04-03 09:00:00,152.46,2010.0,11019.75,60200.0,55223.0,2.2515,84.151344,1248.0,135.11
2023-04-03 10:00:00,143.97,3199.0,11170.0,59150.0,54728.0,3.9515,78.7839,1205.0,113.23
2023-04-03 11:00:00,122.33,4104.0,11194.25,58350.0,53050.0,5.8015,72.57008,1238.0,110.0
2023-04-03 12:00:00,90.61,4845.0,11183.75,57400.0,53217.0,7.2515,63.36203,1289.0,119.9
2023-04-03 13:00:00,98.89,5217.0,10905.25,54950.0,53079.0,8.2015,59.39153,1324.0,137.07
2023-04-03 14:00:00,71.66,5144.0,10776.0,53500.0,52738.0,9.1015,52.1726,1359.0,98.5
2023-04-03 15:00:00,78.91,4634.0,10375.0,52050.0,52563.0,9.4015,47.013626,1436.0,107.2
2023-04-03 16:00:00,82.0,3948.0,10285.5,50050.0,52408.0,9.5515,42.603012,1611.0,104.32
2023-04-03 17:00:00,100.35,2975.0,10257.75,49000.0,52348.0,9.4515,43.852562,1882.0,113.25
2023-04-03 18:00:00,133.77,1548.0,10394.5,50100.0,55504.0,9.0015,46.554607,2076.0,150.38
2023-04-03 19:00:00,158.11,307.0,10430.25,53600.0,56027.0,8.1515,51.72136,2156.0,193.5
2023-04-03 20:00:00,165.89,7.0,10341.25,55350.0,56174.0,6.5015,56.843327,2172.0,202.95
2023-04-03 21:00:00,151.85,0.0,9939.5,53950.0,55145.0,5.4014997,55.929173,2173.0,186.53
2023-04-03 22:00:00,132.04,0.0,9686.5,52250.0,54307.0,4.6514997,56.566334,2086.0,131.91
2023-04-03 23:00:00,113.12,0.0,9504.5,53950.0,53770.0,3.8014998,58.27175,1919.0,114.68
2023-04-04 00:00:00,110.85,0.0,9172.0,52400.0,51798.0,3.0514998,60.29799,1970.0,175.0
2023-04-04 01:00:00,110.22,0.0,8690.75,49900.0,51213.0,2.4015,62.202984,1639.0,150.29
2023-04-04 02:00:00,116.83,0.0,8356.0,50400.0,50048.0,2.1515,62.846287,1331.0,120.0
2023-04-04 03:00:00,115.68,0.0,8224.0,48550.0,49114.0,1.4514999,66.56752,1108.0,103.97
2023-04-04 04:00:00,116.63,0.0,8335.5,47500.0,49386.0,1.0515001,69.02217,939.0,100.4
2023-04-04 05:00:00,121.91,0.0,8710.75,49350.0,51913.0,0.3515,72.8678,757.0,108.3
2023-04-04 06:00:00,145.43,0.0,9441.5,54150.0,56167.0,-0.4985,77.213776,676.0,130.04
2023-04-04 07:00:00,180.85,78.0,10139.75,60350.0,57447.0,-1.1984999,80.959465,656.0,160.06
2023-04-04 08:00:00,197.61,867.0,10731.0,63250.0,57792.0,-0.7985,81.31953,616.0,168.13
2023-04-04 09:00:00,170.75,2126.0,11108.25,64000.0,58368.0,1.2014999,78.64633,434.0,135.81
2023-04-04 10:00:00,137.65,3326.0,11167.75,62600.0,57803.0,3.4515,72.91703,309.0,131.08
2023-04-04 11:00:00,112.02,4293.0,11124.75,60850.0,56031.0,5.3015,60.190876,261.0,117.39
2023-04-04 12:00:00,116.9,5013.0,10861.5,59300.0,56463.0,6.3515,54.75072,244.0,104.17
2023-04-04 13:00:00,109.47,5272.0,10602.75,56450.0,55941.0,7.2515,54.992134,218.0,99.99
2023-04-04 14:00:00,107.31,5183.0,10454.5,55150.0,55224.0,7.9014997,53.383175,185.0,93.26
2023-04-04 15:00:00,108.71,4796.0,10441.5,53650.0,54806.0,8.6515,52.42963,180.0,94.34
2023-04-04 16:00:00,112.73,4101.0,10335.75,51950.0,54223.0,9.0515,51.032722,221.0,96.22
2023-04-04 17:00:00,122.0,3011.0,10499.75,50500.0,54633.0,9.2015,49.426224,294.0,108.59
2023-04-04 18:00:00,147.1,1540.0,10704.75,51900.0,56408.0,8.9515,49.71805,372.0,136.87
2023-04-04 19:00:00,180.0,325.0,10551.25,55800.0,57273.0,8.4015,53.518913,427.0,160.98
2023-04-04 20:00:00,177.32,9.0,10560.75,57750.0,56593.0,5.8515,68.270905,479.0,159.34
2023-04-04 21:00:00,156.09,0.0,10151.75,55850.0,55630.0,4.0515,73.56269,500.0,133.02
2023-04-04 22:00:00,141.4,0.0,9790.0,54250.0,54639.0,3.1015,77.2357,465.0,127.49
2023-04-04 23:00:00,129.84,0.0,9558.0,55400.0,54484.0,2.1515,81.13113,399.0,110.63
2023-04-05 00:00:00,127.14,0.0,8959.25,53650.0,50768.0,0.9015,85.230934,281.0,98.0
2023-04-05 01:00:00,117.93,0.0,8451.75,51350.0,49829.0,0.0014999956,86.71407,199.0,95.28
2023-04-05 02:00:00,119.44,0.0,8210.25,51350.0,48856.0,0.8515,80.948906,126.0,99.99
2023-04-05 03:00:00,118.09,0.0,8121.5,49500.0,48229.0,0.4515,82.40123,72.0,100.0
2023-04-05 04:00:00,124.57,0.0,8340.75,48950.0,47873.0,-0.6985,86.32171,48.0,98.47
2023-04-05 05:00:00,134.03,0.0,8613.0,50550.0,49840.0,-0.8985,85.026985,35.0,99.2
2023-04-05 06:00:00,166.15,0.0,9332.5,54900.0,53212.0,0.1515,78.19028,37.0,117.04
2023-04-05 07:00:00,208.13,92.0,10045.75,60600.0,55752.0,-0.1485,78.43457,39.0,144.13
2023-04-05 08:00:00,186.25,975.0,10524.75,63050.0,56518.0,-0.09850001,84.17909,41.0,152.0
2023-04-05 09:00:00,150.01,2343.0,10849.5,63500.0,56644.0,2.9015,77.76794,38.0,144.17
2023-04-05 10:00:00,126.05,3616.0,10889.75,61700.0,55505.0,5.8515,72.06042,32.0,130.04
2023-04-05 11:00:00,118.35,4778.0,10870.75,59950.0,53987.0,7.9014997,57.62396,29.0,119.03
2023-04-05 12:00:00,112.96,5374.0,10928.0,58650.0,54458.0,8.9015,53.073345,23.0,110.98
2023-04-05 13:00:00,112.75,5469.0,10693.75,56450.0,54491.0,9.5515,52.86631,17.0,105.6
2023-04-05 14:00:00,112.95,5264.0,10440.75,55100.0,54053.0,10.0515,45.506294,13.0,101.55
2023-04-05 15:00:00,112.66,4842.0,10200.0,53050.0,53575.0,10.8515,47.42849,10.0,104.94
2023-04-05 16:00:00,116.35,4155.0,10070.25,51050.0,53451.0,11.2015,48.7435,10.0,105.1
2023-04-05 17:00:00,135.57,3057.0,10040.5,49650.0,55169.0,11.2515,47.714237,12.0,117.47
2023-04-05 18:00:00,156.5,1565.0,10038.25,51550.0,57053.0,11.0515,47.48542,16.0,132.85
2023-04-05 19:00:00,199.56,343.0,10060.5,55250.0,57616.0,10.6015,49.999218,28.0,149.89
2023-04-05 20:00:00,191.65,10.0,9976.75,56250.0,57371.0,10.0015,50.37623,67.0,132.51
2023-04-05 21:00:00,164.98,0.0,9598.0,54750.0,55948.0,8.5015,56.744324,146.0,114.92
2023-04-05 22:00:00,151.39,0.0,9401.75,52550.0,54801.0,3.9515,78.21719,246.0,109.9
2023-04-05 23:00:00,139.13,0.0,9208.25,54250.0,53700.0,3.6015,77.87965,364.0,94.8
2023-04-06 00:00:00,135.54,0.0,8728.0,52400.0,52336.0,4.1015,71.98408,336.0,89.71
2023-04-06 01:00:00,124.12,0.0,8293.5,49550.0,50862.0,4.2515,65.72423,456.0,82.51
2023-04-06 02:00:00,120.0,0.0,8070.5,50350.0,49856.0,4.6015,62.27401,592.0,80.89
2023-04-06 03:00:00,115.33,0.0,7907.25,48300.0,49364.0,5.3015,59.092297,741.0,78.77
2023-04-06 04:00:00,114.85,0.0,8003.75,47050.0,49499.0,5.3015,61.759323,817.0,78.08
2023-04-06 05:00:00,124.91,0.0,8335.75,48450.0,50661.0,5.6514997,64.37829,830.0,76.8
2023-04-06 06:00:00,142.51,0.0,9060.25,52800.0,54121.0,6.0515,64.236824,894.0,89.89
2023-04-06 07:00:00,161.63,37.0,9757.75,58750.0,56077.0,6.1514997,63.79505,1045.0,119.96
2023-04-06 08:00:00,161.9,225.0,10250.0,61250.0,56883.0,5.9515,68.04596,1323.0,129.3
2023-04-06 09:00:00,150.71,473.0,10593.25,61050.0,57040.0,6.0515,75.259674,1674.0,110.0
2023-04-06 10:00:00,135.37,684.0,10841.25,60000.0,56475.0,6.4515,82.58388,1989.0,90.66
2023-04-06 11:00:00,125.32,830.0,10923.25,58100.0,54144.0,6.6514997,86.458305,2283.0,80.04
2023-04-06 12:00:00,114.55,891.0,10656.5,57200.0,54057.0,7.2515,86.518814,2521.0,64.55
2023-04-06 13:00:00,107.02,876.0,10590.25,54400.0,54277.0,7.3515,87.73875,2581.0,26.07
2023-04-06 14:00:00,107.54,881.0,10582.75,53700.0,54097.0,7.6514997,86.55895,2669.0,5.75
2023-04-06 15:00:00,108.4,979.0,10347.25,52300.0,54179.0,7.9014997,88.3974,2668.0,11.87
2023-04-06 16:00:00,109.87,1043.0,10124.75,50950.0,53832.0,8.1015005,89.64061,2670.0,39.62
2023-04-06 17:00:00,121.25,937.0,10053.5,49250.0,55665.0,9.1015,88.50135,2619.0,73.69
2023-04-06 18:00:00,140.0,648.0,10104.5,50100.0,58304.0,10.0015,86.79121,2530.0,98.22
2023-04-06 19:00:00,150.16,200.0,10205.5,53150.0,58122.0,10.3515,85.074165,2422.0,120.4
2023-04-06 20:00:00,144.44,8.0,10094.5,54500.0,56348.0,10.0015,83.597206,2184.0,119.76
2023-04-06 21:00:00,145.43,0.0,9759.5,52800.0,55242.0,9.0015,90.633934,1877.0,103.28
2023-04-06 22:00:00,134.49,0.0,9497.5,51900.0,54178.0,8.9515,91.25073,1716.0,100.36
2023-04-06 23:00:00,125.13,0.0,9241.5,53400.0,52866.0,8.0015,94.36776,1614.0,90.76
2023-04-07 00:00:00,127.0,0.0,8838.75,50700.0,48864.0,7.7015,95.32994,1353.0,65.13
2023-04-07 01:00:00,117.69,0.0,8536.0,48450.0,47919.0,7.2015,95.969315,1414.0,64.9
2023-04-07 02:00:00,114.99,0.0,8151.0,49250.0,47161.0,6.8515,93.6678,1515.0,57.1
2023-04-07 03:00:00,112.77,0.0,7889.75,46450.0,46051.0,6.6015,93.98034,1611.0,48.62
2023-04-07 04:00:00,110.93,0.0,7818.25,45250.0,46240.0,6.3015,95.27854,1697.0,48.1
2023-04-07 05:00:00,113.9,0.0,8192.0,47550.0,46879.0,5.8015,96.25864,1745.0,56.83
2023-04-07 06:00:00,124.71,0.0,8867.75,52600.0,50386.0,5.3515,96.91855,1698.0,101.84
2023-04-07 07:00:00,154.4,65.0,9615.25,57950.0,51817.0,4.8515,97.92799,1675.0,113.84
2023-04-07 08:00:00,163.21,443.0,10148.25,60050.0,52985.0,5.3515,97.93623,1618.0,113.75
2023-04-07 09:00:00,167.15,959.0,10499.25,59750.0,54208.0,6.9515,94.974556,1552.0,98.39
2023-04-07 10:00:00,132.06,1465.0,10718.0,58400.0,53429.0,8.5015,89.05884,1490.0,91.81
2023-04-07 11:00:00,125.0,1878.0,10662.5,57400.0,51381.0,9.3515,83.51959,1467.0,96.3
2023-04-07 12:00:00,112.02,2190.0,10463.75,55900.0,51709.0,9.4015,80.14701,1423.0,84.66
2023-04-07 13:00:00,107.69,2476.0,10381.0,52750.0,51312.0,10.3015,78.909645,1373.0,70.14
2023-04-07 14:00:00,110.83,2683.0,10225.25,51000.0,51066.0,10.3015,74.68115,1296.0,77.38
2023-04-07 15:00:00,102.79,2728.0,10135.75,49600.0,50844.0,9.7515,76.68063,1185.0,73.01
2023-04-07 16:00:00,108.48,2493.0,9906.25,48650.0,50294.0,9.6015,77.724205,1075.0,68.8
2023-04-07 17:00:00,116.53,1952.0,9887.25,48050.0,51030.0,10.0515,75.41605,988.0,84.51
2023-04-07 18:00:00,127.94,1111.0,9982.0,48200.0,53058.0,9.6515,74.051834,931.0,102.6
2023-04-07 19:00:00,145.55,306.0,9978.5,51200.0,53853.0,9.2015,73.714195,860.0,110.43
2023-04-07 20:00:00,158.26,13.0,9878.75,52850.0,53599.0,8.5515,78.10164,810.0,110.63
2023-04-07 21:00:00,148.31,0.0,9447.25,51500.0,53170.0,8.0015,80.78807,739.0,98.83
2023-04-07 22:00:00,141.25,0.0,9302.75,50250.0,51918.0,7.5515,84.17655,589.0,86.73
2023-04-07 23:00:00,138.48,0.0,8996.25,52850.0,51354.0,7.1514997,87.72033,421.0,80.0
2023-04-08 00:00:00,127.86,0.0,8770.5,50400.0,49374.0,6.6514997,91.73047,296.0,82.19
2023-04-08 01:00:00,116.0,0.0,8390.5,47950.0,47273.0,6.6015,93.33167,284.0,63.9
2023-04-08 02:00:00,116.06,0.0,7994.75,47400.0,45767.0,4.9014997,97.2469,285.0,53.84
2023-04-08 03:00:00,110.75,0.0,7894.75,44900.0,45878.0,4.5515,98.266495,285.0,44.39
2023-04-08 04:00:00,110.78,0.0,7884.5,43150.0,45558.0,4.5515,98.61106,263.0,41.22
2023-04-08 05:00:00,112.16,0.0,7948.75,43300.0,45846.0,4.9515,97.929634,241.0,44.16
2023-04-08 06:00:00,117.08,0.0,8110.0,44650.0,48100.0,4.9515,97.929634,229.0,42.5
2023-04-08 07:00:00,129.35,68.0,8313.0,46150.0,49353.0,5.3015,97.59501,225.0,56.49
2023-04-08 08:00:00,136.23,425.0,8651.0,47900.0,49787.0,5.9515,95.26556,218.0,66.03
2023-04-08 09:00:00,133.97,938.0,9217.75,50250.0,50813.0,7.0015,90.80458,200.0,66.87
2023-04-08 10:00:00,114.2,1465.0,9550.0,49950.0,50900.0,8.4515,80.29051,176.0,58.09
2023-04-08 11:00:00,106.73,2049.0,9747.5,48500.0,50088.0,9.2515,75.018425,152.0,59.26
2023-04-08 12:00:00,96.64,2609.0,9717.0,47900.0,48732.0,9.8015,74.078445,129.0,45.26
2023-04-08 13:00:00,90.42,3143.0,9582.0,45300.0,48191.0,10.3015,73.14787,128.0,43.79
2023-04-08 14:00:00,85.44,3379.0,9373.25,43450.0,47574.0,11.2515,69.86791,135.0,36.38
2023-04-08 15:00:00,90.94,3346.0,9340.0,42300.0,47088.0,11.8015,68.54614,165.0,38.57
2023-04-08 16:00:00,97.53,2958.0,9345.75,40450.0,46966.0,12.1515,68.85422,214.0,47.04
2023-04-08 17:00:00,106.06,2256.0,9320.5,39650.0,48006.0,12.5015,66.82817,278.0,61.43
2023-04-08 18:00:00,120.44,1244.0,9467.75,41550.0,52125.0,12.7015,64.386604,353.0,94.03
2023-04-08 19:00:00,135.57,329.0,9609.25,44300.0,52117.0,12.6015,65.70947,453.0,95.97
2023-04-08 20:00:00,140.03,15.0,9543.25,46600.0,52142.0,10.9515,81.74373,579.0,104.0
2023-04-08 21:00:00,137.31,0.0,9136.75,46250.0,51744.0,10.1015,80.245674,649.0,87.08
2023-04-08 22:00:00,134.9,0.0,8921.25,46250.0,50415.0,9.9015,81.04805,629.0,81.83
2023-04-08 23:00:00,126.98,0.0,8796.25,48650.0,49907.0,9.0015,87.58883,553.0,68.92
2023-04-09 00:00:00,127.99,0.0,8531.25,47150.0,47872.0,7.2515,95.970894,382.0,77.35
2023-04-09 01:00:00,117.86,0.0,8034.0,45000.0,47516.0,5.3515,96.91855,314.0,67.48
2023-04-09 02:00:00,119.83,0.0,7708.5,44600.0,46165.0,5.5015,91.33636,240.0,58.51
2023-04-09 03:00:00,117.99,0.0,7542.0,42550.0,45656.0,5.0015,91.62457,180.0,60.46
2023-04-09 04:00:00,118.24,0.0,7536.0,41000.0,44654.0,4.5515,93.55328,147.0,58.51
2023-04-09 05:00:00,117.86,0.0,7528.5,40950.0,44613.0,3.4515,95.84819,135.0,60.46
2023-04-09 06:00:00,120.0,0.0,7745.75,42100.0,44610.0,3.1015,96.51966,141.0,58.72
2023-04-09 07:00:00,118.9,128.0,7928.5,42550.0,45094.0,3.1015,97.20702,159.0,70.08
2023-04-09 08:00:00,122.98,827.0,8229.75,44000.0,45705.0,4.2515,95.53759,166.0,75.55
2023-04-09 09:00:00,112.21,1791.0,8660.25,45300.0,45246.0,6.6015,89.83426,110.0,66.09
2023-04-09 10:00:00,100.0,2728.0,8984.5,45450.0,45462.0,9.1515,83.78321,77.0,56.49
2023-04-09 11:00:00,87.0,3456.0,9281.5,45150.0,45751.0,11.4015,77.20928,61.0,65.32
2023-04-09 12:00:00,81.96,3661.0,9323.5,45400.0,45206.0,13.0015,71.41863,45.0,89.94
2023-04-09 13:00:00,60.01,3466.0,9202.75,43300.0,44219.0,14.5515,61.77982,24.0,33.44
2023-04-09 14:00:00,55.0,3103.0,8957.75,40600.0,43386.0,14.1515,62.323288,16.0,18.19
2023-04-09 15:00:00,56.0,2747.0,8596.0,39600.0,43008.0,14.8515,59.977734,18.0,24.16
2023-04-09 16:00:00,74.0,2441.0,8455.0,37700.0,43950.0,15.0015,57.794952,30.0,30.74
2023-04-09 17:00:00,86.35,1916.0,8692.25,37200.0,45027.0,14.9515,56.2142,69.0,41.74
2023-04-09 18:00:00,115.2,1114.0,8965.25,39150.0,46123.0,14.7015,57.126854,148.0,100.41
2023-04-09 19:00:00,129.97,327.0,9183.0,42300.0,47486.0,14.2515,63.855682,274.0,130.0
2023-04-09 20:00:00,133.46,17.0,9246.75,44400.0,47558.0,12.3515,77.35885,497.0,132.41
2023-04-09 21:00:00,126.39,0.0,8986.0,44300.0,47390.0,10.7515,78.16998,822.0,123.7
2023-04-09 22:00:00,115.0,0.0,8806.25,43350.0,46614.0,10.4015,78.38496,1165.0,119.7
2023-04-09 23:00:00,106.94,0.0,8677.25,45350.0,46408.0,10.2015,78.354576,1466.0,110.06
2023-04-10 00:00:00,98.21,0.0,8300.5,43000.0,43336.0,9.7015,76.67251,2515.0,117.95
2023-04-10 01:00:00,81.85,0.0,7934.75,41300.0,42599.0,8.9015,76.01078,2799.0,114.73
2023-04-10 02:00:00,78.14,0.0,7700.75,41450.0,42069.0,9.2515,70.447624,2990.0,116.79
2023-04-10 03:00:00,71.9,0.0,7578.0,38800.0,41147.0,8.8015,68.402824,3097.0,110.78
2023-04-10 04:00:00,70.0,0.0,7588.75,36950.0,40796.0,8.3515,68.06718,3118.0,100.43
2023-04-10 05:00:00,72.96,0.0,7613.5,36650.0,40505.0,8.1515,66.35327,3138.0,110.07
2023-04-10 06:00:00,80.0,0.0,7775.5,38250.0,40770.0,7.5515,65.98483,3188.0,139.85
2023-04-10 07:00:00,77.83,106.0,7863.5,39250.0,41310.0,7.7015,63.23967,3199.0,169.9
2023-04-10 08:00:00,69.67,566.0,8128.25,40950.0,41189.0,8.5015,62.750656,3158.0,191.74
2023-04-10 09:00:00,54.98,1077.0,8476.75,42800.0,41577.0,9.5515,63.220543,3209.0,152.46
2023-04-10 10:00:00,26.38,1507.0,8694.5,43600.0,39231.0,10.7515,64.6203,3160.0,143.97
2023-04-10 11:00:00,19.82,1717.0,8851.5,44150.0,39121.0,11.7015,68.762405,3138.0,122.33
2023-04-10 12:00:00,20.44,1784.0,8881.0,45150.0,37795.0,12.9015,69.006424,3284.0,90.61
2023-04-10 13:00:00,-2.82,1698.0,8634.75,42950.0,37035.0,15.3515,64.756134,3482.0,98.89
2023-04-10 14:00:00,-3.5,1427.0,8361.0,40900.0,36298.0,15.4015,61.35003,3672.0,71.66
2023-04-10 15:00:00,0.56,1080.0,8189.0,40550.0,36427.0,13.9015,71.106766,3757.0,78.91
2023-04-10 16:00:00,0.32,700.0,8107.75,39200.0,36653.0,14.3015,70.70488,3772.0,82.0
2023-04-10 17:00:00,20.02,395.0,8319.75,38600.0,39426.0,13.6515,68.68932,3832.0,100.35
2023-04-10 18:00:00,51.28,210.0,8679.75,39950.0,44404.0,11.7515,83.80355,3947.0,133.77
2023-04-10 19:00:00,80.0,73.0,8906.0,43000.0,45712.0,11.4015,88.6968,3974.0,158.11
2023-04-10 20:00:00,85.0,6.0,9074.75,44900.0,46824.0,11.3015,89.58589,3915.0,165.89
2023-04-10 21:00:00,88.01,0.0,8999.75,44300.0,46673.0,11.1515,87.19606,3907.0,151.85
2023-04-10 22:00:00,80.15,0.0,8891.75,43200.0,45873.0,10.6515,86.85443,4054.0,132.04
2023-04-10 23:00:00,54.71,0.0,8724.75,44750.0,43726.0,9.6515,88.548546,4198.0,113.12
2023-04-11 00:00:00,23.91,0.0,8251.0,42800.0,41559.0,9.6515,85.87328,4076.0,110.85
2023-04-11 01:00:00,1.43,0.0,7888.0,40850.0,39483.0,9.1015,85.52204,4091.0,110.22
2023-04-11 02:00:00,0.84,0.0,7664.0,41050.0,39066.0,9.0515,84.349625,4099.0,116.83
2023-04-11 03:00:00,1.09,0.0,7599.0,39150.0,38339.0,8.4015,82.82974,4089.0,115.68
2023-04-11 04:00:00,6.11,0.0,7758.25,38100.0,38232.0,7.8515,82.760895,4050.0,116.63
2023-04-11 05:00:00,34.98,0.0,8227.0,39300.0,41199.0,7.1514997,82.67271,3982.0,121.91
2023-04-11 06:00:00,95.23,0.0,9071.5,43850.0,45316.0,6.7515,83.49595,3883.0,145.43
2023-04-11 07:00:00,121.61,165.0,9642.5,48200.0,49458.0,6.3515,84.331825,3706.0,180.85
2023-04-11 08:00:00,130.32,1023.0,10102.5,51400.0,50465.0,6.7015,83.4899,3451.0,197.61
2023-04-11 09:00:00,117.1,2132.0,10409.5,52400.0,50700.0,8.1015005,81.366196,3360.0,170.75
2023-04-11 10:00:00,84.22,3188.0,10484.25,52250.0,50817.0,9.5515,73.77703,3289.0,137.65
2023-04-11 11:00:00,57.83,4066.0,10419.75,52100.0,50424.0,10.9015,64.428444,3035.0,112.02
2023-04-11 12:00:00,56.08,4500.0,10222.0,52200.0,49767.0,12.0015,55.452724,2757.0,116.9
2023-04-11 13:00:00,50.84,4455.0,10030.75,50250.0,49088.0,12.8015,52.98798,2624.0,109.47
2023-04-11 14:00:00,59.11,4132.0,9909.0,49700.0,48006.0,12.1515,56.0812,2581.0,107.31
2023-04-11 15:00:00,50.64,3431.0,9821.25,48850.0,47469.0,12.8515,54.706,2510.0,108.71
2023-04-11 16:00:00,75.0,2677.0,9680.75,47600.0,46150.0,12.8015,52.98798,2545.0,112.73
2023-04-11 17:00:00,83.5,1824.0,9754.25,46800.0,47905.0,11.9015,58.023045,2572.0,122.0
2023-04-11 18:00:00,130.8,959.0,9949.5,47250.0,51841.0,11.9015,57.41451,2404.0,147.1
2023-04-11 19:00:00,162.46,316.0,9944.5,49350.0,52829.0,10.7515,66.22053,2194.0,180.0
2023-04-11 20:00:00,165.38,20.0,9964.5,50100.0,52768.0,9.9015,72.56885,2170.0,177.32
2023-04-11 21:00:00,141.39,0.0,9644.75,48300.0,51856.0,9.3515,76.0857,2497.0,156.09
2023-04-11 22:00:00,130.8,0.0,9349.25,46650.0,51138.0,9.1015,79.00343,2864.0,141.4
2023-04-11 23:00:00,111.0,0.0,9109.5,47900.0,51242.0,8.8015,83.45348,3250.0,129.84
2023-04-12 00:00:00,95.15,0.0,8654.25,45800.0,47503.0,8.6515,87.857544,3858.0,127.14
2023-04-12 01:00:00,76.04,0.0,8142.5,43200.0,45814.0,8.6515,87.55642,4004.0,117.93
2023-04-12 02:00:00,56.6,0.0,7857.75,42750.0,44358.0,8.0015,84.52125,4142.0,119.44
2023-04-12 03:00:00,41.5,0.0,7768.5,40300.0,43700.0,8.2015,87.21339,4206.0,118.09
2023-04-12 04:00:00,42.3,0.0,7804.0,39050.0,43316.0,8.2015,87.8166,4124.0,124.57
2023-04-12 05:00:00,80.0,0.0,8134.75,40600.0,43867.0,8.4015,88.745285,3805.0,134.03
2023-04-12 06:00:00,108.47,0.0,8831.0,45050.0,47249.0,8.7515,89.69133,3228.0,166.15
2023-04-12 07:00:00,125.11,57.0,9605.0,49400.0,50054.0,8.8015,91.240746,2681.0,208.13
2023-04-12 08:00:00,136.41,278.0,10076.0,53250.0,51587.0,8.8015,94.082054,2281.0,186.25
2023-04-12 09:00:00,131.99,754.0,10386.25,53850.0,52113.0,8.1515,88.724106,2167.0,150.01
2023-04-12 10:00:00,120.0,1444.0,10463.0,53200.0,52016.0,7.8015,87.78006,2160.0,126.05
2023-04-12 11:00:00,111.56,2136.0,10416.0,52700.0,50961.0,8.8515,80.06901,2289.0,118.35
2023-04-12 12:00:00,100.81,2688.0,10390.25,52350.0,50106.0,10.2015,70.634575,2630.0,112.96
2023-04-12 13:00:00,97.36,3035.0,10166.0,50300.0,50352.0,11.5515,65.70667,2898.0,112.75
2023-04-12 14:00:00,97.62,3336.0,9949.25,50100.0,50343.0,11.2515,69.1471,3140.0,112.95
2023-04-12 15:00:00,97.07,3322.0,9778.5,49650.0,50902.0,9.9015,80.49355,3341.0,112.66
2023-04-12 16:00:00,100.34,3017.0,9691.5,48650.0,51351.0,10.7515,61.95649,3552.0,116.35
2023-04-12 17:00:00,109.73,2375.0,9691.0,47900.0,53387.0,11.5515,55.139492,3696.0,135.57
2023-04-12 18:00:00,125.28,1313.0,9819.25,48950.0,55484.0,11.1015,47.84422,3768.0,156.5
2023-04-12 19:00:00,134.03,388.0,9922.75,51550.0,56457.0,9.9515,56.308296,3849.0,199.56
2023-04-12 20:00:00,128.75,28.0,9927.25,51650.0,55940.0,8.9515,61.74654,3972.0,191.65
2023-04-12 21:00:00,119.3,0.0,9588.25,50250.0,54653.0,7.8015,66.04017,4154.0,164.98
2023-04-12 22:00:00,109.3,0.0,9400.75,48600.0,51414.0,7.9014997,67.25032,4351.0,151.39
2023-04-12 23:00:00,97.95,0.0,9207.0,50600.0,48983.0,8.1015005,61.321453,4475.0,139.13
2023-04-13 00:00:00,97.23,0.0,8789.75,48750.0,48594.0,6.3515,77.2082,4528.0,135.54
2023-04-13 01:00:00,85.09,0.0,8346.25,46300.0,47626.0,6.2515,82.849724,4437.0,124.12
2023-04-13 02:00:00,79.78,0.0,7993.75,46450.0,46571.0,6.9515,84.40109,4317.0,120.0
2023-04-13 03:00:00,72.86,0.0,7851.25,44150.0,46303.0,7.0015,87.0982,4257.0,115.33
2023-04-13 04:00:00,71.95,0.0,7923.5,43000.0,46053.0,6.8015,89.227325,4195.0,114.85
2023-04-13 05:00:00,83.29,0.0,8191.0,44450.0,46476.0,7.0515,89.869,4127.0,124.91
2023-04-13 06:00:00,104.1,1.0,8922.0,48450.0,50742.0,6.3015,89.18638,4026.0,142.51
2023-04-13 07:00:00,122.49,159.0,9580.25,53100.0,53051.0,5.9515,89.78377,3915.0,161.63
2023-04-13 08:00:00,138.36,782.0,10127.75,55700.0,53979.0,6.6514997,86.76084,3813.0,161.9
2023-04-13 09:00:00,128.59,1620.0,10512.0,56100.0,54791.0,7.7015,78.24353,3740.0,150.71
2023-04-13 10:00:00,98.16,2490.0,10718.75,55250.0,54511.0,8.9015,71.8766,3684.0,135.37
2023-04-13 11:00:00,115.0,3327.0,10857.0,54500.0,52889.0,9.8515,64.416824,3536.0,125.32
2023-04-13 12:00:00,77.59,4056.0,10687.25,54250.0,51712.0,11.1015,58.02573,3298.0,114.55
2023-04-13 13:00:00,80.0,4408.0,10537.0,52150.0,51371.0,11.6015,54.376335,3083.0,107.02
2023-04-13 14:00:00,92.4,4446.0,10379.0,52100.0,50788.0,11.9015,50.180748,2812.0,107.54
2023-04-13 15:00:00,100.3,4120.0,10231.5,51650.0,50537.0,12.6015,47.07531,2548.0,108.4
2023-04-13 16:00:00,100.0,3488.0,10102.75,49950.0,51475.0,13.0015,47.866203,2408.0,109.87
2023-04-13 17:00:00,110.52,2596.0,10148.25,49150.0,52832.0,12.9515,44.388454,2362.0,121.25
2023-04-13 18:00:00,130.07,1416.0,10265.75,50500.0,53921.0,11.7015,46.81927,2239.0,140.0
2023-04-13 19:00:00,168.78,415.0,10278.5,53250.0,54700.0,10.8015,52.82518,2210.0,150.16
2023-04-13 20:00:00,177.72,32.0,10233.25,53150.0,54137.0,9.4015,60.117573,2204.0,144.44
2023-04-13 21:00:00,159.3,0.0,9857.0,52050.0,52171.0,7.4014997,71.335495,2209.0,145.43
2023-04-13 22:00:00,140.12,0.0,9589.5,51050.0,50937.0,6.5015,79.73069,2137.0,134.49
2023-04-13 23:00:00,134.5,0.0,9388.25,52950.0,50497.0,5.7015,84.55424,2071.0,125.13
2023-04-14 00:00:00,118.09,0.0,8776.75,51100.0,48731.0,5.0015,88.452225,1624.0,127.0
2023-04-14 01:00:00,112.8,0.0,8306.0,49250.0,47639.0,4.4515,90.94381,1418.0,117.69
2023-04-14 02:00:00,116.54,0.0,8104.0,49350.0,46515.0,4.9515,85.37202,1322.0,114.99
2023-04-14 03:00:00,112.8,0.0,8014.25,47100.0,46351.0,4.1515,89.642006,1264.0,112.77
2023-04-14 04:00:00,113.14,0.0,8049.75,45700.0,46276.0,3.7515,91.543015,1182.0,110.93
2023-04-14 05:00:00,127.4,0.0,8390.0,46900.0,47571.0,3.2515,92.82399,1107.0,113.9
2023-04-14 06:00:00,144.74,3.0,9091.25,50700.0,51154.0,2.8515,93.46665,1068.0,124.71
2023-04-14 07:00:00,171.72,218.0,9789.5,55000.0,53234.0,2.7015,92.792946,1057.0,154.4
2023-04-14 08:00:00,176.01,1135.0,10333.75,57050.0,53309.0,4.0015,89.31203,1087.0,163.21
2023-04-14 09:00:00,152.16,2207.0,10645.75,57550.0,53144.0,6.1015,85.797905,986.0,167.15
2023-04-14 10:00:00,148.08,3082.0,10756.75,56800.0,53538.0,8.8015,79.78483,957.0,132.06
2023-04-14 11:00:00,131.44,3735.0,10752.5,56150.0,52713.0,10.7515,68.56736,990.0,125.0
2023-04-14 12:00:00,111.7,4037.0,10479.75,55800.0,52176.0,11.7015,64.16106,928.0,112.02
2023-04-14 13:00:00,105.64,3943.0,10387.0,53800.0,51814.0,12.4015,60.635406,786.0,107.69
2023-04-14 14:00:00,107.43,3704.0,10168.25,52700.0,50956.0,12.9515,53.590904,639.0,110.83
2023-04-14 15:00:00,104.83,3407.0,10041.25,51700.0,50538.0,13.2015,55.56992,562.0,102.79
2023-04-14 16:00:00,105.0,3047.0,9800.0,49650.0,50224.0,13.0015,55.71269,486.0,108.48
2023-04-14 17:00:00,120.5,2435.0,9889.25,48900.0,50610.0,13.0515,51.945465,443.0,116.53
2023-04-14 18:00:00,138.16,1400.0,9965.5,49850.0,52947.0,13.1015,50.155712,416.0,127.94
2023-04-14 19:00:00,151.8,421.0,9848.0,51800.0,53902.0,12.5015,56.765736,394.0,145.55
2023-04-14 20:00:00,152.53,36.0,9699.75,52200.0,53632.0,10.4515,71.67103,452.0,158.26
2023-04-14 21:00:00,151.65,0.0,9299.25,51250.0,51481.0,8.7015,76.24292,537.0,148.31
2023-04-14 22:00:00,135.0,0.0,9230.5,50450.0,50556.0,8.5515,75.15986,641.0,141.25
2023-04-14 23:00:00,120.29,0.0,9027.0,52050.0,49797.0,7.7015,77.15328,739.0,138.48
2023-04-15 00:00:00,123.9,0.0,8550.25,49300.0,49350.0,6.6015,81.7363,703.0,127.86
2023-04-15 01:00:00,112.0,0.0,8056.0,47050.0,47777.0,6.7015,81.74956,599.0,116.0
2023-04-15 02:00:00,114.38,0.0,7788.25,46450.0,46880.0,7.4014997,82.993454,562.0,116.06
2023-04-15 03:00:00,108.0,0.0,7655.5,43700.0,45032.0,7.3015,88.344894,569.0,110.75
2023-04-15 04:00:00,105.14,0.0,7630.5,41950.0,44863.0,7.3015,88.65167,593.0,110.78
2023-04-15 05:00:00,103.55,0.0,7733.0,41800.0,45128.0,7.5015,88.05702,618.0,112.16
2023-04-15 06:00:00,105.56,3.0,7900.5,42600.0,45646.0,7.5515,89.9074,660.0,117.08
2023-04-15 07:00:00,104.85,193.0,8112.75,43900.0,46375.0,7.4515,91.15016,667.0,129.35
2023-04-15 08:00:00,106.21,898.0,8481.75,45250.0,47803.0,7.3015,92.40716,664.0,136.23
2023-04-15 09:00:00,102.53,1912.0,9028.25,47500.0,49309.0,7.6015,90.846596,573.0,133.97
2023-04-15 10:00:00,101.57,3151.0,9345.5,48800.0,48904.0,7.8015,89.617065,603.0,114.2
2023-04-15 11:00:00,93.95,4255.0,9523.25,49150.0,48633.0,9.6015,84.1239,789.0,106.73
2023-04-15 12:00:00,87.35,4801.0,9479.5,49400.0,47390.0,11.6515,74.65847,1010.0,96.64
2023-04-15 13:00:00,86.69,4848.0,9354.0,47350.0,47398.0,13.5015,61.10987,1258.0,90.42
2023-04-15 14:00:00,79.69,4698.0,9129.75,45850.0,46833.0,14.4515,44.187046,1569.0,85.44
2023-04-15 15:00:00,70.27,4323.0,9054.25,45100.0,46348.0,14.6515,45.51674,1798.0,90.94
2023-04-15 16:00:00,78.58,3712.0,9065.0,43750.0,45975.0,14.7015,45.692253,1982.0,97.53
2023-04-15 17:00:00,98.81,2862.0,9135.5,43050.0,47815.0,14.3515,47.401657,2075.0,106.06
2023-04-15 18:00:00,112.66,1610.0,9241.5,44250.0,50537.0,13.0515,58.718395,2024.0,120.44
2023-04-15 19:00:00,132.79,449.0,9274.25,46100.0,50351.0,11.8015,66.678375,1933.0,135.57
2023-04-15 20:00:00,134.51,39.0,9206.75,47100.0,50088.0,9.9515,74.105034,1864.0,140.03
2023-04-15 21:00:00,127.8,0.0,8888.75,46500.0,50135.0,8.1015005,80.521034,1751.0,137.31
2023-04-15 22:00:00,127.71,0.0,8732.75,46450.0,50409.0,6.9515,85.58843,1647.0,134.9
2023-04-15 23:00:00,119.3,0.0,8602.0,48100.0,49774.0,6.3015,89.49821,1527.0,126.98
2023-04-16 00:00:00,111.55,0.0,8214.25,48650.0,48622.0,6.9515,84.99293,1663.0,127.99
2023-04-16 01:00:00,103.49,0.0,7729.0,45800.0,47293.0,7.2015,83.25904,1560.0,117.86
2023-04-16 02:00:00,102.68,0.0,7403.25,45100.0,46576.0,5.9515,86.08413,1488.0,119.83
2023-04-16 03:00:00,101.09,0.0,7206.25,42250.0,45954.0,6.1514997,85.2026,1436.0,117.99
2023-04-16 04:00:00,102.63,0.0,7241.75,40900.0,45358.0,6.6514997,82.03083,1443.0,118.24
2023-04-16 05:00:00,103.5,0.0,7252.25,40900.0,45150.0,7.0515,80.93979,1510.0,117.86
2023-04-16 06:00:00,103.5,1.0,7477.0,41800.0,45179.0,7.1015,82.66639,1566.0,120.0
2023-04-16 07:00:00,103.37,102.0,7641.75,41950.0,45975.0,7.0515,83.82481,1585.0,118.9
2023-04-16 08:00:00,110.43,430.0,7931.5,43800.0,47374.0,7.2015,84.135765,1584.0,122.98
2023-04-16 09:00:00,114.68,848.0,8334.5,46150.0,49082.0,7.4014997,84.45276,1553.0,112.21
2023-04-16 10:00:00,111.04,1280.0,8623.75,47350.0,50136.0,7.9515,83.06158,1447.0,100.0
2023-04-16 11:00:00,107.83,1657.0,8920.5,47300.0,49768.0,8.1015005,84.24034,1303.0,87.0
2023-04-16 12:00:00,104.05,1886.0,9028.0,48250.0,49547.0,8.5015,83.99587,1166.0,81.96
2023-04-16 13:00:00,98.16,1935.0,8850.5,47900.0,49345.0,9.0015,82.90438,1066.0,60.01
2023-04-16 14:00:00,94.77,1913.0,8645.0,44300.0,48629.0,8.2515,84.54965,994.0,55.0
2023-04-16 15:00:00,94.31,1808.0,8287.5,42150.0,48043.0,8.7515,83.159966,955.0,56.0
2023-04-16 16:00:00,96.09,1563.0,8183.75,40600.0,47893.0,9.4515,80.98694,977.0,74.0
2023-04-16 17:00:00,101.02,1187.0,8412.75,40350.0,48508.0,9.8015,80.20347,998.0,86.35
2023-04-16 18:00:00,115.21,750.0,8732.5,42900.0,51187.0,9.9515,79.94952,1022.0,115.2
2023-04-16 19:00:00,132.88,292.0,8988.25,46600.0,51274.0,9.9515,80.500496,1040.0,129.97
2023-04-16 20:00:00,140.0,29.0,9090.0,48500.0,51008.0,9.6515,81.5729,1019.0,133.46
2023-04-16 21:00:00,135.0,0.0,8891.25,47500.0,50847.0,9.1515,84.0717,1038.0,126.39
2023-04-16 22:00:00,129.97,0.0,8722.5,46800.0,50681.0,8.9015,85.5007,1021.0,115.0
2023-04-16 23:00:00,125.35,0.0,8567.75,48850.0,50415.0,8.6015,88.15514,952.0,106.94
2023-04-17 00:00:00,114.75,0.0,8058.5,46350.0,48316.0,8.3515,90.277565,401.0,98.21
2023-04-17 01:00:00,111.14,0.0,7751.75,44600.0,47449.0,7.6514997,94.02921,388.0,81.85
2023-04-17 02:00:00,108.96,0.0,7549.5,44600.0,46629.0,7.5515,91.156906,383.0,78.14
2023-04-17 03:00:00,110.22,0.0,7455.25,42900.0,46024.0,7.6514997,90.85008,389.0,71.9
2023-04-17 04:00:00,110.0,0.0,7540.75,42450.0,45625.0,7.6514997,91.793686,404.0,70.0
2023-04-17 05:00:00,114.84,0.0,7975.75,44700.0,47214.0,7.5515,92.42174,412.0,72.96
2023-04-17 06:00:00,140.77,3.0,8770.25,49300.0,49897.0,7.3015,93.68986,436.0,80.0
2023-04-17 07:00:00,178.56,152.0,9582.5,54100.0,52701.0,7.2515,94.01065,455.0,77.83
2023-04-17 08:00:00,199.72,587.0,10098.0,56750.0,54141.0,7.7015,92.113174,494.0,69.67
2023-04-17 09:00:00,163.14,1095.0,10512.0,57400.0,54182.0,8.0515,91.19059,518.0,54.98
2023-04-17 10:00:00,136.36,1612.0,10601.25,56650.0,53912.0,8.7015,89.075294,575.0,26.38
2023-04-17 11:00:00,117.73,2158.0,10485.25,55300.0,52570.0,9.9015,83.29996,657.0,19.82
2023-04-17 12:00:00,105.31,2826.0,10346.75,55650.0,51283.0,10.9515,79.546906,771.0,20.44
2023-04-17 13:00:00,102.59,3367.0,10148.5,54900.0,50394.0,11.7015,74.92256,884.0,-2.82
2023-04-17 14:00:00,96.97,3722.0,9951.5,52950.0,49963.0,10.9015,74.78502,1059.0,-3.5
2023-04-17 15:00:00,95.86,3644.0,9632.75,50450.0,49295.0,11.7515,69.24828,1322.0,0.56
2023-04-17 16:00:00,96.75,3209.0,9494.0,48750.0,48456.0,12.5515,65.92522,1688.0,0.32
2023-04-17 17:00:00,100.99,2473.0,9508.0,47550.0,48958.0,13.2015,61.887684,2033.0,20.02
2023-04-17 18:00:00,122.33,1431.0,9694.75,48700.0,51909.0,13.5515,58.84218,2204.0,51.28
2023-04-17 19:00:00,143.61,460.0,9714.0,51550.0,51906.0,13.2015,62.531513,2267.0,80.0
2023-04-17 20:00:00,142.78,48.0,9764.0,51450.0,51165.0,12.0015,67.64855,2316.0,85.0
2023-04-17 21:00:00,134.25,0.0,9437.25,49850.0,50616.0,10.2015,73.38337,2424.0,88.01
2023-04-17 22:00:00,122.82,0.0,9223.25,48150.0,49989.0,9.5515,76.383095,2492.0,80.15
2023-04-17 23:00:00,109.16,0.0,9026.5,50250.0,50122.0,8.9515,85.80023,2483.0,54.71
2023-04-18 00:00:00,105.31,0.0,8607.25,47574.0,47372.0,8.2015,90.57694,2356.0,23.91
2023-04-18 01:00:00,102.07,0.0,8169.5,45113.0,46800.0,7.9014997,93.71909,2152.0,1.43
2023-04-18 02:00:00,101.1,0.0,7824.25,45045.0,45820.0,7.5015,93.37796,2054.0,0.84
2023-04-18 03:00:00,101.29,0.0,7697.0,42588.0,44475.0,6.9515,93.027725,2054.0,1.09
2023-04-18 04:00:00,100.55,0.0,7810.25,41793.0,45054.0,6.5015,93.00341,2121.0,6.11
2023-04-18 05:00:00,101.27,0.0,8193.5,43543.0,46194.0,6.3515,91.07531,2281.0,34.98
2023-04-18 06:00:00,127.0,7.0,8957.25,48138.0,50495.0,5.6514997,89.13279,2470.0,95.23
2023-04-18 07:00:00,140.27,252.0,9634.75,52828.0,53216.0,4.8515,85.96896,2577.0,121.61
2023-04-18 08:00:00,154.88,1270.0,10090.25,55271.0,54491.0,5.3015,82.43648,2423.0,130.32
2023-04-18 09:00:00,133.99,2317.0,10383.0,55478.0,54890.0,6.5515,79.737976,2357.0,117.1
2023-04-18 10:00:00,106.21,3055.0,10473.75,54546.0,54249.0,8.6515,73.10076,2462.0,84.22
2023-04-18 11:00:00,103.58,3272.0,10412.75,53226.0,52707.0,10.3015,72.1412,2596.0,57.83
2023-04-18 12:00:00,98.04,3013.0,10203.75,52654.0,52751.0,11.8015,68.54614,2667.0,56.08
2023-04-18 13:00:00,87.04,2791.0,9995.5,50989.0,52426.0,13.2515,57.75573,2607.0,50.84
2023-04-18 14:00:00,88.32,2694.0,9858.75,49292.0,51688.0,12.4015,60.21454,2510.0,59.11
2023-04-18 15:00:00,79.78,2451.0,9796.5,47968.0,51161.0,12.4515,59.600334,2428.0,50.64
2023-04-18 16:00:00,81.43,2106.0,9697.5,46739.0,50426.0,12.9515,57.6802,2379.0,75.0
2023-04-18 17:00:00,94.59,1712.0,9795.0,45489.0,50160.0,13.2515,60.211456,2374.0,83.5
2023-04-18 18:00:00,108.21,1135.0,9987.75,46816.0,52166.0,12.9015,64.20994,2399.0,130.8
2023-04-18 19:00:00,130.46,432.0,9915.75,49742.0,52902.0,12.7015,66.87081,2438.0,162.46
2023-04-18 20:00:00,137.4,49.0,9889.25,50172.0,52794.0,11.6515,69.70691,2479.0,165.38
2023-04-18 21:00:00,134.28,0.0,9536.5,48490.0,52587.0,10.4515,72.92256,2563.0,141.39
2023-04-18 22:00:00,128.4,0.0,9250.0,47127.0,51841.0,9.9015,74.61158,2664.0,130.8
2023-04-18 23:00:00,111.33,0.0,8979.5,48607.0,51331.0,9.5015,76.11059,2797.0,111.0
2023-04-19 00:00:00,110.0,0.0,8618.0,46300.0,48304.0,8.9515,78.43509,2788.0,95.15
2023-04-19 01:00:00,97.54,0.0,8098.5,44100.0,48085.0,8.4515,80.85011,2741.0,76.04
2023-04-19 02:00:00,99.92,0.0,7750.0,44000.0,47383.0,8.1015005,84.53263,2734.0,56.6
2023-04-19 03:00:00,98.95,0.0,7767.75,42050.0,47013.0,8.0515,84.52694,2740.0,41.5
2023-04-19 04:00:00,101.33,0.0,7774.0,41200.0,46607.0,7.6015,86.2543,2726.0,42.3
2023-04-19 05:00:00,105.87,0.0,8173.5,42800.0,47711.0,7.1015,88.02105,2720.0,80.0
2023-04-19 06:00:00,130.0,10.0,8986.25,46600.0,50896.0,6.7515,89.845856,2756.0,108.47
2023-04-19 07:00:00,139.01,290.0,9683.75,50550.0,51934.0,6.7015,91.09923,2779.0,125.11
2023-04-19 08:00:00,142.38,1253.0,10096.0,53300.0,53455.0,8.2515,87.51919,2637.0,136.41
2023-04-19 09:00:00,133.67,2381.0,10372.75,54050.0,54318.0,10.2015,82.7692,2536.0,131.99
2023-04-19 10:00:00,98.94,3440.0,10343.75,52850.0,53684.0,11.7515,75.9604,2449.0,120.0
2023-04-19 11:00:00,89.2,4149.0,10421.0,51700.0,52315.0,13.0015,70.93446,2373.0,111.56
2023-04-19 12:00:00,-10.0,4572.0,10233.75,51650.0,52290.0,13.8015,67.10396,2457.0,100.81
2023-04-19 13:00:00,0.01,4798.0,10135.0,51150.0,50446.0,14.2515,63.204998,2705.0,97.36
2023-04-19 14:00:00,-30.0,4939.0,10025.0,48850.0,49437.0,15.2015,59.653484,2985.0,97.62
2023-04-19 15:00:00,-50.0,4756.0,9846.25,47050.0,48780.0,15.1515,46.79744,3203.0,97.07
2023-04-19 16:00:00,-30.0,4090.0,9657.5,45200.0,47885.0,14.8015,42.13703,3350.0,100.34
2023-04-19 17:00:00,75.45,3095.0,9718.0,43600.0,49024.0,14.3515,40.526817,3480.0,109.73
2023-04-19 18:00:00,98.48,1816.0,9762.5,44950.0,51686.0,13.7515,41.53199,3542.0,125.28
2023-04-19 19:00:00,120.53,517.0,9701.25,47050.0,52019.0,13.0015,46.519615,3527.0,134.03
2023-04-19 20:00:00,132.24,56.0,9616.5,46700.0,52482.0,11.6015,48.506226,3493.0,128.75
2023-04-19 21:00:00,122.82,0.0,9324.75,45500.0,52505.0,9.9015,50.898464,3433.0,119.3
2023-04-19 22:00:00,109.9,0.0,9119.75,44550.0,51315.0,8.5515,56.34856,3421.0,109.3
2023-04-19 23:00:00,101.66,0.0,8903.5,46250.0,51085.0,8.7015,51.12176,3412.0,97.95
2023-04-20 00:00:00,100.19,0.0,8312.25,44550.0,49414.0,7.9014997,48.877453,3240.0,97.23
2023-04-20 01:00:00,94.35,0.0,7828.5,42300.0,48391.0,7.2015,50.329166,3082.0,85.09
2023-04-20 02:00:00,96.76,0.0,7653.0,42450.0,47378.0,6.9014997,51.94702,2769.0,79.78
2023-04-20 03:00:00,94.98,0.0,7574.25,40700.0,46686.0,6.4515,54.174797,2476.0,72.86
2023-04-20 04:00:00,97.18,0.0,7736.25,40250.0,46802.0,5.6514997,52.37457,2280.0,71.95
2023-04-20 05:00:00,102.78,0.0,8072.25,41700.0,48293.0,5.1514997,51.845768,2195.0,83.29
2023-04-20 06:00:00,127.97,6.0,8807.75,45400.0,52606.0,4.4515,54.032852,2233.0,104.1
2023-04-20 07:00:00,144.48,177.0,9580.25,49500.0,54116.0,4.6514997,56.77738,2452.0,122.49
2023-04-20 08:00:00,144.7,602.0,10077.5,52100.0,55264.0,6.1514997,62.874214,2666.0,138.36
2023-04-20 09:00:00,130.07,1032.0,10329.25,52950.0,55858.0,7.1015,65.64864,2832.0,128.59
2023-04-20 10:00:00,108.21,1458.0,10339.0,52350.0,54621.0,7.2015,69.54093,2992.0,98.16
2023-04-20 11:00:00,96.94,1767.0,10423.5,52300.0,53396.0,8.1015005,66.8163,2951.0,115.0
2023-04-20 12:00:00,94.23,2057.0,10351.0,52750.0,53255.0,8.2515,66.61164,2779.0,77.59
2023-04-20 13:00:00,89.61,2249.0,10335.25,52550.0,52243.0,8.4515,70.53729,2576.0,80.0
2023-04-20 14:00:00,88.71,2340.0,10259.25,50400.0,51246.0,8.8015,64.865204,2386.0,92.4
2023-04-20 15:00:00,86.72,2389.0,10128.0,48600.0,50913.0,8.5515,73.8554,2269.0,100.3
2023-04-20 16:00:00,92.09,2174.0,10032.0,47050.0,49791.0,9.8015,68.13156,2194.0,100.0
2023-04-20 17:00:00,103.76,1720.0,10028.5,45800.0,50691.0,8.8015,72.11013,2100.0,110.52
2023-04-20 18:00:00,128.99,1078.0,10098.25,46900.0,53588.0,9.4015,64.5424,1936.0,130.07
2023-04-20 19:00:00,142.46,443.0,10041.75,49600.0,53729.0,9.3515,65.681595,1798.0,168.78
2023-04-20 20:00:00,147.08,56.0,9968.5,49800.0,53137.0,8.7015,69.84489,1781.0,177.72
2023-04-20 21:00:00,141.33,0.0,9712.75,48950.0,52373.0,7.6514997,75.00435,1856.0,159.3
2023-04-20 22:00:00,134.08,0.0,9554.0,48050.0,51385.0,7.1514997,78.15848,2033.0,140.12
2023-04-20 23:00:00,123.6,0.0,9310.75,49650.0,50508.0,7.2015,73.61148,2178.0,134.5
2023-04-21 00:00:00,121.4,0.0,8799.75,47550.0,47518.0,6.3015,78.58108,1836.0,118.09
2023-04-21 01:00:00,106.26,0.0,8478.75,45150.0,46503.0,5.6015,83.94738,1868.0,112.8
2023-04-21 02:00:00,107.9,0.0,8131.75,44500.0,46168.0,5.4014997,85.11974,1804.0,116.54
2023-04-21 03:00:00,104.05,0.0,7985.5,42400.0,44817.0,5.6015,87.88472,1603.0,112.8
2023-04-21 04:00:00,99.9,0.0,8013.75,41550.0,45253.0,5.1015,93.58094,1552.0,113.14
2023-04-21 05:00:00,108.0,0.0,8373.25,42450.0,46494.0,6.0015,93.952126,1409.0,127.4
2023-04-21 06:00:00,131.87,15.0,9054.5,46000.0,47976.0,6.2515,93.63822,1373.0,144.74
2023-04-21 07:00:00,141.83,320.0,9707.5,49800.0,49899.0,5.5515,96.25123,1346.0,171.72
2023-04-21 08:00:00,144.64,1216.0,10156.5,52800.0,51464.0,6.1514997,95.60396,1161.0,176.01
2023-04-21 09:00:00,142.03,2277.0,10382.25,54300.0,52633.0,7.6015,87.761734,973.0,152.16
2023-04-21 10:00:00,113.0,3196.0,10451.25,54250.0,53102.0,9.2515,82.36656,797.0,148.08
2023-04-21 11:00:00,101.25,3859.0,10418.25,53550.0,52057.0,11.1515,75.08515,716.0,131.44
2023-04-21 12:00:00,90.0,4143.0,10191.0,53550.0,52126.0,12.6015,70.61592,618.0,111.7
2023-04-21 13:00:00,95.3,3986.0,10069.0,53250.0,49647.0,13.6515,64.378334,487.0,105.64
2023-04-21 14:00:00,79.52,3736.0,9908.75,50600.0,48602.0,14.3015,55.660812,420.0,107.43
2023-04-21 15:00:00,77.56,3404.0,9735.5,48200.0,47864.0,15.0015,55.457176,330.0,104.83
2023-04-21 16:00:00,84.07,2909.0,9550.0,46150.0,47272.0,15.7015,54.315548,312.0,105.0
2023-04-21 17:00:00,99.49,2265.0,9547.75,44950.0,47214.0,15.6515,53.19158,314.0,120.5
2023-04-21 18:00:00,123.28,1349.0,9687.5,46200.0,50958.0,14.0515,61.240536,318.0,138.16
2023-04-21 19:00:00,140.76,494.0,9639.5,47550.0,52018.0,10.4515,83.9358,334.0,151.8
2023-04-21 20:00:00,144.34,65.0,9533.0,47900.0,51718.0,10.4515,84.508705,339.0,152.53
2023-04-21 21:00:00,137.6,0.0,9259.75,47350.0,51120.0,8.8015,92.17931,303.0,151.65
2023-04-21 22:00:00,143.2,0.0,9228.5,46100.0,50740.0,7.1015,94.98044,270.0,135.0
2023-04-21 23:00:00,123.1,0.0,8996.5,48350.0,50300.0,6.4014997,95.943924,283.0,120.29
2023-04-22 00:00:00,130.08,0.0,8363.0,45550.0,48431.0,5.7515,96.59221,352.0,123.9
2023-04-22 01:00:00,105.1,0.0,7921.5,42850.0,47232.0,5.2015,96.24084,326.0,112.0
2023-04-22 02:00:00,109.82,0.0,7591.0,42100.0,45728.0,4.6514997,96.901375,324.0,114.38
2023-04-22 03:00:00,93.3,0.0,7443.5,39450.0,45535.0,5.2515,94.57598,314.0,108.0
2023-04-22 04:00:00,91.35,0.0,7517.75,37950.0,45256.0,4.7515,96.22742,310.0,105.14
2023-04-22 05:00:00,96.06,0.0,7611.25,37850.0,45239.0,4.7515,96.903824,313.0,103.55
2023-04-22 06:00:00,99.82,17.0,7777.5,38850.0,46157.0,3.1515,97.55331,336.0,105.56
2023-04-22 07:00:00,108.84,331.0,8019.75,39300.0,46915.0,4.1015,96.20791,332.0,104.85
2023-04-22 08:00:00,113.53,1095.0,8397.25,41600.0,48001.0,6.6514997,91.09582,337.0,106.21
2023-04-22 09:00:00,116.0,1762.0,8818.5,44100.0,48892.0,8.8015,90.31062,299.0,102.53
2023-04-22 10:00:00,78.06,1831.0,9024.75,45300.0,47314.0,10.2015,87.40206,306.0,101.57
2023-04-22 11:00:00,84.5,1411.0,9077.75,45950.0,46783.0,11.9015,86.10445,312.0,93.95
2023-04-22 12:00:00,60.39,1041.0,9023.5,47850.0,47016.0,11.1515,90.17764,360.0,87.35
2023-04-22 13:00:00,43.62,943.0,8925.0,47650.0,46089.0,12.1015,88.45959,529.0,86.69
2023-04-22 14:00:00,32.4,875.0,8746.25,45050.0,45384.0,12.5515,89.08841,700.0,79.69
2023-04-22 15:00:00,52.62,875.0,8581.25,42400.0,45170.0,12.4015,87.89748,818.0,70.27
2023-04-22 16:00:00,81.43,1110.0,8494.5,40750.0,46695.0,11.9015,86.97476,943.0,78.58
2023-04-22 17:00:00,95.0,1328.0,8574.0,39900.0,49246.0,11.5515,87.821365,1011.0,98.81
2023-04-22 18:00:00,112.97,1079.0,8859.0,40800.0,50639.0,11.5515,85.49156,939.0,112.66
2023-04-22 19:00:00,131.94,478.0,8957.5,42200.0,50831.0,11.5015,82.09267,737.0,132.79
2023-04-22 20:00:00,130.5,68.0,8973.75,42700.0,50451.0,11.1015,83.44425,645.0,134.51
2023-04-22 21:00:00,127.0,0.0,8773.25,42450.0,50156.0,8.7515,90.92634,714.0,127.8
2023-04-22 22:00:00,112.87,0.0,8639.0,41450.0,49634.0,8.7515,91.54944,968.0,127.71
2023-04-22 23:00:00,101.85,0.0,8498.25,44150.0,49946.0,8.9515,90.940094,1345.0,119.3
2023-04-23 00:00:00,109.01,0.0,8049.75,41950.0,47949.0,8.8515,91.86863,1660.0,111.55
2023-04-23 01:00:00,97.55,0.0,7688.25,39650.0,45315.0,9.0015,91.25405,2206.0,103.49
2023-04-23 02:00:00,95.0,0.0,7409.75,39050.0,43991.0,9.0015,86.39632,2475.0,102.68
2023-04-23 03:00:00,89.41,0.0,7229.5,36200.0,42892.0,9.2015,87.01007,2591.0,101.09
2023-04-23 04:00:00,86.65,0.0,7200.5,34750.0,42517.0,9.5015,86.74227,2548.0,102.63
2023-04-23 05:00:00,88.81,0.0,7209.0,34200.0,42379.0,9.2015,87.30824,2522.0,103.5
2023-04-23 06:00:00,89.93,22.0,7358.0,34500.0,42181.0,8.6015,89.37291,2491.0,103.5
2023-04-23 07:00:00,93.89,354.0,7560.75,34300.0,42711.0,8.2515,90.580505,2410.0,103.37
2023-04-23 08:00:00,93.48,1191.0,7851.5,36150.0,43661.0,9.5515,87.04374,2323.0,110.43
2023-04-23 09:00:00,90.22,1933.0,8232.25,39000.0,44296.0,11.0015,85.14479,2330.0,114.68
2023-04-23 10:00:00,79.45,2248.0,8514.5,41000.0,44585.0,12.8015,80.349464,2374.0,111.04
2023-04-23 11:00:00,48.15,2295.0,8782.25,41900.0,44441.0,13.3015,77.507034,2303.0,107.83
2023-04-23 12:00:00,35.45,2079.0,8892.75,43500.0,43634.0,12.9515,80.37019,2119.0,104.05
2023-04-23 13:00:00,10.0,1628.0,8737.5,44300.0,43047.0,11.7015,87.83486,1976.0,98.16
2023-04-23 14:00:00,4.87,1327.0,8497.75,41150.0,42221.0,13.8015,74.02398,1834.0,94.77
2023-04-23 15:00:00,34.7,1055.0,8279.0,38800.0,42385.0,13.6515,67.99215,1629.0,94.31
2023-04-23 16:00:00,64.13,827.0,8233.75,37900.0,45542.0,12.3515,83.31266,1596.0,96.09
2023-04-23 17:00:00,98.94,573.0,8434.5,37600.0,49128.0,13.1015,74.90733,1587.0,101.02
2023-04-23 18:00:00,115.49,389.0,8760.25,39100.0,51087.0,12.8015,77.168434,1638.0,115.21
2023-04-23 19:00:00,125.56,202.0,8931.25,41550.0,51352.0,12.9515,77.19206,1685.0,132.88
2023-04-23 20:00:00,126.4,34.0,9056.25,42800.0,51594.0,11.2015,89.87927,1684.0,140.0
2023-04-23 21:00:00,125.02,0.0,8852.5,42550.0,52454.0,9.7015,86.172066,1674.0,135.0
2023-04-23 22:00:00,116.95,0.0,8674.0,41600.0,51265.0,8.8515,88.78325,1726.0,129.97
2023-04-23 23:00:00,109.72,0.0,8468.75,43650.0,50505.0,8.9015,90.317955,1911.0,125.35
2023-04-24 00:00:00,87.7,0.0,7972.75,42450.0,46646.0,8.7015,87.86206,2708.0,114.75
2023-04-24 01:00:00,83.58,0.0,7610.25,40250.0,45342.0,8.5015,86.942345,2564.0,111.14
2023-04-24 02:00:00,82.09,0.0,7308.25,39850.0,44767.0,8.2515,88.42785,2582.0,108.96
2023-04-24 03:00:00,76.4,0.0,7214.25,37600.0,44474.0,7.7515,88.6901,3075.0,110.22
2023-04-24 04:00:00,75.08,0.0,7332.5,37100.0,44618.0,7.0515,91.755844,3440.0,110.0
2023-04-24 05:00:00,86.55,0.0,7873.0,38700.0,47049.0,6.8015,93.019646,3508.0,114.84
2023-04-24 06:00:00,114.6,13.0,8720.0,42500.0,50274.0,7.4515,94.01994,3534.0,140.77
2023-04-24 07:00:00,133.8,223.0,9533.75,46350.0,51334.0,7.6514997,94.352455,3478.0,178.56
2023-04-24 08:00:00,135.0,684.0,10036.0,49600.0,52653.0,7.6514997,93.385635,3313.0,199.72
2023-04-24 09:00:00,126.92,1278.0,10416.25,51200.0,53832.0,8.4015,89.664055,3096.0,163.14
2023-04-24 10:00:00,110.81,1864.0,10565.75,51150.0,53712.0,9.6015,80.72915,2827.0,136.36
2023-04-24 11:00:00,108.01,2489.0,10569.0,51650.0,52620.0,9.8015,75.11298,2587.0,117.73
2023-04-24 12:00:00,98.07,3049.0,10408.25,53600.0,51553.0,11.1015,67.92901,2498.0,105.31
2023-04-24 13:00:00,94.9,3098.0,10299.75,53300.0,50900.0,11.6515,61.73634,2444.0,102.59
2023-04-24 14:00:00,87.0,2927.0,10127.75,51300.0,49548.0,10.8015,68.57767,2311.0,96.97
2023-04-24 15:00:00,84.91,2591.0,9939.5,48850.0,49241.0,11.2515,66.09898,2095.0,95.86
2023-04-24 16:00:00,86.92,2271.0,9783.5,47550.0,48643.0,12.0515,63.575073,1830.0,96.75
2023-04-24 17:00:00,98.41,1788.0,9856.0,46600.0,49933.0,11.5015,64.115715,1558.0,100.99
2023-04-24 18:00:00,117.48,1106.0,9999.0,47350.0,52069.0,11.3015,62.30428,1361.0,122.33
2023-04-24 19:00:00,134.57,460.0,9983.0,49900.0,52575.0,10.9515,62.003872,1239.0,143.61
2023-04-24 20:00:00,135.97,72.0,9961.0,49150.0,51728.0,9.9515,66.27808,1192.0,142.78
2023-04-24 21:00:00,138.0,0.0,9693.75,47500.0,51498.0,8.4515,72.55233,1158.0,134.25
2023-04-24 22:00:00,134.91,0.0,9513.5,46200.0,50308.0,6.9014997,81.20388,1192.0,122.82
2023-04-24 23:00:00,133.63,0.0,9251.25,48200.0,49703.0,7.4515,79.86844,1238.0,109.16
2023-04-25 00:00:00,114.41,0.0,8548.0,46300.0,49744.0,7.3015,82.4032,961.0,105.31
2023-04-25 01:00:00,100.0,0.0,8078.5,43650.0,49253.0,7.2515,83.26515,888.0,102.07
2023-04-25 02:00:00,96.49,0.0,7838.75,43050.0,48206.0,6.9014997,81.48954,919.0,101.1
2023-04-25 03:00:00,92.01,0.0,7798.5,40800.0,47486.0,6.9014997,80.91912,1032.0,101.29
2023-04-25 04:00:00,91.79,0.0,7771.5,39850.0,47467.0,6.6514997,83.483826,1135.0,100.55
2023-04-25 05:00:00,97.39,0.0,8150.25,40850.0,48224.0,6.4014997,86.130844,1194.0,101.27
2023-04-25 06:00:00,121.6,27.0,8977.75,44350.0,50601.0,6.2015,87.02057,1216.0,127.0
2023-04-25 07:00:00,134.1,375.0,9670.75,48400.0,51981.0,6.2015,86.41266,1176.0,140.27
2023-04-25 08:00:00,134.93,1188.0,10060.5,51550.0,52472.0,6.6015,83.47776,1020.0,154.88
2023-04-25 09:00:00,129.34,2032.0,10310.5,53100.0,52487.0,6.9014997,75.67379,985.0,133.99
2023-04-25 10:00:00,118.6,2727.0,10316.0,53100.0,52227.0,7.2515,73.62057,930.0,106.21
2023-04-25 11:00:00,107.45,3270.0,10292.0,53100.0,51510.0,7.9515,75.056335,815.0,103.58
2023-04-25 12:00:00,113.35,3448.0,10203.0,54100.0,51435.0,9.5515,66.89339,752.0,98.04
2023-04-25 13:00:00,104.11,3402.0,9948.5,53950.0,51320.0,9.6015,63.008724,727.0,87.04
2023-04-25 14:00:00,99.69,3464.0,9849.5,51600.0,50357.0,9.4015,66.3915,718.0,88.32
2023-04-25 15:00:00,106.19,3308.0,9877.5,49200.0,49378.0,10.0515,58.588116,742.0,79.78
2023-04-25 16:00:00,97.8,2878.0,9772.75,48150.0,49348.0,10.2515,54.40562,678.0,81.43
2023-04-25 17:00:00,100.77,2391.0,9742.75,47300.0,50220.0,10.3515,52.703213,653.0,94.59
2023-04-25 18:00:00,131.07,1549.0,9850.75,48050.0,51842.0,9.9015,53.1525,600.0,108.21
2023-04-25 19:00:00,145.03,577.0,9824.0,50350.0,52527.0,9.1015,54.688084,565.0,130.46
2023-04-25 20:00:00,144.16,88.0,9798.0,50000.0,52550.0,7.9014997,61.937737,526.0,137.4
2023-04-25 21:00:00,145.19,0.0,9566.0,48950.0,52185.0,6.0515,69.05589,493.0,134.28
2023-04-25 22:00:00,145.2,0.0,9360.75,47150.0,51905.0,4.9515,74.26147,418.0,128.4
2023-04-25 23:00:00,130.96,0.0,9083.5,48850.0,51540.0,3.9515,79.35423,340.0,111.33
2023-04-26 00:00:00,113.19,0.0,8618.75,46300.0,50440.0,3.0514998,84.55044,216.0,110.0
2023-04-26 01:00:00,103.8,0.0,8159.0,44500.0,49022.0,1.9514999,89.464775,121.0,97.54
2023-04-26 02:00:00,94.81,0.0,7853.5,44050.0,48120.0,3.4515,80.14436,71.0,99.92
2023-04-26 03:00:00,95.0,0.0,7812.25,41800.0,47358.0,3.2015,80.98298,47.0,98.95
2023-04-26 04:00:00,93.33,0.0,7951.0,40850.0,47497.0,0.8515,89.700966,35.0,101.33
2023-04-26 05:00:00,102.72,0.0,8361.0,42100.0,48992.0,0.9515,89.70898,31.0,105.87
2023-04-26 06:00:00,125.16,31.0,9140.75,46100.0,51182.0,1.2514999,90.05953,29.0,130.0
2023-04-26 07:00:00,139.91,392.0,9902.75,50050.0,52784.0,1.8515,90.10583,26.0,139.01
2023-04-26 08:00:00,153.9,1103.0,10321.25,52700.0,53305.0,3.7015,87.08427,23.0,142.38
2023-04-26 09:00:00,148.34,1903.0,10625.25,53650.0,53369.0,5.6514997,76.54637,12.0,133.67
2023-04-26 10:00:00,148.69,2622.0,10616.25,53500.0,53618.0,6.8515,68.727425,9.0,98.94
2023-04-26 11:00:00,129.2,3143.0,10684.5,53250.0,53557.0,8.0515,60.869946,9.0,89.2
2023-04-26 12:00:00,119.51,3573.0,10522.5,53900.0,52895.0,9.1015,55.884903,10.0,-10.0
2023-04-26 13:00:00,102.48,3800.0,10507.5,53800.0,52906.0,9.8015,53.509697,13.0,0.01
2023-04-26 14:00:00,106.33,3799.0,10557.5,50950.0,52548.0,9.4015,54.965607,15.0,-30.0
2023-04-26 15:00:00,92.85,3580.0,10348.0,48900.0,51909.0,10.0515,53.57703,19.0,-50.0
2023-04-26 16:00:00,98.2,3024.0,9973.75,47150.0,51449.0,10.0515,53.384743,31.0,-30.0
2023-04-26 17:00:00,114.48,2314.0,9801.0,45950.0,51974.0,10.0515,53.384743,66.0,75.45
2023-04-26 18:00:00,131.18,1422.0,9895.75,46650.0,53781.0,10.1515,53.411705,133.0,98.48
2023-04-26 19:00:00,148.11,562.0,9867.25,48800.0,54149.0,9.9515,53.166016,238.0,120.53
2023-04-26 20:00:00,154.97,88.0,9804.75,48400.0,54206.0,8.8515,61.943268,373.0,132.24
2023-04-26 21:00:00,146.16,0.0,9579.0,47550.0,53317.0,6.1514997,71.60286,509.0,122.82
2023-04-26 22:00:00,136.25,0.0,9425.5,46950.0,52374.0,5.3515,75.13803,590.0,109.9
2023-04-26 23:00:00,120.7,0.0,9189.0,48850.0,51547.0,4.7015,78.89833,607.0,101.66
2023-04-27 00:00:00,107.12,0.0,8607.0,46500.0,51513.0,4.0015,81.97291,783.0,100.19
2023-04-27 01:00:00,100.39,0.0,8271.5,44100.0,50622.0,3.6015,83.40699,812.0,94.35
2023-04-27 02:00:00,97.85,0.0,7994.75,43100.0,50022.0,2.9515,86.076195,817.0,96.76
2023-04-27 03:00:00,96.35,0.0,7875.5,40400.0,49730.0,2.9515,86.38663,791.0,94.98
2023-04-27 04:00:00,97.33,0.0,8014.5,39100.0,49625.0,2.5514998,87.91676,777.0,97.18
2023-04-27 05:00:00,106.99,0.0,8350.0,39950.0,50357.0,2.2015,89.48515,775.0,102.78
2023-04-27 06:00:00,122.26,37.0,9129.5,43400.0,52953.0,1.9015,90.435715,785.0,127.97
2023-04-27 07:00:00,142.69,408.0,9919.75,47350.0,54534.0,2.3515,89.175476,836.0,144.48
2023-04-27 08:00:00,135.61,1253.0,10437.75,50200.0,54911.0,3.9515,86.48927,912.0,144.7
2023-04-27 09:00:00,116.38,2318.0,10643.5,51500.0,54549.0,6.0515,81.374886,864.0,130.07
2023-04-27 10:00:00,98.85,3258.0,10587.75,51350.0,54010.0,8.3015,73.036354,816.0,108.21
2023-04-27 11:00:00,93.12,3956.0,10610.75,51050.0,53186.0,10.1515,62.03269,830.0,96.94
2023-04-27 12:00:00,96.25,4331.0,10359.75,51250.0,52843.0,11.2015,56.43157,870.0,94.23
2023-04-27 13:00:00,92.61,4190.0,10330.75,51250.0,52420.0,12.1015,54.701393,906.0,89.61
2023-04-27 14:00:00,88.03,3817.0,10237.0,49000.0,51929.0,12.4015,47.86793,917.0,88.71
2023-04-27 15:00:00,85.82,3413.0,10009.25,47250.0,51414.0,13.3015,47.273487,944.0,86.72
2023-04-27 16:00:00,87.5,2933.0,9853.5,45500.0,51638.0,13.6515,46.538433,1011.0,92.09
2023-04-27 17:00:00,100.25,2146.0,9921.25,44250.0,53139.0,13.5015,47.667294,1120.0,103.76
2023-04-27 18:00:00,118.36,1234.0,9984.25,44650.0,54532.0,13.5015,49.038013,1304.0,128.99
2023-04-27 19:00:00,128.36,514.0,9782.5,47000.0,55056.0,12.7515,55.84331,1583.0,142.46
2023-04-27 20:00:00,132.21,85.0,9680.0,46700.0,54714.0,11.4015,61.0322,1952.0,147.08
2023-04-27 21:00:00,124.36,0.0,9423.75,46100.0,53832.0,10.8015,61.750854,2358.0,141.33
2023-04-27 22:00:00,115.32,0.0,9252.5,45150.0,53338.0,9.6515,73.538864,2693.0,134.08
2023-04-27 23:00:00,99.32,0.0,8984.0,46700.0,52924.0,9.3515,76.35022,2860.0,123.6
2023-04-28 00:00:00,102.03,0.0,8323.25,43350.0,51230.0,9.0015,77.9002,2914.0,121.4
2023-04-28 01:00:00,92.97,0.0,7947.5,41000.0,50205.0,8.5015,86.64363,2870.0,106.26
2023-04-28 02:00:00,90.35,0.0,7700.5,40200.0,49198.0,8.9515,79.80642,2625.0,107.9
2023-04-28 03:00:00,87.2,0.0,7593.5,37700.0,48764.0,9.0515,84.349625,2204.0,104.05
2023-04-28 04:00:00,92.39,0.0,7615.0,36350.0,48055.0,9.4015,87.62573,2095.0,99.9
2023-04-28 05:00:00,95.85,0.0,8050.75,37550.0,49417.0,9.7015,91.300385,2262.0,108.0
2023-04-28 06:00:00,111.51,16.0,8767.75,41000.0,52036.0,11.1015,92.00642,2520.0,131.87
2023-04-28 07:00:00,123.78,180.0,9410.5,44500.0,53712.0,12.2015,95.17443,2644.0,141.83
2023-04-28 08:00:00,126.59,510.0,9970.5,47250.0,54831.0,13.1515,93.658005,2699.0,144.64
2023-04-28 09:00:00,120.49,896.0,10249.75,48250.0,55392.0,14.0015,91.87767,2822.0,142.03
2023-04-28 10:00:00,113.0,1396.0,10207.5,48550.0,55127.0,14.0015,92.7842,2945.0,113.0
2023-04-28 11:00:00,106.0,1975.0,10233.5,48400.0,55093.0,15.1515,86.42872,3039.0,101.25
2023-04-28 12:00:00,101.89,2472.0,9997.5,48900.0,54183.0,15.7515,83.71279,3116.0,90.0
2023-04-28 13:00:00,92.93,2629.0,9836.75,49350.0,53628.0,16.4515,76.71988,3204.0,95.3
2023-04-28 14:00:00,90.03,2587.0,9563.25,46650.0,53064.0,15.6515,75.586525,3263.0,79.52
2023-04-28 15:00:00,87.2,2411.0,9400.75,44800.0,51790.0,15.2015,76.77537,3300.0,77.56
2023-04-28 16:00:00,90.59,2111.0,9308.5,43350.0,51095.0,15.2515,75.02043,3254.0,84.07
2023-04-28 17:00:00,95.22,1699.0,9453.25,42550.0,51797.0,15.0015,74.72905,3085.0,99.49
2023-04-28 18:00:00,113.53,1142.0,9563.75,43250.0,53578.0,14.6015,75.91726,2832.0,123.28
2023-04-28 19:00:00,120.13,536.0,9377.25,44700.0,53290.0,14.1015,78.411674,2499.0,140.76
2023-04-28 20:00:00,125.65,96.0,9313.75,44300.0,51743.0,13.6015,81.81209,2110.0,144.34
2023-04-28 21:00:00,124.34,0.0,9161.25,43850.0,51619.0,13.2515,84.25745,1917.0,137.6
2023-04-28 22:00:00,116.71,0.0,9049.25,43150.0,51437.0,13.1015,87.3782,1849.0,143.2
2023-04-28 23:00:00,105.48,0.0,8780.75,44250.0,50619.0,12.5015,91.48215,1753.0,123.1
2023-04-29 00:00:00,115.59,0.0,8189.0,42200.0,49060.0,11.7515,91.73934,1161.0,130.08
2023-04-29 01:00:00,108.56,0.0,7749.75,39250.0,47771.0,10.4515,94.15671,963.0,105.1
2023-04-29 02:00:00,106.1,0.0,7463.75,38050.0,46765.0,8.7515,93.76015,796.0,109.82
2023-04-29 03:00:00,105.0,0.0,7304.75,35150.0,45595.0,8.4015,92.155365,666.0,93.3
2023-04-29 04:00:00,101.24,0.0,7293.75,33500.0,46132.0,8.2015,91.20065,563.0,91.35
2023-04-29 05:00:00,102.75,0.0,7341.0,33300.0,46231.0,8.2515,88.732574,485.0,96.06
2023-04-29 06:00:00,103.24,23.0,7611.25,34450.0,47076.0,8.3015,86.92289,402.0,99.82
2023-04-29 07:00:00,109.4,270.0,7881.0,35000.0,48206.0,8.0515,87.19907,346.0,108.84
2023-04-29 08:00:00,115.64,761.0,8265.75,37400.0,49383.0,8.1015005,86.90341,293.0,113.53
2023-04-29 09:00:00,106.61,1241.0,8724.75,39900.0,50285.0,8.4015,86.335724,237.0,116.0
2023-04-29 10:00:00,103.59,1721.0,9029.0,41300.0,49905.0,9.3515,82.663086,191.0,78.06
2023-04-29 11:00:00,92.87,2150.0,9122.25,41950.0,48005.0,10.1015,79.970856,151.0,84.5
2023-04-29 12:00:00,82.23,2441.0,9075.0,43500.0,47717.0,11.2015,75.869255,115.0,60.39
2023-04-29 13:00:00,84.55,2630.0,8950.75,43700.0,46673.0,12.4015,72.53167,81.0,43.62
2023-04-29 14:00:00,66.2,2691.0,8749.25,41200.0,46147.0,11.9015,72.68774,67.0,32.4
2023-04-29 15:00:00,69.05,2540.0,8578.25,39200.0,45996.0,12.7515,69.21233,84.0,52.62
2023-04-29 16:00:00,80.0,2222.0,8502.75,37750.0,45884.0,13.5515,65.916275,133.0,81.43
2023-04-29 17:00:00,85.0,1793.0,8595.25,37000.0,47782.0,13.8015,65.075806,214.0,95.0
2023-04-29 18:00:00,100.1,1219.0,8812.25,38200.0,50367.0,14.0015,64.898094,295.0,112.97
2023-04-29 19:00:00,116.57,579.0,8863.5,39850.0,50621.0,14.0015,65.119865,374.0,131.94
2023-04-29 20:00:00,116.45,108.0,8811.5,39750.0,50406.0,13.2515,71.95243,473.0,130.5
2023-04-29 21:00:00,120.0,0.0,8643.25,40450.0,50548.0,11.0015,83.43228,600.0,127.0
2023-04-29 22:00:00,115.57,0.0,8539.25,39950.0,51029.0,9.8015,89.46834,727.0,112.87
2023-04-29 23:00:00,110.0,0.0,8408.25,42500.0,50988.0,9.8015,86.18224,833.0,101.85
2023-04-30 00:00:00,99.28,0.0,7949.25,41100.0,50207.0,9.0515,85.22361,929.0,109.01
2023-04-30 01:00:00,91.09,0.0,7517.0,38250.0,47948.0,7.9014997,86.88389,913.0,97.55
2023-04-30 02:00:00,88.38,0.0,7153.0,37200.0,46535.0,6.6514997,88.287636,881.0,95.0
2023-04-30 03:00:00,85.43,0.0,6966.0,34200.0,45232.0,6.2515,88.25219,880.0,89.41
2023-04-30 04:00:00,78.9,0.0,6999.5,32800.0,45126.0,5.7515,90.08317,878.0,86.65
2023-04-30 05:00:00,80.17,0.0,7086.75,32550.0,45095.0,5.3515,91.96907,844.0,88.81
2023-04-30 06:00:00,85.2,52.0,7218.5,32650.0,45050.0,5.1514997,93.58346,790.0,89.93
2023-04-30 07:00:00,82.0,412.0,7429.5,32250.0,45160.0,5.6015,94.26153,749.0,93.89
2023-04-30 08:00:00,75.0,1464.0,7753.5,33850.0,44854.0,7.4515,91.15016,562.0,93.48
2023-04-30 09:00:00,50.0,2826.0,8197.5,36050.0,44912.0,9.5515,85.86288,433.0,90.22
2023-04-30 10:00:00,27.7,3949.0,8465.25,37950.0,43063.0,11.8015,81.028625,376.0,79.45
2023-04-30 11:00:00,48.01,4738.0,8638.75,39800.0,42858.0,13.9015,72.80594,348.0,48.15
2023-04-30 12:00:00,85.0,5124.0,8731.0,42100.0,43408.0,15.2515,63.217922,320.0,35.45
2023-04-30 13:00:00,43.33,5051.0,8499.5,42500.0,43076.0,16.2015,56.531963,323.0,10.0
2023-04-30 14:00:00,26.78,4598.0,8249.25,39300.0,40482.0,17.0015,51.217903,357.0,4.87
2023-04-30 15:00:00,1.71,3861.0,7965.25,36850.0,40022.0,16.7515,49.761257,397.0,34.7
2023-04-30 16:00:00,14.0,2994.0,7924.5,35650.0,41205.0,17.0015,49.147793,434.0,64.13
2023-04-30 17:00:00,70.57,2220.0,8224.75,35050.0,45549.0,17.1515,49.18891,478.0,98.94
2023-04-30 18:00:00,96.66,1355.0,8457.5,36100.0,48349.0,16.8015,51.16408,528.0,115.49
2023-04-30 19:00:00,106.89,596.0,8594.0,38450.0,50661.0,16.4515,58.949017,596.0,125.56
2023-04-30 20:00:00,121.1,117.0,8574.25,39050.0,51074.0,15.1515,66.484726,700.0,126.4
2023-04-30 21:00:00,122.2,0.0,8395.0,39100.0,51324.0,13.9015,69.67828,834.0,125.02
2023-04-30 22:00:00,117.12,0.0,8231.5,38550.0,51223.0,13.2015,71.69944,920.0,116.95
2023-04-30 23:00:00,108.71,0.0,8081.0,40800.0,50480.0,12.9015,72.131775,915.0,109.72
2023-05-01 00:00:00,109.9,0.0,7748.25,38700.0,48202.0,12.4515,73.03681,696.0,87.7
2023-05-01 01:00:00,99.9,0.0,7364.25,36400.0,47765.0,11.8515,74.18482,598.0,83.58
2023-05-01 02:00:00,95.49,0.0,7263.5,35600.0,46320.0,10.8515,80.07707,496.0,82.09
2023-05-01 03:00:00,90.88,0.0,7148.75,33100.0,45394.0,10.6015,83.10117,406.0,76.4
2023-05-01 04:00:00,87.61,0.0,7151.25,31700.0,45249.0,10.1015,83.60909,300.0,75.08
2023-05-01 05:00:00,88.0,0.0,7224.0,31600.0,44782.0,10.6015,77.61303,230.0,86.55
2023-05-01 06:00:00,87.44,36.0,7340.25,32150.0,45525.0,10.2515,79.71843,205.0,114.6
2023-05-01 07:00:00,91.89,335.0,7478.75,31900.0,45581.0,9.4015,87.62573,207.0,133.8
2023-05-01 08:00:00,90.49,852.0,7746.25,33450.0,46127.0,11.1015,82.600006,204.0,135.0
2023-05-01 09:00:00,88.5,1484.0,8067.75,35400.0,47374.0,12.6015,79.24749,208.0,126.92
2023-05-01 10:00:00,81.29,2208.0,8202.0,36750.0,47488.0,14.0515,74.067665,268.0,110.81
2023-05-01 11:00:00,67.5,2742.0,8322.0,37800.0,47115.0,15.3515,69.49659,398.0,108.01
2023-05-01 12:00:00,54.45,2982.0,8390.75,40000.0,47548.0,16.1515,67.369156,527.0,98.07
2023-05-01 13:00:00,34.69,2911.0,8122.25,40050.0,46100.0,15.6515,66.590904,667.0,94.9
2023-05-01 14:00:00,30.0,2765.0,7868.25,37150.0,45470.0,13.8015,78.8922,804.0,87.0
2023-05-01 15:00:00,41.12,2649.0,7678.5,34700.0,45772.0,15.9015,71.24728,919.0,84.91
2023-05-01 16:00:00,51.8,2494.0,7606.75,33600.0,45376.0,16.3015,61.977802,989.0,86.92
2023-05-01 17:00:00,49.33,2113.0,7865.0,33250.0,45357.0,16.001501,62.117657,994.0,98.41
2023-05-01 18:00:00,89.42,1413.0,8248.75,35400.0,48830.0,15.6015,61.397064,914.0,117.48
2023-05-01 19:00:00,109.55,623.0,8446.5,38600.0,49673.0,14.6015,67.957794,797.0,134.57
2023-05-01 20:00:00,123.35,123.0,8561.0,39100.0,50807.0,13.4515,76.75328,605.0,135.97
2023-05-01 21:00:00,121.72,0.0,8528.0,39700.0,50831.0,11.6015,86.07394,511.0,138.0
2023-05-01 22:00:00,117.9,0.0,8474.75,39000.0,51120.0,10.3015,93.204895,518.0,134.91
2023-05-01 23:00:00,111.04,0.0,8271.0,41400.0,50326.0,9.3515,95.38946,596.0,133.63
2023-05-02 00:00:00,98.48,0.0,7809.75,41200.0,47680.0,8.3515,96.990616,647.0,114.41
2023-05-02 01:00:00,85.6,0.0,7476.5,38800.0,46645.0,8.0515,97.97997,901.0,100.0
2023-05-02 02:00:00,83.3,0.0,7071.0,38350.0,44455.0,8.0515,97.31467,1159.0,96.49
2023-05-02 03:00:00,80.9,0.0,6942.25,36000.0,43763.0,7.9014997,97.97758,1319.0,92.01
2023-05-02 04:00:00,81.22,0.0,6982.0,35000.0,43764.0,7.5515,98.981384,1348.0,91.79
2023-05-02 05:00:00,90.39,0.0,7097.75,36900.0,46069.0,7.9014997,98.98424,1334.0,97.39
2023-05-02 06:00:00,111.06,43.0,7317.5,41400.0,49345.0,8.0015,99.66066,1316.0,121.6
2023-05-02 07:00:00,127.53,337.0,7779.5,45950.0,50640.0,8.5515,96.99532,1251.0,134.1
2023-05-02 08:00:00,135.26,809.0,8110.25,49200.0,52017.0,8.8515,90.62329,1121.0,134.93
2023-05-02 09:00:00,123.01,1459.0,8367.25,50750.0,53577.0,9.2515,84.08332,918.0,129.34
2023-05-02 10:00:00,115.77,2348.0,8590.25,50600.0,54212.0,10.4015,77.05032,734.0,118.6
2023-05-02 11:00:00,108.96,3283.0,8759.0,50400.0,54890.0,11.7015,70.44042,622.0,107.45
2023-05-02 12:00:00,98.46,4036.0,8729.5,50800.0,54744.0,12.8015,65.30239,537.0,113.35
2023-05-02 13:00:00,92.76,4509.0,8555.75,50950.0,53399.0,13.5015,61.10987,486.0,104.11
2023-05-02 14:00:00,86.32,4714.0,8380.5,49000.0,53149.0,13.7015,59.492996,469.0,99.69
2023-05-02 15:00:00,81.97,4591.0,8211.5,46950.0,52657.0,14.1515,56.987774,469.0,106.19
2023-05-02 16:00:00,87.2,4090.0,8119.5,45450.0,52338.0,14.5015,55.519882,475.0,97.8
2023-05-02 17:00:00,94.43,3128.0,8202.75,44150.0,53503.0,14.6515,53.85334,483.0,100.77
2023-05-02 18:00:00,117.38,1832.0,8414.75,44600.0,54766.0,14.1015,53.149147,530.0,131.07
2023-05-02 19:00:00,130.0,687.0,8554.25,46500.0,54081.0,13.0015,56.497406,582.0,145.03
2023-05-02 20:00:00,142.86,146.0,8554.25,46000.0,53862.0,11.8015,63.517807,678.0,144.16
2023-05-02 21:00:00,133.69,1.0,8486.5,45250.0,53436.0,9.5515,67.60268,817.0,145.19
2023-05-02 22:00:00,124.02,0.0,8303.25,44700.0,53154.0,8.0515,71.2094,923.0,145.2
2023-05-02 23:00:00,116.13,0.0,8082.25,46600.0,52978.0,6.9515,77.57811,917.0,130.96
2023-05-03 00:00:00,107.65,0.0,7579.5,43500.0,50802.0,6.4515,78.32634,987.0,113.19
2023-05-03 01:00:00,102.63,0.0,7236.75,40650.0,49991.0,5.8015,78.78404,990.0,103.8
2023-05-03 02:00:00,100.97,0.0,6999.0,39950.0,49075.0,5.4014997,79.56951,1000.0,94.81
2023-05-03 03:00:00,97.8,0.0,6846.75,37600.0,48349.0,4.9515,81.22501,995.0,95.0
2023-05-03 04:00:00,88.52,0.0,6881.25,36600.0,47844.0,4.4014997,83.50526,957.0,93.33
2023-05-03 05:00:00,99.88,0.0,6986.5,38000.0,48512.0,3.9515,85.26203,899.0,102.72
2023-05-03 06:00:00,111.86,66.0,7207.5,41800.0,50791.0,3.3014998,88.93577,901.0,125.16
2023-05-03 07:00:00,126.26,418.0,7786.0,46200.0,52348.0,3.6515,88.33276,963.0,139.91
2023-05-03 08:00:00,125.1,1525.0,8398.5,49200.0,53693.0,5.3015,85.41023,931.0,153.9
2023-05-03 09:00:00,110.1,2961.0,8611.25,50450.0,54522.0,7.3015,79.01037,883.0,148.34
2023-05-03 10:00:00,91.16,4125.0,8741.0,50150.0,54839.0,9.3515,72.46643,809.0,148.69
2023-05-03 11:00:00,84.16,4914.0,8836.0,50050.0,55006.0,11.2015,65.1742,691.0,129.2
2023-05-03 12:00:00,74.64,5373.0,8858.75,50700.0,55344.0,12.5015,58.7866,651.0,119.51
2023-05-03 13:00:00,59.11,5509.0,8672.0,50850.0,54147.0,13.4515,57.40572,732.0,102.48
2023-05-03 14:00:00,50.11,5319.0,8365.0,49400.0,53108.0,14.4015,53.414528,959.0,106.33
2023-05-03 15:00:00,53.46,4892.0,8198.5,47200.0,52333.0,15.0515,50.33804,1281.0,92.85
2023-05-03 16:00:00,62.75,4100.0,8134.0,45800.0,51520.0,15.4015,50.962086,1590.0,98.2
2023-05-03 17:00:00,91.76,2892.0,8266.5,44250.0,51097.0,15.6015,51.728195,1772.0,114.48
2023-05-03 18:00:00,104.08,1566.0,8516.5,45050.0,52740.0,15.4515,52.95535,1909.0,131.18
2023-05-03 19:00:00,126.23,666.0,8537.5,46850.0,52465.0,15.0515,55.470066,1994.0,148.11
2023-05-03 20:00:00,135.98,161.0,8497.75,45500.0,51963.0,13.8515,63.11344,2147.0,154.97
2023-05-03 21:00:00,126.28,1.0,8409.5,44750.0,52191.0,11.7015,69.71689,2343.0,146.16
2023-05-03 22:00:00,107.58,0.0,8343.25,44100.0,52505.0,10.6015,73.455635,2502.0,136.25
2023-05-03 23:00:00,95.19,0.0,8131.25,45550.0,52170.0,10.0515,74.89635,2559.0,120.7
2023-05-04 00:00:00,91.96,0.0,7712.5,41750.0,50104.0,9.4015,76.093994,2554.0,107.12
2023-05-04 01:00:00,86.1,0.0,7318.5,39250.0,49895.0,8.8515,78.41987,2486.0,100.39
2023-05-04 02:00:00,85.88,0.0,7039.75,38250.0,49508.0,8.4015,76.99615,2372.0,97.85
2023-05-04 03:00:00,85.54,0.0,6892.0,35800.0,48899.0,7.8515,80.48602,2227.0,96.35
2023-05-04 04:00:00,84.48,0.0,6925.0,34700.0,48579.0,7.4515,83.28963,2073.0,97.33
2023-05-04 05:00:00,92.6,0.0,7019.25,35900.0,48525.0,7.0515,86.49869,1959.0,106.99
2023-05-04 06:00:00,96.64,76.0,7237.5,39150.0,50142.0,6.6015,88.900764,1914.0,122.26
2023-05-04 07:00:00,122.33,472.0,7697.75,43350.0,52335.0,6.9515,87.09337,1928.0,142.69
2023-05-04 08:00:00,119.9,1405.0,8325.0,46250.0,53487.0,8.8015,83.74177,1859.0,135.61
2023-05-04 09:00:00,104.42,2639.0,8688.75,47400.0,54124.0,11.3015,77.19344,1698.0,116.38
2023-05-04 10:00:00,90.0,3731.0,9074.25,47700.0,53280.0,14.2015,69.73762,1580.0,98.85
2023-05-04 11:00:00,79.6,4525.0,9304.75,47950.0,51627.0,16.7015,63.545967,1532.0,93.12
2023-05-04 12:00:00,70.42,4897.0,9228.25,48700.0,52478.0,18.7515,60.10171,1510.0,96.25
2023-05-04 13:00:00,60.95,4799.0,9102.75,49000.0,52439.0,20.2515,58.499058,1571.0,92.61
2023-05-04 14:00:00,57.85,4538.0,8836.25,47400.0,51534.0,21.6515,48.755157,1752.0,88.03
2023-05-04 15:00:00,62.85,4183.0,8659.75,45850.0,51027.0,22.3515,45.182747,1867.0,85.82
2023-05-04 16:00:00,75.29,3568.0,8608.5,44500.0,50266.0,22.7515,46.20843,1790.0,87.5
2023-05-04 17:00:00,90.93,2501.0,8775.5,43550.0,51596.0,22.8015,48.74185,1579.0,100.25
2023-05-04 18:00:00,100.0,1376.0,8933.0,44300.0,53027.0,22.8015,52.92142,1340.0,118.36
2023-05-04 19:00:00,118.53,633.0,8919.25,45750.0,53275.0,21.7015,60.20457,1125.0,128.36
2023-05-04 20:00:00,118.24,162.0,8850.0,44350.0,51980.0,19.9015,68.80214,1076.0,132.21
2023-05-04 21:00:00,113.37,1.0,8714.25,43250.0,51415.0,18.8015,73.91492,1199.0,124.36
2023-05-04 22:00:00,107.79,0.0,8536.75,42650.0,51562.0,15.8515,89.06141,1326.0,115.32
2023-05-04 23:00:00,94.61,0.0,8216.0,44100.0,50887.0,16.4515,88.82225,1679.0,99.32
2023-05-05 00:00:00,91.5,0.0,7708.5,41650.0,46983.0,15.5015,91.67074,1356.0,102.03
2023-05-05 01:00:00,81.8,0.0,7389.5,38600.0,45932.0,14.3515,93.410324,1475.0,92.97
2023-05-05 02:00:00,78.49,0.0,7010.5,37500.0,44724.0,14.1515,86.615036,1624.0,90.35
2023-05-05 03:00:00,79.51,0.0,6844.25,35050.0,44675.0,13.3015,87.107605,1714.0,87.2
2023-05-05 04:00:00,78.49,0.0,6860.0,34050.0,44842.0,12.4515,89.67473,1627.0,92.39
2023-05-05 05:00:00,87.52,0.0,7016.5,35200.0,46832.0,11.7515,92.04558,1440.0,95.85
2023-05-05 06:00:00,101.22,76.0,7259.25,38200.0,49033.0,11.1515,93.87397,1318.0,111.51
2023-05-05 07:00:00,113.75,482.0,7597.0,42300.0,50299.0,11.3515,94.51126,1266.0,123.78
2023-05-05 08:00:00,114.2,1153.0,8189.75,45350.0,51291.0,12.7515,92.4102,1125.0,126.59
2023-05-05 09:00:00,107.2,1772.0,8669.25,46700.0,52400.0,14.1015,87.18264,1066.0,120.49
2023-05-05 10:00:00,100.88,2125.0,9018.5,47050.0,52266.0,15.8015,79.96704,1003.0,113.0
2023-05-05 11:00:00,99.84,2381.0,9184.25,47500.0,51237.0,16.7015,74.035675,885.0,106.0
2023-05-05 12:00:00,90.76,2689.0,9127.75,48300.0,51513.0,16.6515,70.68301,830.0,101.89
2023-05-05 13:00:00,81.51,2763.0,9002.75,48900.0,51312.0,16.5515,76.48426,826.0,92.93
2023-05-05 14:00:00,78.9,2855.0,8852.75,46750.0,49919.0,16.9515,75.30443,862.0,90.03
2023-05-05 15:00:00,81.08,2819.0,8665.5,44600.0,49510.0,18.3515,66.716034,878.0,87.2
2023-05-05 16:00:00,91.16,2461.0,8512.5,43200.0,50346.0,16.5515,72.31977,756.0,90.59
2023-05-05 17:00:00,98.4,1918.0,8599.0,42500.0,51884.0,16.8515,73.57603,635.0,95.22
2023-05-05 18:00:00,112.8,1250.0,8703.75,43450.0,51768.0,16.4015,73.49695,517.0,113.53
2023-05-05 19:00:00,120.54,640.0,8681.25,44350.0,51113.0,16.3515,73.00408,423.0,120.13
2023-05-05 20:00:00,129.23,170.0,8582.75,43150.0,49583.0,15.8515,76.12069,359.0,125.65
2023-05-05 21:00:00,126.31,2.0,8423.75,42200.0,48628.0,13.1015,86.51239,328.0,124.34
2023-05-05 22:00:00,115.56,0.0,8304.0,41700.0,48860.0,12.8015,87.350426,400.0,116.71
2023-05-05 23:00:00,115.51,0.0,8086.0,43850.0,48390.0,12.4015,90.56935,494.0,105.48
2023-05-06 00:00:00,106.71,0.0,7646.0,41000.0,47446.0,12.7015,90.59046,488.0,115.59
2023-05-06 01:00:00,99.62,0.0,7234.0,38950.0,46440.0,12.2515,92.996254,485.0,108.56
2023-05-06 02:00:00,95.71,0.0,7009.5,37400.0,45935.0,11.0015,92.618866,467.0,106.1
2023-05-06 03:00:00,91.7,0.0,6874.5,34750.0,44745.0,10.2015,94.145485,440.0,105.0
2023-05-06 04:00:00,89.93,0.0,6879.75,33550.0,44660.0,10.4015,93.83874,366.0,101.24
2023-05-06 05:00:00,91.7,0.0,7009.75,33450.0,44684.0,9.4515,95.39303,263.0,102.75
2023-05-06 06:00:00,97.2,81.0,7217.5,33650.0,45356.0,9.4515,95.715775,184.0,103.24
2023-05-06 07:00:00,99.02,483.0,7553.0,34600.0,46247.0,10.3515,94.468994,144.0,109.4
2023-05-06 08:00:00,95.13,1167.0,7819.25,36800.0,47242.0,12.0515,91.453316,95.0,115.64
2023-05-06 09:00:00,93.28,1908.0,8285.0,39150.0,47049.0,14.2015,86.90552,74.0,106.61
2023-05-06 10:00:00,82.53,2575.0,8625.0,40800.0,46095.0,15.8015,82.0922,109.0,103.59
2023-05-06 11:00:00,74.42,2843.0,8837.25,42050.0,45285.0,17.1015,77.57843,143.0,92.87
2023-05-06 12:00:00,72.13,2655.0,8792.0,44350.0,45944.0,16.2015,76.93301,153.0,82.23
2023-05-06 13:00:00,55.85,2229.0,8566.25,44900.0,45641.0,16.5015,78.25207,146.0,84.55
2023-05-06 14:00:00,50.0,1864.0,8313.75,41800.0,45063.0,16.5515,69.732796,118.0,66.2
2023-05-06 15:00:00,63.16,1612.0,8168.0,40150.0,44822.0,17.6515,68.80473,124.0,69.05
2023-05-06 16:00:00,74.64,1314.0,8172.0,38800.0,44405.0,18.6015,63.339096,101.0,80.0
2023-05-06 17:00:00,90.3,1022.0,8353.75,38250.0,45971.0,18.5015,61.04912,92.0,85.0
2023-05-06 18:00:00,101.14,719.0,8527.0,39100.0,48591.0,18.2015,61.182274,78.0,100.1
2023-05-06 19:00:00,105.3,382.0,8587.25,40400.0,48418.0,18.0015,62.1623,85.0,116.57
2023-05-06 20:00:00,112.84,95.0,8485.5,39300.0,48077.0,17.3015,78.88234,143.0,116.45
2023-05-06 21:00:00,108.71,1.0,8351.0,39050.0,47737.0,16.8515,71.425545,210.0,120.0
2023-05-06 22:00:00,103.12,0.0,8235.25,39800.0,48171.0,15.3015,78.3307,280.0,115.57
2023-05-06 23:00:00,92.38,0.0,7997.25,42250.0,47780.0,13.9015,85.1721,331.0,110.0
2023-05-07 00:00:00,115.42,0.0,7574.0,39350.0,46068.0,13.2515,88.55712,392.0,99.28
2023-05-07 01:00:00,99.92,0.0,7212.5,36300.0,43419.0,12.5515,92.704994,449.0,91.09
2023-05-07 02:00:00,93.78,0.0,7002.5,35250.0,42830.0,12.6015,91.48855,477.0,88.38
2023-05-07 03:00:00,84.69,0.0,6935.75,32350.0,41668.0,12.6015,91.18597,451.0,85.43
2023-05-07 04:00:00,84.08,0.0,6964.25,30700.0,41228.0,12.1515,91.76418,408.0,78.9
2023-05-07 05:00:00,85.3,0.0,7206.5,30700.0,41058.0,11.8015,91.74246,357.0,80.17
2023-05-07 06:00:00,86.3,42.0,7735.25,30700.0,40851.0,12.0515,91.14953,278.0,85.2
2023-05-07 07:00:00,82.78,245.0,8308.75,30900.0,40942.0,12.6015,89.984436,215.0,82.0
2023-05-07 08:00:00,78.44,494.0,7537.0,32500.0,40700.0,12.9515,93.03321,148.0,75.0
2023-05-07 09:00:00,82.34,701.0,7999.75,34850.0,40857.0,13.1015,94.27368,98.0,50.0
2023-05-07 10:00:00,83.66,865.0,8298.5,36750.0,41406.0,13.6015,94.29535,63.0,27.7
2023-05-07 11:00:00,90.04,1024.0,8465.25,38450.0,41969.0,15.2515,91.358345,52.0,48.01
2023-05-07 12:00:00,103.31,1192.0,8551.25,41400.0,41996.0,15.9515,88.2079,47.0,85.0
2023-05-07 13:00:00,80.0,1244.0,8263.75,42100.0,40851.0,16.5515,85.17514,49.0,43.33
2023-05-07 14:00:00,45.0,1277.0,8034.75,39150.0,40124.0,15.6015,85.631165,54.0,26.78
2023-05-07 15:00:00,28.65,1319.0,7853.5,37600.0,40202.0,16.6515,82.46645,65.0,1.71
2023-05-07 16:00:00,58.25,1296.0,7844.5,36700.0,42339.0,17.2015,79.38265,74.0,14.0
2023-05-07 17:00:00,78.61,1144.0,8106.0,36500.0,43656.0,17.2515,79.38974,86.0,70.57
2023-05-07 18:00:00,96.35,836.0,8371.75,37650.0,47377.0,17.1015,79.88652,95.0,96.66
2023-05-07 19:00:00,106.63,459.0,8567.5,39600.0,48616.0,16.7515,82.74705,108.0,106.89
2023-05-07 20:00:00,107.97,126.0,8574.5,39300.0,48419.0,16.2015,89.37767,119.0,121.1
2023-05-07 21:00:00,111.29,2.0,8358.75,39200.0,48366.0,14.8515,94.96271,104.0,122.2
2023-05-07 22:00:00,109.59,0.0,8208.25,39200.0,48069.0,13.8015,95.54446,84.0,117.12
2023-05-07 23:00:00,98.61,0.0,7988.25,41150.0,47107.0,13.2515,97.10302,79.0,108.71
2023-05-08 00:00:00,105.0,0.0,7596.75,38800.0,44389.0,12.8015,98.69865,79.0,109.9
2023-05-08 01:00:00,90.67,0.0,7262.25,36200.0,43053.0,12.3515,98.69409,88.0,99.9
2023-05-08 02:00:00,88.75,0.0,7094.0,35450.0,42593.0,12.4015,97.40423,103.0,95.49
2023-05-08 03:00:00,84.39,0.0,7001.75,32950.0,42547.0,12.0015,97.39619,120.0,90.88
2023-05-08 04:00:00,84.2,0.0,6983.75,31800.0,42845.0,11.2515,99.66927,122.0,87.61
2023-05-08 05:00:00,90.91,0.0,7129.75,31500.0,43073.0,10.7015,99.66782,107.0,88.0
2023-05-08 06:00:00,98.25,56.0,7440.75,32100.0,45620.0,10.5515,99.00523,79.0,87.44
2023-05-08 07:00:00,108.16,344.0,7920.5,32500.0,46872.0,10.5515,99.00523,76.0,91.89
2023-05-08 08:00:00,110.97,850.0,8153.75,34300.0,48084.0,10.8015,98.023094,113.0,90.49
2023-05-08 09:00:00,100.01,1489.0,8624.75,37050.0,49195.0,11.4015,98.35787,169.0,88.5
2023-05-08 10:00:00,92.17,2081.0,9112.25,38950.0,48235.0,13.2515,90.62897,248.0,81.29
2023-05-08 11:00:00,84.47,2491.0,9332.0,39500.0,47350.0,15.1015,83.912415,364.0,67.5
2023-05-08 12:00:00,84.76,2663.0,9334.25,41600.0,47630.0,16.4015,79.528465,525.0,54.45
2023-05-08 13:00:00,90.69,2656.0,9128.5,42100.0,46518.0,17.4015,75.378845,680.0,34.69
2023-05-08 14:00:00,81.04,2639.0,8696.25,39650.0,45974.0,16.2515,80.29173,876.0,30.0
2023-05-08 15:00:00,78.0,2474.0,8431.5,38200.0,45539.0,16.6015,78.266945,1126.0,41.12
2023-05-08 16:00:00,84.01,1991.0,8409.0,37250.0,46184.0,16.9515,75.30443,1344.0,51.8
2023-05-08 17:00:00,97.05,1417.0,8789.75,36550.0,47912.0,16.9015,73.5848,1418.0,49.33
2023-05-08 18:00:00,108.1,884.0,8887.5,37900.0,50498.0,16.5015,73.03089,1391.0,89.42
2023-05-08 19:00:00,122.0,443.0,8882.25,40450.0,50430.0,16.2015,73.21913,1267.0,109.55
2023-05-08 20:00:00,125.76,115.0,8801.0,39900.0,49897.0,15.9015,76.12878,1015.0,123.35
2023-05-08 21:00:00,121.99,2.0,8594.0,39650.0,49194.0,14.4515,83.837654,833.0,121.72
2023-05-08 22:00:00,115.65,0.0,8485.5,39700.0,48881.0,14.1015,84.07481,785.0,117.9
2023-05-08 23:00:00,106.07,0.0,8262.0,41700.0,48478.0,13.7515,84.5938,868.0,111.04
2023-05-09 00:00:00,95.96,0.0,7856.25,38700.0,47211.0,13.6515,84.86361,868.0,98.48
2023-05-09 01:00:00,87.52,0.0,7439.0,37000.0,46700.0,13.7515,84.31391,1027.0,85.6
2023-05-09 02:00:00,84.6,0.0,7008.5,36350.0,45762.0,13.0515,88.24729,1191.0,83.3
2023-05-09 03:00:00,84.17,0.0,6958.0,34600.0,45293.0,13.5515,84.57162,1370.0,80.9
2023-05-09 04:00:00,85.25,0.0,6951.75,34300.0,45400.0,13.6515,82.0913,1547.0,81.22
2023-05-09 05:00:00,92.45,0.0,7079.25,36250.0,46798.0,13.7515,81.018326,1649.0,90.39
2023-05-09 06:00:00,111.58,25.0,7218.0,39650.0,48577.0,13.8515,81.30174,1589.0,111.06
2023-05-09 07:00:00,121.0,124.0,7509.5,43250.0,50064.0,13.9515,85.45941,1424.0,127.53
2023-05-09 08:00:00,117.88,243.0,8124.25,46400.0,50286.0,14.0015,89.49826,1306.0,135.26
2023-05-09 09:00:00,112.6,345.0,8413.75,49200.0,50644.0,13.9015,89.49052,1176.0,123.01
2023-05-09 10:00:00,117.86,424.0,8722.5,49400.0,50423.0,13.9515,90.0843,1155.0,115.77
2023-05-09 11:00:00,122.9,459.0,8945.0,49400.0,50693.0,14.1515,90.691475,1097.0,108.96
2023-05-09 12:00:00,127.0,458.0,8950.25,51350.0,51285.0,14.6515,91.02241,1049.0,98.46
2023-05-09 13:00:00,124.53,476.0,8880.0,51550.0,50667.0,14.6015,91.614815,996.0,92.76
2023-05-09 14:00:00,105.09,511.0,8658.0,49650.0,50407.0,13.9015,89.49052,925.0,86.32
2023-05-09 15:00:00,81.63,520.0,8626.75,47900.0,49718.0,13.9015,91.271164,865.0,81.97
2023-05-09 16:00:00,84.44,533.0,8533.0,46550.0,50052.0,13.7515,91.26139,845.0,87.2
2023-05-09 17:00:00,100.06,502.0,8659.5,45450.0,51775.0,13.6515,92.46139,901.0,94.43
2023-05-09 18:00:00,112.66,439.0,8901.75,45500.0,53188.0,13.8515,91.86856,1069.0,117.38
2023-05-09 19:00:00,117.71,285.0,8925.5,47150.0,53356.0,13.9015,91.8716,1278.0,130.0
2023-05-09 20:00:00,109.29,88.0,8835.0,45350.0,52312.0,13.5515,92.45572,1443.0,142.86
2023-05-09 21:00:00,110.99,2.0,8742.5,43250.0,52426.0,12.9515,95.20203,1799.0,133.69
2023-05-09 22:00:00,104.67,0.0,8528.25,43200.0,52214.0,12.6515,96.136185,1940.0,124.02
2023-05-09 23:00:00,89.93,0.0,8327.0,44850.0,51602.0,12.2515,96.124275,2094.0,116.13
2023-05-10 00:00:00,94.9,0.0,7781.0,42000.0,49569.0,11.9015,96.432526,990.0,107.65
2023-05-10 01:00:00,90.08,0.0,7412.5,38950.0,49165.0,11.8015,96.74962,971.0,102.63
2023-05-10 02:00:00,88.38,0.0,7000.75,38100.0,48201.0,10.9015,96.40485,949.0,100.97
2023-05-10 03:00:00,86.19,0.0,6893.5,35800.0,48106.0,11.0015,96.407616,905.0,97.8
2023-05-10 04:00:00,84.36,0.0,6942.75,35000.0,47818.0,11.4015,95.461845,864.0,88.52
2023-05-10 05:00:00,84.59,0.0,7150.75,36150.0,48685.0,11.3515,95.46009,823.0,99.88
2023-05-10 06:00:00,95.97,43.0,7433.25,39450.0,51100.0,11.0015,96.08675,774.0,111.86
2023-05-10 07:00:00,110.64,226.0,7974.0,44250.0,52443.0,10.7015,96.72182,729.0,126.26
2023-05-10 08:00:00,133.5,528.0,8488.5,47600.0,53609.0,10.6515,97.36876,683.0,125.1
2023-05-10 09:00:00,110.47,852.0,8845.75,49150.0,54830.0,10.8515,94.4902,662.0,110.1
2023-05-10 10:00:00,105.51,1160.0,8977.0,49650.0,55594.0,12.3015,89.96203,646.0,91.16
2023-05-10 11:00:00,100.65,1472.0,9201.0,50200.0,55809.0,13.6015,83.461395,647.0,84.16
2023-05-10 12:00:00,96.67,1806.0,9194.75,50850.0,56316.0,13.8015,82.110344,663.0,74.64
2023-05-10 13:00:00,93.17,2008.0,9037.25,51050.0,55422.0,14.8515,76.465195,694.0,59.11
2023-05-10 14:00:00,91.96,1988.0,8869.5,49600.0,54676.0,13.3015,84.54383,684.0,50.11
2023-05-10 15:00:00,88.14,1904.0,8793.5,47650.0,52739.0,13.8515,84.32516,658.0,53.46
2023-05-10 16:00:00,86.2,1653.0,8712.75,46150.0,52126.0,13.8515,84.60487,636.0,62.75
2023-05-10 17:00:00,93.52,1244.0,8837.0,44800.0,52282.0,14.1515,78.41916,645.0,91.76
2023-05-10 18:00:00,116.57,849.0,8886.25,45950.0,54146.0,14.3015,81.09161,657.0,104.08
2023-05-10 19:00:00,134.08,463.0,8821.25,47850.0,54456.0,14.2015,78.950745,647.0,126.23
2023-05-10 20:00:00,139.9,139.0,8735.75,45850.0,53017.0,13.7515,81.28854,565.0,135.98
2023-05-10 21:00:00,131.14,4.0,8697.25,44650.0,52289.0,12.2515,87.591255,442.0,126.28
2023-05-10 22:00:00,117.87,0.0,8563.25,44600.0,51744.0,10.8515,90.15555,346.0,107.58
2023-05-10 23:00:00,110.06,0.0,8316.75,46300.0,51275.0,10.6515,91.05586,327.0,95.19
2023-05-11 00:00:00,100.0,0.0,7877.25,42800.0,49713.0,10.3515,91.96086,325.0,91.96
2023-05-11 01:00:00,96.94,0.0,7460.0,40150.0,48663.0,10.3515,92.89445,342.0,86.1
2023-05-11 02:00:00,96.0,0.0,7089.75,39300.0,47115.0,10.6015,93.53383,321.0,85.88
2023-05-11 03:00:00,89.48,0.0,6995.25,37000.0,46958.0,10.7515,94.170105,285.0,85.54
2023-05-11 04:00:00,87.68,0.0,7023.5,36050.0,46558.0,10.6515,95.43557,245.0,84.48
2023-05-11 05:00:00,94.94,0.0,7140.0,37200.0,47438.0,10.2015,96.70907,199.0,92.6
2023-05-11 06:00:00,105.43,58.0,7452.75,40200.0,50016.0,9.2015,97.99816,159.0,96.64
2023-05-11 07:00:00,140.58,310.0,7990.0,45000.0,50986.0,9.3515,98.000534,96.0,122.33
2023-05-11 08:00:00,161.08,728.0,8420.75,47500.0,52376.0,10.1515,95.73895,45.0,119.9
2023-05-11 09:00:00,134.58,1209.0,8796.75,48600.0,53384.0,11.4515,91.41465,27.0,104.42
2023-05-11 10:00:00,118.86,1743.0,9148.0,49400.0,53417.0,12.5515,87.32721,21.0,90.0
2023-05-11 11:00:00,114.95,2272.0,9429.5,49550.0,53861.0,13.9015,81.850655,20.0,79.6
2023-05-11 12:00:00,104.82,2698.0,9368.25,50100.0,53897.0,14.2515,81.354355,21.0,70.42
2023-05-11 13:00:00,97.31,2804.0,9220.75,50300.0,53375.0,14.9015,78.011826,22.0,60.95
2023-05-11 14:00:00,97.37,2807.0,8962.75,48250.0,52892.0,15.2515,72.56399,28.0,57.85
2023-05-11 15:00:00,98.41,2690.0,8803.75,46550.0,52041.0,15.9515,67.5533,39.0,62.85
2023-05-11 16:00:00,99.05,2295.0,8726.5,45400.0,51864.0,16.5515,65.675224,48.0,75.29
2023-05-11 17:00:00,112.31,1754.0,8916.25,44300.0,52314.0,14.1515,78.68092,84.0,90.93
2023-05-11 18:00:00,123.2,1213.0,9090.75,45300.0,53615.0,15.0015,77.25474,149.0,100.0
2023-05-11 19:00:00,147.04,660.0,9070.75,46900.0,53290.0,14.8515,76.719826,242.0,118.53
2023-05-11 20:00:00,132.83,204.0,8948.5,45550.0,51991.0,14.1515,79.47083,367.0,118.24
2023-05-11 21:00:00,120.41,6.0,8839.75,44250.0,51372.0,12.5015,93.317635,491.0,113.37
2023-05-11 22:00:00,113.99,0.0,8651.0,44400.0,50639.0,12.4015,92.390144,578.0,107.79
2023-05-11 23:00:00,101.66,0.0,8323.5,46450.0,49989.0,11.8015,93.592705,657.0,94.61
2023-05-12 00:00:00,98.53,0.0,7812.25,43600.0,48925.0,11.5515,95.78473,559.0,91.5
2023-05-12 01:00:00,90.55,0.0,7472.25,40950.0,47714.0,11.5015,96.10183,736.0,81.8
2023-05-12 02:00:00,89.84,0.0,7079.75,40000.0,46750.0,11.6015,95.786354,941.0,78.49
2023-05-12 03:00:00,90.0,0.0,6902.25,37400.0,46122.0,11.7015,96.747116,1142.0,79.51
2023-05-12 04:00:00,90.6,0.0,6903.75,36550.0,46391.0,11.6015,94.83651,1347.0,78.49
2023-05-12 05:00:00,96.93,0.0,7070.0,37700.0,47220.0,11.3515,95.46009,1555.0,87.52
2023-05-12 06:00:00,105.5,26.0,7353.75,40550.0,49481.0,11.3015,97.05903,1682.0,101.22
2023-05-12 07:00:00,121.25,124.0,7746.75,45150.0,51441.0,11.4515,96.74081,1766.0,113.75
2023-05-12 08:00:00,134.5,270.0,8253.5,48100.0,52992.0,11.3015,96.415955,1896.0,114.2
2023-05-12 09:00:00,113.36,450.0,8762.0,49250.0,53127.0,11.2015,96.7345,2023.0,107.2
2023-05-12 10:00:00,102.14,678.0,9086.5,49500.0,53467.0,11.3015,96.73703,2062.0,100.88
2023-05-12 11:00:00,98.3,938.0,9260.25,49600.0,53855.0,11.6515,96.42563,1969.0,99.84
2023-05-12 12:00:00,100.39,1180.0,9216.25,49850.0,53723.0,14.4515,83.56145,1601.0,90.76
2023-05-12 13:00:00,99.21,1555.0,9077.75,49800.0,53153.0,15.4515,82.588264,1180.0,81.51
2023-05-12 14:00:00,90.0,1914.0,8890.75,47950.0,52609.0,15.0015,76.74366,936.0,78.9
2023-05-12 15:00:00,85.64,2108.0,8739.25,46200.0,51908.0,15.5015,75.812515,881.0,81.08
2023-05-12 16:00:00,81.03,2142.0,8613.75,44700.0,51498.0,16.5015,75.975494,1023.0,91.16
2023-05-12 17:00:00,92.05,1875.0,8664.5,44050.0,51785.0,18.2515,68.69838,1218.0,98.4
2023-05-12 18:00:00,100.0,1353.0,8780.0,44750.0,52847.0,17.8515,64.44192,1474.0,112.8
2023-05-12 19:00:00,107.04,702.0,8767.0,45850.0,53112.0,17.9515,62.35803,1798.0,120.54
2023-05-12 20:00:00,106.3,214.0,8670.5,44650.0,52131.0,17.2515,64.52429,2030.0,129.23
2023-05-12 21:00:00,105.34,9.0,8555.25,44150.0,51178.0,15.7015,75.09606,2161.0,126.31
2023-05-12 22:00:00,100.36,0.0,8378.75,43750.0,51257.0,13.9515,84.89627,2136.0,115.56
2023-05-12 23:00:00,97.83,0.0,8145.25,45750.0,50436.0,12.4515,91.78275,2046.0,115.51
2023-05-13 00:00:00,104.91,0.0,7767.25,42550.0,47124.0,11.9015,92.66908,2572.0,106.71
2023-05-13 01:00:00,91.05,0.0,7304.5,39350.0,45005.0,11.6015,92.6524,2579.0,99.62
2023-05-13 02:00:00,90.5,0.0,7179.5,38050.0,44505.0,11.7015,91.43079,2493.0,95.71
2023-05-13 03:00:00,86.03,0.0,7087.0,35300.0,43451.0,11.6015,92.03656,2414.0,91.7
2023-05-13 04:00:00,85.08,0.0,7116.5,33850.0,42384.0,11.4515,89.29781,2357.0,89.93
2023-05-13 05:00:00,86.23,0.0,7404.25,33750.0,42267.0,11.1515,86.6103,2329.0,91.7
2023-05-13 06:00:00,85.93,116.0,8011.5,34450.0,43992.0,10.4515,86.24821,2271.0,97.2
2023-05-13 07:00:00,86.65,512.0,8628.75,35750.0,44248.0,10.9015,84.55934,2232.0,99.02
2023-05-13 08:00:00,94.47,1472.0,8081.5,38250.0,46214.0,12.4515,81.93801,2054.0,95.13
2023-05-13 09:00:00,89.08,2750.0,8575.75,40500.0,46216.0,13.8515,76.81699,1857.0,93.28
2023-05-13 10:00:00,81.75,3813.0,8921.75,42100.0,45606.0,15.2515,74.275925,1760.0,82.53
2023-05-13 11:00:00,70.99,4622.0,9085.0,42650.0,45468.0,16.7015,72.58623,1752.0,74.42
2023-05-13 12:00:00,75.83,5026.0,8982.0,44050.0,44983.0,18.3015,69.843735,1900.0,72.13
2023-05-13 13:00:00,39.0,4997.0,8831.75,43850.0,43645.0,19.6015,66.97608,2095.0,55.85
2023-05-13 14:00:00,5.77,4496.0,8612.75,41450.0,42220.0,20.2515,62.469913,2255.0,50.0
2023-05-13 15:00:00,6.17,3937.0,8467.25,40700.0,41995.0,21.0515,55.319813,2352.0,63.16
2023-05-13 16:00:00,27.72,3323.0,8466.0,38800.0,41597.0,20.5515,54.466316,2442.0,74.64
2023-05-13 17:00:00,65.78,2629.0,8525.0,37900.0,44681.0,17.0015,74.575455,2522.0,90.3
2023-05-13 18:00:00,88.52,1740.0,8644.25,38850.0,46985.0,18.7015,70.14976,2521.0,101.14
2023-05-13 19:00:00,101.95,765.0,8647.75,40150.0,49105.0,18.5515,62.495056,2455.0,105.3
2023-05-13 20:00:00,115.03,216.0,8480.25,39250.0,48787.0,17.2015,71.021416,2385.0,112.84
2023-05-13 21:00:00,110.0,12.0,8321.75,38650.0,48540.0,15.6515,82.34267,2326.0,108.71
2023-05-13 22:00:00,109.21,0.0,8247.0,39450.0,49347.0,13.9015,90.080635,2253.0,103.12
2023-05-13 23:00:00,104.71,0.0,8094.75,42100.0,49476.0,13.1015,92.43015,2108.0,92.38
2023-05-14 00:00:00,102.37,0.0,7625.0,40150.0,48101.0,12.7015,93.02005,2183.0,115.42
2023-05-14 01:00:00,98.18,0.0,7226.25,37550.0,46095.0,12.2515,92.68843,2014.0,99.92
2023-05-14 02:00:00,94.3,0.0,6884.25,36850.0,45534.0,10.6015,93.53383,1802.0,93.78
2023-05-14 03:00:00,82.08,0.0,6725.75,34150.0,44279.0,10.0515,93.822174,1583.0,84.69
2023-05-14 04:00:00,81.44,0.0,6761.5,32900.0,43772.0,9.6515,94.43913,1353.0,84.08
2023-05-14 05:00:00,82.64,0.0,6849.0,32750.0,43235.0,9.1015,95.380516,1156.0,85.3
2023-05-14 06:00:00,81.33,129.0,6971.25,32800.0,43415.0,8.5515,96.33855,1070.0,86.3
2023-05-14 07:00:00,73.87,659.0,7154.75,33300.0,43714.0,9.3515,95.06743,1028.0,82.78
2023-05-14 08:00:00,75.69,1694.0,7483.5,35150.0,43543.0,10.8515,91.37574,945.0,78.44
2023-05-14 09:00:00,54.9,2897.0,7947.5,37900.0,43592.0,12.5015,87.322556,816.0,82.34
2023-05-14 10:00:00,25.09,3890.0,8240.25,40050.0,43294.0,14.2515,82.9873,681.0,83.66
2023-05-14 11:00:00,13.89,4648.0,8389.5,41300.0,42166.0,15.8515,78.15492,655.0,90.04
2023-05-14 12:00:00,9.73,4965.0,8455.75,42400.0,42613.0,17.2015,73.637314,677.0,103.31
2023-05-14 13:00:00,1.85,4881.0,8162.25,42500.0,42069.0,18.4515,70.10168,683.0,80.0
2023-05-14 14:00:00,0.16,4519.0,7932.0,39650.0,42348.0,17.8015,69.74655,661.0,45.0
2023-05-14 15:00:00,1.78,3927.0,7760.5,37700.0,42598.0,18.6015,68.31922,657.0,28.65
2023-05-14 16:00:00,15.92,3225.0,7748.25,36450.0,42489.0,18.8015,64.01423,693.0,58.25
2023-05-14 17:00:00,34.82,2418.0,8033.25,35900.0,43795.0,18.1515,63.658825,734.0,78.61
2023-05-14 18:00:00,77.77,1574.0,8291.75,37350.0,46083.0,16.5515,73.52337,743.0,96.35
2023-05-14 19:00:00,112.18,785.0,8468.25,39400.0,49135.0,14.9515,74.47194,682.0,106.63
2023-05-14 20:00:00,120.0,258.0,8465.25,39400.0,49260.0,13.3515,79.09063,608.0,107.97
2023-05-14 21:00:00,121.71,13.0,8265.0,39050.0,49273.0,12.2015,81.90584,502.0,111.29
2023-05-14 22:00:00,115.11,0.0,8114.5,39050.0,50052.0,10.7015,87.44859,375.0,109.59
2023-05-14 23:00:00,103.43,0.0,7902.5,41750.0,50102.0,9.8515,90.693954,295.0,98.61
2023-05-15 00:00:00,108.37,0.0,7511.25,39250.0,47836.0,9.2015,93.78173,207.0,105.0
2023-05-15 01:00:00,96.18,0.0,7178.75,37300.0,46780.0,8.6515,95.689064,203.0,90.67
2023-05-15 02:00:00,90.8,0.0,7041.25,37000.0,45602.0,8.2015,95.67392,193.0,88.75
2023-05-15 03:00:00,87.93,0.0,6973.25,35300.0,44804.0,7.8515,96.64812,196.0,84.39
2023-05-15 04:00:00,86.53,0.0,7038.25,34750.0,44136.0,7.6015,97.63846,235.0,84.2
2023-05-15 05:00:00,94.92,0.0,7465.5,35900.0,45517.0,6.7515,98.635254,299.0,90.91
2023-05-15 06:00:00,98.76,98.0,8357.0,39100.0,47488.0,6.1015,99.312,377.0,98.25
2023-05-15 07:00:00,119.17,405.0,9201.75,43300.0,50142.0,7.2515,97.96715,485.0,108.16
2023-05-15 08:00:00,132.23,908.0,9786.0,46800.0,52606.0,9.1515,93.14484,653.0,110.97
2023-05-15 09:00:00,117.21,1525.0,10193.25,48250.0,53536.0,11.3015,88.391014,922.0,100.01
2023-05-15 10:00:00,103.92,2026.0,10227.25,49050.0,53622.0,13.6015,78.59943,1183.0,92.17
2023-05-15 11:00:00,97.02,2318.0,10237.5,49850.0,53671.0,14.6015,73.915794,1510.0,84.47
2023-05-15 12:00:00,92.86,2404.0,10125.5,50700.0,53637.0,15.6515,68.8615,1973.0,84.76
2023-05-15 13:00:00,87.98,2271.0,10042.25,50650.0,53396.0,15.6015,67.48071,2216.0,90.69
2023-05-15 14:00:00,84.63,2030.0,9848.25,48700.0,52331.0,12.6015,83.62209,2463.0,81.04
2023-05-15 15:00:00,73.59,1769.0,9705.5,47100.0,51277.0,12.1015,89.94706,2654.0,78.0
2023-05-15 16:00:00,73.22,1377.0,9557.5,45550.0,50619.0,12.0515,86.11966,2860.0,84.01
2023-05-15 17:00:00,78.02,948.0,9581.0,44300.0,50628.0,11.8015,81.30299,3052.0,97.05
2023-05-15 18:00:00,87.53,623.0,9683.5,45400.0,52698.0,12.2015,75.263504,3140.0,108.1
2023-05-15 19:00:00,107.97,324.0,9614.75,47700.0,54000.0,12.0015,73.7064,3093.0,122.0
2023-05-15 20:00:00,112.88,104.0,9496.25,46250.0,52950.0,11.0015,80.9205,3022.0,125.76
2023-05-15 21:00:00,111.45,6.0,9236.25,44800.0,52619.0,10.5015,80.30173,2931.0,121.99
2023-05-15 22:00:00,105.43,0.0,9091.25,44450.0,52838.0,9.8015,78.29363,2804.0,115.65
2023-05-15 23:00:00,94.16,0.0,8801.75,45950.0,52498.0,9.0015,80.646286,2679.0,106.07
2023-05-16 00:00:00,78.96,0.0,8336.75,42800.0,49435.0,8.6515,82.005714,2477.0,95.96
2023-05-16 01:00:00,73.1,0.0,7901.25,40600.0,48380.0,8.1015005,84.53263,2306.0,87.52
2023-05-16 02:00:00,70.01,0.0,7628.0,39850.0,47336.0,8.4015,80.004845,2168.0,84.6
2023-05-16 03:00:00,63.56,0.0,7582.0,37600.0,46192.0,7.2515,86.21845,2011.0,84.17
2023-05-16 04:00:00,65.9,0.0,7645.25,36400.0,45941.0,6.4515,91.082146,1892.0,85.25
2023-05-16 05:00:00,72.94,1.0,8070.25,37700.0,46511.0,6.1015,92.65862,1726.0,92.45
2023-05-16 06:00:00,90.0,137.0,8793.75,41400.0,49607.0,6.0515,93.30313,1547.0,111.58
2023-05-16 07:00:00,114.96,551.0,9526.25,46350.0,52183.0,6.8015,91.740005,1335.0,121.0
2023-05-16 08:00:00,119.54,1476.0,9945.5,49500.0,53247.0,8.7015,82.581276,1200.0,117.88
2023-05-16 09:00:00,116.3,2457.0,10161.5,50700.0,54131.0,10.0515,71.594795,1061.0,112.6
2023-05-16 10:00:00,82.97,3214.0,10175.0,50700.0,54469.0,11.2515,64.05894,918.0,117.86
2023-05-16 11:00:00,75.11,3766.0,10191.0,50750.0,53912.0,12.1015,58.892986,845.0,122.9
2023-05-16 12:00:00,76.03,4092.0,9948.0,50650.0,53774.0,12.9515,54.158913,837.0,127.0
2023-05-16 13:00:00,58.07,4214.0,9953.75,50700.0,51994.0,13.6515,51.020645,874.0,124.53
2023-05-16 14:00:00,35.26,4034.0,9720.0,48750.0,49818.0,12.9015,57.26652,923.0,105.09
2023-05-16 15:00:00,12.59,3648.0,9686.25,47100.0,49526.0,13.7015,53.978218,913.0,81.63
2023-05-16 16:00:00,43.23,3147.0,9627.5,45400.0,49311.0,14.0515,51.309227,889.0,84.44
2023-05-16 17:00:00,66.24,2478.0,9606.75,44550.0,51672.0,13.5015,54.303967,898.0,100.06
2023-05-16 18:00:00,86.23,1634.0,9692.25,46250.0,54307.0,13.7515,51.227646,890.0,112.66
2023-05-16 19:00:00,105.72,795.0,9559.25,48300.0,54544.0,13.2515,54.810875,758.0,117.71
2023-05-16 20:00:00,114.22,245.0,9439.0,46900.0,53458.0,12.4015,63.21569,617.0,109.29
2023-05-16 21:00:00,114.42,18.0,9218.25,45300.0,52945.0,11.0515,72.28153,606.0,110.99
2023-05-16 22:00:00,109.16,0.0,9086.25,45000.0,52426.0,9.4015,81.25953,646.0,104.67
2023-05-16 23:00:00,97.23,0.0,8796.25,46700.0,51437.0,8.1015005,89.33276,661.0,89.93
2023-05-17 00:00:00,83.46,0.0,8199.0,43750.0,49213.0,7.5515,92.42174,557.0,94.9
2023-05-17 01:00:00,77.73,0.0,7863.0,41550.0,47169.0,6.9515,94.321655,550.0,90.08
2023-05-17 02:00:00,75.16,0.0,7625.25,40750.0,45772.0,6.4515,95.28409,532.0,88.38
2023-05-17 03:00:00,70.0,0.0,7561.5,38500.0,45196.0,5.9014997,96.26158,554.0,86.19
2023-05-17 04:00:00,72.52,0.0,7654.75,37200.0,45162.0,5.2015,97.253456,568.0,84.36
2023-05-17 05:00:00,79.83,1.0,7955.0,38300.0,47322.0,5.0515,97.25018,548.0,84.59
2023-05-17 06:00:00,105.28,144.0,8678.0,41650.0,49463.0,4.8515,97.58637,499.0,95.97
2023-05-17 07:00:00,113.51,564.0,9402.75,45900.0,51255.0,6.7015,95.29331,488.0,110.64
2023-05-17 08:00:00,120.1,1294.0,9817.25,48900.0,52915.0,8.8015,90.61974,535.0,133.5
2023-05-17 09:00:00,116.89,2244.0,10118.0,49700.0,53806.0,10.8015,84.835175,615.0,110.47
2023-05-17 10:00:00,82.78,3260.0,10039.25,49600.0,53936.0,12.1515,79.182,665.0,105.51
2023-05-17 11:00:00,62.32,4295.0,10280.0,49650.0,53981.0,13.2015,69.30274,680.0,100.65
2023-05-17 12:00:00,74.89,5053.0,9971.5,50350.0,52833.0,14.2015,61.486553,692.0,96.67
2023-05-17 13:00:00,48.04,5423.0,9782.25,50950.0,50561.0,14.6015,56.90503,711.0,93.17
2023-05-17 14:00:00,32.66,5389.0,9770.5,48600.0,49215.0,15.4515,52.04722,729.0,91.96
2023-05-17 15:00:00,18.16,5062.0,9616.25,46850.0,49417.0,15.0515,53.03253,760.0,88.14
2023-05-17 16:00:00,41.18,4429.0,9447.0,44800.0,49158.0,15.2015,52.341972,782.0,86.2
2023-05-17 17:00:00,79.09,3337.0,9511.25,43200.0,51291.0,15.4015,50.962086,813.0,93.52
2023-05-17 18:00:00,98.46,2015.0,9550.5,44000.0,53438.0,15.1015,47.445263,843.0,116.57
2023-05-17 19:00:00,115.68,852.0,9428.0,45600.0,53920.0,14.1015,52.046574,875.0,134.08
2023-05-17 20:00:00,127.77,257.0,9276.0,44800.0,53056.0,13.0015,58.91051,920.0,139.9
2023-05-17 21:00:00,115.84,24.0,9085.75,43600.0,52000.0,11.0015,68.857216,969.0,131.14
2023-05-17 22:00:00,111.0,0.0,9061.75,43300.0,52518.0,9.4515,74.27422,922.0,117.87
2023-05-17 23:00:00,99.79,0.0,8729.25,45250.0,52504.0,8.4015,80.004845,816.0,110.06
2023-05-18 00:00:00,100.59,0.0,8165.0,42050.0,50120.0,7.3515,82.122116,641.0,100.0
2023-05-18 01:00:00,86.06,0.0,7790.0,39450.0,48270.0,6.5515,80.3026,604.0,96.94
2023-05-18 02:00:00,89.24,0.0,6995.75,38250.0,46139.0,6.1015,77.718254,562.0,96.0
2023-05-18 03:00:00,83.09,0.0,6896.75,35700.0,44873.0,5.7515,80.47355,513.0,89.48
2023-05-18 04:00:00,79.42,0.0,6868.0,34300.0,44343.0,5.4014997,83.62691,464.0,87.68
2023-05-18 05:00:00,79.71,2.0,6882.5,33950.0,44449.0,5.3015,85.10864,431.0,94.94
2023-05-18 06:00:00,80.68,167.0,6932.0,34300.0,44977.0,5.1514997,86.30527,395.0,105.43
2023-05-18 07:00:00,91.0,634.0,7128.25,35400.0,46483.0,5.7515,84.85876,338.0,140.58
2023-05-18 08:00:00,90.48,1296.0,7442.75,37250.0,47503.0,6.7515,81.756195,256.0,161.08
2023-05-18 09:00:00,81.26,2210.0,7848.25,39550.0,47605.0,8.0015,78.28973,204.0,134.58
2023-05-18 10:00:00,72.76,3231.0,8034.25,41050.0,47339.0,9.5015,75.32255,209.0,118.86
2023-05-18 11:00:00,65.47,4061.0,8174.75,41350.0,46966.0,11.4515,69.66695,228.0,114.95
2023-05-18 12:00:00,63.72,4669.0,8203.75,43050.0,47258.0,13.0015,59.94257,235.0,104.82
2023-05-18 13:00:00,44.16,5094.0,7868.5,43750.0,46143.0,13.6015,54.90238,242.0,97.31
2023-05-18 14:00:00,29.41,5117.0,7641.75,40050.0,44589.0,14.4015,55.879745,280.0,97.37
2023-05-18 15:00:00,43.08,4686.0,7527.5,37700.0,44457.0,14.9515,53.932323,349.0,98.41
2023-05-18 16:00:00,71.56,3962.0,7543.25,36200.0,45210.0,15.2015,55.12758,426.0,99.05
2023-05-18 17:00:00,84.16,2909.0,7815.5,35400.0,47214.0,15.2515,55.521587,506.0,112.31
2023-05-18 18:00:00,98.47,1802.0,8143.75,36650.0,49464.0,14.9515,56.2142,579.0,123.2
2023-05-18 19:00:00,111.92,865.0,8303.75,39100.0,50064.0,14.5015,58.068596,638.0,147.04
2023-05-18 20:00:00,122.51,297.0,8321.25,39000.0,49915.0,13.7015,63.7313,708.0,132.83
2023-05-18 21:00:00,114.23,25.0,8285.5,38850.0,50090.0,12.2015,69.33898,777.0,120.41
2023-05-18 22:00:00,109.61,0.0,8261.25,40100.0,50955.0,10.7515,72.9775,792.0,113.99
2023-05-18 23:00:00,98.76,0.0,7933.25,41950.0,50480.0,9.9515,75.39908,745.0,101.66
2023-05-19 00:00:00,93.02,0.0,7435.75,40000.0,48962.0,9.1015,78.45793,1090.0,98.53
2023-05-19 01:00:00,83.2,0.0,7155.25,37950.0,46881.0,8.4015,80.84324,1020.0,90.55
2023-05-19 02:00:00,80.23,0.0,7050.0,37300.0,45326.0,7.8015,80.1985,927.0,89.84
2023-05-19 03:00:00,77.03,0.0,6945.25,35200.0,44750.0,7.2015,83.55038,814.0,90.0
2023-05-19 04:00:00,77.56,0.0,6985.25,34350.0,44371.0,6.6514997,85.856026,713.0,90.6
2023-05-19 05:00:00,89.67,3.0,7220.0,35200.0,45141.0,6.3015,87.33547,643.0,96.93
2023-05-19 06:00:00,88.7,158.0,7662.0,37450.0,46884.0,5.7515,89.76816,571.0,105.5
2023-05-19 07:00:00,105.48,577.0,8184.75,40150.0,50209.0,6.8515,86.78063,499.0,121.25
2023-05-19 08:00:00,106.0,1627.0,8620.75,42750.0,51443.0,8.5515,83.71208,370.0,134.5
2023-05-19 09:00:00,93.29,3015.0,8968.5,44050.0,52076.0,10.4015,79.46733,320.0,113.36
2023-05-19 10:00:00,69.43,4134.0,9096.0,44100.0,51105.0,12.3515,75.03356,355.0,102.14
2023-05-19 11:00:00,59.96,4910.0,9207.25,44000.0,49508.0,14.1515,70.20046,434.0,98.3
2023-05-19 12:00:00,60.6,5187.0,9166.0,45050.0,49615.0,15.7015,63.106556,536.0,100.39
2023-05-19 13:00:00,57.79,5104.0,8955.25,45300.0,48729.0,16.6515,55.50093,691.0,99.21
2023-05-19 14:00:00,57.93,4758.0,8784.25,42600.0,47722.0,17.5015,51.880806,980.0,90.0
2023-05-19 15:00:00,63.62,4269.0,8626.25,41350.0,46808.0,18.2515,46.69115,1361.0,85.64
2023-05-19 16:00:00,60.64,3592.0,8565.75,39600.0,46768.0,18.5015,44.104458,1731.0,81.03
2023-05-19 17:00:00,76.33,2705.0,8627.5,38900.0,47365.0,17.9515,43.192505,2014.0,92.05
2023-05-19 18:00:00,87.9,1762.0,8782.0,39650.0,49186.0,17.7015,43.877583,2195.0,100.0
2023-05-19 19:00:00,101.58,860.0,8726.0,41200.0,49863.0,17.4515,49.95195,2365.0,107.04
2023-05-19 20:00:00,103.62,290.0,8608.5,40600.0,49376.0,16.4515,57.565655,2560.0,106.3
2023-05-19 21:00:00,98.64,27.0,8518.0,39700.0,50019.0,14.5515,62.416092,2726.0,105.34
2023-05-19 22:00:00,99.76,0.0,8515.5,40550.0,50405.0,13.9015,56.92436,2785.0,100.36
2023-05-19 23:00:00,85.78,0.0,8230.25,42750.0,50708.0,13.6515,64.15822,2687.0,97.83
2023-05-20 00:00:00,78.74,0.0,7605.75,40100.0,47543.0,12.9015,67.14313,2551.0,104.91
2023-05-20 01:00:00,74.0,0.0,7258.0,37400.0,46417.0,12.4015,67.49988,2425.0,91.05
2023-05-20 02:00:00,68.03,0.0,7232.75,36500.0,46119.0,10.7015,71.966965,2405.0,90.5
2023-05-20 03:00:00,62.2,0.0,7074.75,34150.0,45256.0,10.2015,72.87667,2369.0,86.03
2023-05-20 04:00:00,61.61,0.0,7089.5,33000.0,44617.0,9.8015,74.59413,2312.0,85.08
2023-05-20 05:00:00,59.37,4.0,7117.25,32900.0,44103.0,9.4015,77.42439,2286.0,86.23
2023-05-20 06:00:00,62.08,170.0,7358.25,33250.0,43737.0,9.4515,78.51105,2250.0,85.93
2023-05-20 07:00:00,62.46,609.0,7606.0,34500.0,44132.0,10.0015,79.40916,2194.0,86.65
2023-05-20 08:00:00,59.76,1494.0,7999.0,36550.0,44672.0,11.5015,78.01821,2079.0,94.47
2023-05-20 09:00:00,40.04,2655.0,8448.0,38800.0,43705.0,13.2015,73.42038,2064.0,89.08
2023-05-20 10:00:00,7.61,3725.0,8752.5,40250.0,41944.0,14.9515,70.35605,2197.0,81.75
2023-05-20 11:00:00,6.32,4405.0,8882.0,41000.0,42010.0,16.6515,65.47768,2486.0,70.99
2023-05-20 12:00:00,20.12,4287.0,8819.5,42750.0,42169.0,17.9015,57.92494,2732.0,75.83
2023-05-20 13:00:00,10.05,3988.0,8657.25,43100.0,42012.0,18.6015,53.782635,2818.0,39.0
2023-05-20 14:00:00,0.03,3530.0,8454.75,40550.0,41411.0,19.0515,53.00101,2891.0,5.77
2023-05-20 15:00:00,0.0,2951.0,8327.0,39200.0,41236.0,19.0515,54.811134,2944.0,6.17
2023-05-20 16:00:00,1.32,2401.0,8318.75,38000.0,40910.0,19.4515,54.36547,2984.0,27.72
2023-05-20 17:00:00,25.94,1901.0,8392.0,37500.0,42840.0,19.3515,55.071682,3007.0,65.78
2023-05-20 18:00:00,53.68,1401.0,8547.5,38700.0,46034.0,19.0515,56.486637,2938.0,88.52
2023-05-20 19:00:00,78.44,813.0,8541.75,40100.0,48059.0,18.5015,60.443264,2818.0,101.95
2023-05-20 20:00:00,87.69,304.0,8436.25,39700.0,47529.0,17.7515,64.20636,2702.0,115.03
2023-05-20 21:00:00,81.06,26.0,8261.25,39150.0,47082.0,16.3515,68.543755,2586.0,110.0
2023-05-20 22:00:00,78.6,0.0,8243.75,39550.0,47223.0,15.1015,72.053604,2473.0,109.21
2023-05-20 23:00:00,73.02,0.0,8101.5,40650.0,46683.0,14.4515,74.3859,2353.0,104.71
2023-05-21 00:00:00,52.2,0.0,7600.0,37900.0,47059.0,13.6015,78.074936,2212.0,102.37
2023-05-21 01:00:00,40.04,0.0,7230.5,35100.0,46225.0,12.6515,82.79215,2030.0,98.18
2023-05-21 02:00:00,33.88,0.0,6891.5,33850.0,45152.0,11.7515,85.51269,1922.0,94.3
2023-05-21 03:00:00,28.77,0.0,6718.75,31250.0,43645.0,11.0515,88.96619,1919.0,82.08
2023-05-21 04:00:00,29.96,0.0,6756.0,29800.0,42603.0,10.6015,90.13706,1990.0,81.44
2023-05-21 05:00:00,28.26,3.0,6836.25,29550.0,42161.0,10.3515,90.72898,2057.0,82.64
2023-05-21 06:00:00,30.8,170.0,6968.0,29500.0,41929.0,10.0015,91.939476,2053.0,81.33
2023-05-21 07:00:00,27.55,600.0,7144.25,30250.0,42288.0,10.8515,89.24985,2016.0,73.87
2023-05-21 08:00:00,20.0,1261.0,7435.5,31950.0,42849.0,12.3015,86.14496,1933.0,75.69
2023-05-21 09:00:00,2.14,2119.0,7870.0,34350.0,40713.0,13.9515,82.95094,1947.0,54.9
2023-05-21 10:00:00,0.0,2945.0,8166.0,36300.0,39932.0,15.8015,78.40512,2062.0,25.09
2023-05-21 11:00:00,-0.02,3487.0,8331.5,37800.0,40719.0,17.4015,74.39943,2225.0,13.89
2023-05-21 12:00:00,1.03,3885.0,8404.0,39800.0,41578.0,19.1015,68.41964,2371.0,9.73
2023-05-21 13:00:00,-19.95,3960.0,8172.5,39800.0,40479.0,19.4515,68.26712,2429.0,1.85
2023-05-21 14:00:00,-12.31,3895.0,7969.0,37000.0,39764.0,19.1515,69.32767,2434.0,0.16
2023-05-21 15:00:00,-10.0,3692.0,7785.0,35400.0,40045.0,20.0015,68.37735,2431.0,1.78
2023-05-21 16:00:00,-0.41,3212.0,7790.25,34450.0,40925.0,20.1015,68.176094,2431.0,15.92
2023-05-21 17:00:00,2.22,2497.0,8128.5,34450.0,41315.0,20.7015,65.6975,2434.0,34.82
2023-05-21 18:00:00,41.34,1711.0,8363.5,35850.0,45243.0,20.7015,66.55392,2451.0,77.77
2023-05-21 19:00:00,85.49,879.0,8496.5,38100.0,49093.0,20.6515,67.628105,2463.0,112.18
2023-05-21 20:00:00,90.87,325.0,8476.0,37900.0,49267.0,19.8515,75.052864,2495.0,120.0
2023-05-21 21:00:00,91.0,32.0,8288.0,37450.0,49332.0,17.8515,83.14693,2536.0,121.71
2023-05-21 22:00:00,89.94,0.0,8115.0,37700.0,49425.0,15.9515,85.946304,2492.0,115.11
2023-05-21 23:00:00,83.5,0.0,7918.5,39600.0,48424.0,14.4515,88.07818,2368.0,103.43
2023-05-22 00:00:00,88.29,0.0,7518.5,37650.0,47831.0,13.3015,92.13783,1646.0,108.37
2023-05-22 01:00:00,80.06,0.0,7170.25,35600.0,47546.0,12.4515,94.55718,1563.0,96.18
2023-05-22 02:00:00,78.31,0.0,6965.25,34900.0,46757.0,11.1015,95.77011,1488.0,90.8
2023-05-22 03:00:00,77.8,0.0,6929.5,33050.0,46099.0,10.7515,97.69606,1373.0,87.93
2023-05-22 04:00:00,81.0,0.0,6948.25,32500.0,45908.0,10.5015,98.01844,1278.0,86.53
2023-05-22 05:00:00,89.95,4.0,7312.0,33800.0,47079.0,10.7515,98.67767,1231.0,94.92
2023-05-22 06:00:00,99.34,169.0,8144.5,36550.0,48760.0,11.0515,97.376915,1134.0,98.76
2023-05-22 07:00:00,110.18,589.0,8999.0,41150.0,50300.0,11.4515,96.4201,1018.0,119.17
2023-05-22 08:00:00,113.42,1196.0,9563.25,44350.0,51971.0,12.5515,93.320175,893.0,132.23
2023-05-22 09:00:00,106.79,1883.0,9915.0,46000.0,52606.0,14.0015,89.20468,882.0,117.21
2023-05-22 10:00:00,95.05,2598.0,10084.25,46250.0,52426.0,15.6515,83.97527,1024.0,103.92
2023-05-22 11:00:00,85.1,3206.0,10133.25,46600.0,51743.0,16.9015,79.59901,1284.0,97.02
2023-05-22 12:00:00,83.36,3559.0,9982.25,47750.0,51576.0,18.1515,74.76962,1526.0,92.86
2023-05-22 13:00:00,78.09,3673.0,9878.5,48100.0,50521.0,18.6515,73.41101,1698.0,87.98
2023-05-22 14:00:00,68.75,3488.0,9708.25,46600.0,49863.0,16.1015,82.93806,1773.0,84.63
2023-05-22 15:00:00,74.23,3008.0,9576.75,44650.0,49614.0,16.9015,81.168526,1831.0,73.59
2023-05-22 16:00:00,77.34,2565.0,9471.5,43250.0,49361.0,17.9015,78.45921,1894.0,73.22
2023-05-22 17:00:00,82.64,2056.0,9579.5,42050.0,50672.0,17.2015,79.38265,1941.0,78.02
2023-05-22 18:00:00,89.51,1430.0,9647.75,43000.0,51301.0,17.5515,77.14341,1980.0,87.53
2023-05-22 19:00:00,101.0,789.0,9425.75,44900.0,51750.0,17.3015,78.6262,2101.0,107.97
2023-05-22 20:00:00,108.12,310.0,9127.0,43200.0,50799.0,16.6515,81.135704,2281.0,112.88
2023-05-22 21:00:00,99.51,28.0,8886.75,41450.0,50492.0,15.5515,84.79135,2404.0,111.45
2023-05-22 22:00:00,94.29,0.0,8836.5,41850.0,50916.0,13.7515,92.46705,2422.0,105.43
2023-05-22 23:00:00,84.8,0.0,8479.25,43500.0,51002.0,12.7515,95.194695,2405.0,94.16
2023-05-23 00:00:00,89.45,0.0,7836.75,41100.0,49061.0,11.7515,97.069275,2426.0,78.96
2023-05-23 01:00:00,72.01,0.0,7456.0,38400.0,47971.0,11.3515,98.03155,2408.0,73.1
2023-05-23 02:00:00,69.63,0.0,7221.25,37100.0,46591.0,11.1515,95.77174,2483.0,70.01
2023-05-23 03:00:00,60.82,0.0,7189.5,34550.0,45958.0,11.8515,92.05158,2530.0,63.56
2023-05-23 04:00:00,49.38,0.0,7223.25,33500.0,45509.0,12.0515,90.544655,2560.0,65.9
2023-05-23 05:00:00,60.21,3.0,7593.75,34700.0,46315.0,12.0015,89.6401,2538.0,72.94
2023-05-23 06:00:00,78.57,78.0,8330.0,37400.0,48526.0,11.8015,88.43394,2487.0,90.0
2023-05-23 07:00:00,98.03,326.0,9128.25,42100.0,50672.0,11.8015,86.38371,2518.0,114.96
2023-05-23 08:00:00,101.0,814.0,9592.5,45200.0,51843.0,12.2515,82.18832,2548.0,119.54
2023-05-23 09:00:00,92.01,1532.0,9902.75,46400.0,52655.0,12.6515,81.963684,2552.0,116.3
2023-05-23 10:00:00,82.45,2259.0,9880.5,46400.0,52673.0,13.2515,79.874985,2456.0,82.97
2023-05-23 11:00:00,75.98,3044.0,9894.0,46750.0,52042.0,14.6515,71.729225,2312.0,75.11
2023-05-23 12:00:00,86.03,3765.0,9668.5,47500.0,52371.0,15.7015,67.27548,2109.0,76.03
2023-05-23 13:00:00,79.98,4213.0,9580.0,47900.0,52467.0,15.9515,62.950684,1969.0,58.07
2023-05-23 14:00:00,50.38,4259.0,9370.0,46200.0,51339.0,15.6015,58.941628,1942.0,35.26
2023-05-23 15:00:00,29.99,4038.0,9353.75,44500.0,50351.0,16.3015,54.84585,1927.0,12.59
2023-05-23 16:00:00,41.41,3575.0,9291.5,43300.0,49696.0,16.3515,53.55967,2001.0,43.23
2023-05-23 17:00:00,62.45,2769.0,9312.0,42250.0,50670.0,16.1015,52.582027,2067.0,66.24
2023-05-23 18:00:00,77.76,1867.0,9368.25,42850.0,52614.0,14.9015,57.374256,2048.0,86.23
2023-05-23 19:00:00,96.15,918.0,9156.75,44450.0,53637.0,14.2015,58.194275,1928.0,105.72
2023-05-23 20:00:00,100.35,321.0,9002.25,43150.0,53174.0,13.1015,59.966896,1764.0,114.22
2023-05-23 21:00:00,103.35,40.0,8837.75,41700.0,53270.0,11.7015,62.616142,1555.0,114.42
2023-05-23 22:00:00,100.54,0.0,8759.25,41800.0,53344.0,10.6015,64.81314,1269.0,109.16
2023-05-23 23:00:00,93.78,0.0,8473.0,43250.0,53044.0,9.8015,67.182594,988.0,97.23
2023-05-24 00:00:00,83.0,0.0,7929.25,40900.0,51021.0,9.0515,70.903984,748.0,83.46
2023-05-24 01:00:00,76.09,0.0,7620.25,37700.0,49575.0,8.1515,76.151596,543.0,77.73
2023-05-24 02:00:00,75.13,0.0,7307.75,36950.0,48502.0,7.0015,84.40685,391.0,75.16
2023-05-24 03:00:00,74.4,0.0,7253.5,34850.0,47548.0,6.5015,87.96678,305.0,70.0
2023-05-24 04:00:00,75.62,0.0,7457.5,34000.0,47163.0,5.5515,92.30388,253.0,72.52
2023-05-24 05:00:00,79.72,8.0,7788.75,35150.0,47725.0,5.1015,93.90948,222.0,79.83
2023-05-24 06:00:00,88.6,190.0,8597.25,37900.0,49763.0,5.1514997,94.24128,206.0,105.28
2023-05-24 07:00:00,106.86,626.0,9325.75,42700.0,52274.0,6.9515,90.17359,165.0,113.51
2023-05-24 08:00:00,109.66,1634.0,9745.5,45950.0,53577.0,8.8515,84.90927,118.0,120.1
2023-05-24 09:00:00,98.66,2768.0,10067.5,47650.0,54854.0,10.7515,78.97636,103.0,116.89
2023-05-24 10:00:00,85.92,3553.0,9907.75,47800.0,54838.0,12.0515,76.00992,97.0,82.78
2023-05-24 11:00:00,81.0,3909.0,10167.25,48150.0,54345.0,12.9015,71.157074,119.0,62.32
2023-05-24 12:00:00,80.58,3799.0,9897.75,48850.0,53989.0,14.1515,63.833115,191.0,74.89
2023-05-24 13:00:00,76.75,3490.0,9688.25,48950.0,53585.0,14.8515,60.389423,278.0,48.04
2023-05-24 14:00:00,75.21,3254.0,9663.25,47350.0,52830.0,15.5015,59.320415,336.0,32.66
2023-05-24 15:00:00,73.6,2976.0,9501.75,45400.0,52684.0,15.4515,58.304413,373.0,18.16
2023-05-24 16:00:00,76.75,2628.0,9289.0,44100.0,51980.0,15.8015,58.19216,433.0,41.18
2023-05-24 17:00:00,77.77,2080.0,9345.0,42800.0,51451.0,15.7515,59.381218,520.0,79.09
2023-05-24 18:00:00,90.21,1439.0,9346.0,43400.0,52783.0,15.9015,58.61474,621.0,98.46
2023-05-24 19:00:00,115.14,829.0,9205.0,44950.0,53632.0,15.8515,58.802303,701.0,115.68
2023-05-24 20:00:00,120.65,329.0,9077.5,43350.0,53088.0,15.2515,62.790535,768.0,127.77
2023-05-24 21:00:00,109.4,37.0,8924.0,41600.0,52432.0,13.8515,71.33786,852.0,115.84
2023-05-24 22:00:00,107.06,0.0,8923.25,42100.0,53033.0,12.6515,74.32458,908.0,111.0
2023-05-24 23:00:00,100.22,0.0,8606.0,44150.0,52510.0,11.6515,74.14972,901.0,99.79
2023-05-25 00:00:00,100.1,0.0,8091.75,40600.0,50815.0,10.5515,79.21749,1101.0,100.59
2023-05-25 01:00:00,90.03,0.0,7673.25,38300.0,49616.0,9.8015,84.14701,1035.0,86.06
2023-05-25 02:00:00,81.74,0.0,7463.25,37500.0,48691.0,9.1015,91.26072,994.0,89.24
2023-05-25 03:00:00,74.78,0.0,7384.0,35250.0,47867.0,9.0015,91.87792,973.0,83.09
2023-05-25 04:00:00,78.3,0.0,7403.25,34100.0,47760.0,8.7015,93.43895,942.0,79.42
2023-05-25 05:00:00,81.78,8.0,7729.0,35050.0,47961.0,8.5015,93.74811,870.0,79.71
2023-05-25 06:00:00,91.23,199.0,8497.0,38000.0,49899.0,8.2515,94.05687,786.0,80.68
2023-05-25 07:00:00,112.68,630.0,9258.75,42500.0,52300.0,8.9515,92.18828,687.0,91.0
2023-05-25 08:00:00,104.0,1596.0,9724.0,45550.0,53069.0,10.3515,87.41604,658.0,90.48
2023-05-25 09:00:00,83.35,2867.0,9969.75,46750.0,52636.0,11.8515,82.69336,736.0,81.26
2023-05-25 10:00:00,70.85,3808.0,9986.75,47000.0,50866.0,13.6515,71.78388,895.0,72.76
2023-05-25 11:00:00,55.86,4323.0,10079.5,47000.0,50756.0,14.7015,66.38879,1093.0,65.47
2023-05-25 12:00:00,42.15,4555.0,9920.25,47750.0,50998.0,15.7015,61.420563,1304.0,63.72
2023-05-25 13:00:00,23.35,4734.0,9857.5,48200.0,49769.0,16.4515,57.17571,1488.0,44.16
2023-05-25 14:00:00,21.73,4690.0,9784.0,46650.0,48281.0,16.6515,58.59987,1725.0,29.41
2023-05-25 15:00:00,21.37,4310.0,9562.5,44850.0,47830.0,16.8515,57.665154,1972.0,43.08
2023-05-25 16:00:00,36.95,3640.0,9317.75,43500.0,48477.0,17.3015,55.855984,2161.0,71.56
2023-05-25 17:00:00,68.93,2830.0,9491.0,42300.0,49125.0,16.8015,59.43435,2295.0,84.16
2023-05-25 18:00:00,79.18,1883.0,9587.75,43000.0,51692.0,16.8515,58.64885,2375.0,98.47
2023-05-25 19:00:00,89.88,920.0,9435.25,44450.0,52334.0,16.6015,56.633026,2433.0,111.92
2023-05-25 20:00:00,105.82,337.0,9276.25,42850.0,51431.0,16.0515,61.919746,2507.0,122.51
2023-05-25 21:00:00,100.0,46.0,9006.75,41500.0,51488.0,15.2015,64.50443,2624.0,114.23
2023-05-25 22:00:00,100.45,0.0,8916.5,41800.0,52338.0,14.1515,67.40606,2717.0,109.61
2023-05-25 23:00:00,90.94,0.0,8572.5,43600.0,51939.0,13.2515,70.98246,2710.0,98.76
2023-05-26 00:00:00,88.11,0.0,7925.75,40500.0,48590.0,12.0015,74.97388,2418.0,93.02
2023-05-26 01:00:00,76.4,0.0,7585.25,37450.0,47353.0,11.1015,79.028046,2250.0,83.2
2023-05-26 02:00:00,74.27,0.0,7375.5,36400.0,46038.0,9.7015,84.71297,2059.0,80.23
2023-05-26 03:00:00,69.8,0.0,7283.5,34250.0,45108.0,9.1015,86.406395,1882.0,77.03
2023-05-26 04:00:00,68.54,0.0,7402.25,33100.0,45156.0,8.5015,87.24195,1783.0,77.56
2023-05-26 05:00:00,73.04,10.0,7723.5,34000.0,45709.0,8.0015,87.1943,1815.0,89.67
2023-05-26 06:00:00,86.05,197.0,8512.75,36850.0,46956.0,7.5015,88.362434,1944.0,88.7
2023-05-26 07:00:00,98.72,621.0,9166.75,41450.0,49017.0,8.0515,86.89853,1988.0,105.48
2023-05-26 08:00:00,100.38,1700.0,9657.75,44150.0,51032.0,9.0515,82.341064,1890.0,106.0
2023-05-26 09:00:00,82.14,3139.0,9922.5,45250.0,50953.0,10.3515,77.84092,1771.0,93.29
2023-05-26 10:00:00,54.29,4256.0,9901.5,45700.0,50626.0,11.8515,72.1825,1709.0,69.43
2023-05-26 11:00:00,36.77,5027.0,9875.25,46200.0,50610.0,13.4515,67.030014,1716.0,59.96
2023-05-26 12:00:00,24.42,5460.0,9678.0,46800.0,49620.0,14.9515,62.084515,1782.0,60.6
2023-05-26 13:00:00,32.31,5637.0,9598.5,47000.0,48934.0,16.1515,56.13476,1887.0,57.79
2023-05-26 14:00:00,5.78,5535.0,9342.75,45300.0,48135.0,16.8015,49.9467,2047.0,57.93
2023-05-26 15:00:00,0.55,5188.0,9143.5,43450.0,47610.0,17.4515,46.628723,2272.0,63.62
2023-05-26 16:00:00,20.01,4587.0,9141.75,41950.0,47994.0,17.9015,44.240105,2545.0,60.64
2023-05-26 17:00:00,52.23,3537.0,9213.25,40700.0,48766.0,18.1015,42.638794,2757.0,76.33
2023-05-26 18:00:00,72.98,2184.0,9246.5,41300.0,50378.0,18.0015,43.35703,2898.0,87.9
2023-05-26 19:00:00,87.9,922.0,9060.25,42250.0,50712.0,17.6015,45.71281,2944.0,101.58
2023-05-26 20:00:00,103.15,295.0,8862.5,40800.0,49671.0,16.7015,54.389675,2963.0,103.62
2023-05-26 21:00:00,98.06,50.0,8670.5,39650.0,48966.0,15.2515,60.89871,2990.0,98.64
2023-05-26 22:00:00,99.5,0.0,8623.5,40400.0,49674.0,14.0015,63.147808,2945.0,99.76
2023-05-26 23:00:00,92.5,0.0,8341.5,42450.0,49506.0,13.0015,67.16426,2758.0,85.78
2023-05-27 00:00:00,89.73,0.0,7786.0,40100.0,47609.0,11.9015,71.20893,2675.0,78.74
2023-05-27 01:00:00,83.51,0.0,7429.75,37050.0,47063.0,10.9515,73.7721,2413.0,74.0
2023-05-27 02:00:00,84.73,0.0,7105.0,36050.0,46136.0,10.1015,76.20982,2198.0,68.03
2023-05-27 03:00:00,83.27,0.0,6967.5,33450.0,44522.0,9.4015,79.871,2021.0,62.2
2023-05-27 04:00:00,78.7,0.0,7022.25,32000.0,43387.0,8.7015,83.729904,1924.0,61.61
2023-05-27 05:00:00,77.1,10.0,7005.0,31750.0,43192.0,8.0515,86.89853,1865.0,59.37
2023-05-27 06:00:00,82.7,220.0,7223.25,32100.0,43598.0,7.6015,88.67732,1808.0,62.08
2023-05-27 07:00:00,82.99,669.0,7450.25,33400.0,43988.0,8.3015,86.32558,1564.0,62.46
2023-05-27 08:00:00,72.61,1609.0,7854.25,35950.0,44185.0,9.6015,81.84704,1267.0,59.76
2023-05-27 09:00:00,55.06,3001.0,8309.0,38450.0,44244.0,11.3015,77.457344,1039.0,40.04
2023-05-27 10:00:00,16.37,4205.0,8622.0,40050.0,41755.0,13.2515,73.67804,859.0,7.61
2023-05-27 11:00:00,1.45,5038.0,8748.25,40700.0,41333.0,15.2015,68.54034,730.0,6.32
2023-05-27 12:00:00,0.0,5504.0,8676.25,42550.0,41826.0,17.0515,64.265366,692.0,20.12
2023-05-27 13:00:00,4.17,5717.0,8524.5,43050.0,41673.0,18.7515,58.522747,745.0,10.05
2023-05-27 14:00:00,0.0,5617.0,8296.25,41100.0,40754.0,19.8515,50.76983,880.0,0.03
2023-05-27 15:00:00,0.0,5284.0,8171.0,40050.0,40305.0,20.7515,45.041615,1041.0,0.0
2023-05-27 16:00:00,2.26,4686.0,8183.75,38750.0,40125.0,21.3515,42.682133,1157.0,1.32
2023-05-27 17:00:00,55.08,3621.0,8262.75,38000.0,45116.0,21.7015,41.35411,1241.0,25.94
2023-05-27 18:00:00,84.85,2235.0,8411.0,38450.0,47656.0,21.7015,41.91966,1296.0,53.68
2023-05-27 19:00:00,95.4,925.0,8393.25,39300.0,47427.0,21.2515,44.424343,1351.0,78.44
2023-05-27 20:00:00,104.13,295.0,8267.25,38600.0,47150.0,20.0515,55.249737,1410.0,87.69
2023-05-27 21:00:00,105.11,54.0,8100.0,37900.0,47190.0,17.6015,64.816154,1463.0,81.06
2023-05-27 22:00:00,99.16,0.0,8101.75,38900.0,48234.0,15.4015,67.8938,1489.0,78.6
2023-05-27 23:00:00,94.71,0.0,7960.75,41050.0,49076.0,14.3015,69.05409,1461.0,73.02
2023-05-28 00:00:00,87.09,0.0,7494.75,38700.0,45679.0,13.1015,74.15154,1635.0,52.2
2023-05-28 01:00:00,84.0,0.0,7141.0,35850.0,44752.0,12.1515,78.382454,1559.0,40.04
2023-05-28 02:00:00,81.92,0.0,6657.25,34600.0,43647.0,11.1515,84.587364,1496.0,33.88
2023-05-28 03:00:00,77.87,0.0,6571.5,31950.0,42851.0,10.6515,87.74005,1405.0,28.77
2023-05-28 04:00:00,77.86,0.0,6550.25,30400.0,42424.0,10.2015,90.71849,1340.0,29.96
2023-05-28 05:00:00,74.98,12.0,6550.5,30050.0,42071.0,9.9015,93.18409,1339.0,28.26
2023-05-28 06:00:00,69.24,217.0,6699.25,29950.0,41870.0,9.5515,94.11615,1360.0,30.8
2023-05-28 07:00:00,64.85,653.0,6895.25,30700.0,41862.0,10.8515,90.763824,1321.0,27.55
2023-05-28 08:00:00,37.71,1626.0,7226.5,32600.0,41901.0,12.6015,85.60201,1142.0,20.0
2023-05-28 09:00:00,0.0,2955.0,7670.5,35150.0,42226.0,14.5515,79.0018,1035.0,2.14
2023-05-28 10:00:00,0.0,4077.0,7997.25,37050.0,40155.0,16.6515,73.05766,1207.0,0.0
2023-05-28 11:00:00,-6.83,4874.0,8171.0,38400.0,40125.0,18.8515,65.94912,1546.0,-0.02
2023-05-28 12:00:00,14.87,5318.0,8277.5,39900.0,40348.0,20.5515,58.18748,1844.0,1.03
2023-05-28 13:00:00,-42.0,5508.0,7993.0,40650.0,39475.0,21.8015,51.97098,2129.0,-19.95
2023-05-28 14:00:00,-22.74,5416.0,7843.0,38150.0,38138.0,22.4015,47.200882,2347.0,-12.31
2023-05-28 15:00:00,-50.0,5049.0,7768.0,37000.0,37943.0,22.8015,45.307327,2501.0,-10.0
2023-05-28 16:00:00,-15.18,4349.0,7709.75,35950.0,39031.0,22.9515,45.04748,2672.0,-0.41
2023-05-28 17:00:00,-0.06,3335.0,7929.5,35500.0,41697.0,22.8515,44.720203,2825.0,2.22
2023-05-28 18:00:00,50.0,2110.0,8180.25,36300.0,44870.0,22.3515,46.09836,2962.0,41.34
2023-05-28 19:00:00,72.9,934.0,8270.0,38000.0,45680.0,21.5015,48.877426,3073.0,85.49
2023-05-28 20:00:00,80.7,318.0,8227.75,38150.0,45839.0,20.2015,54.376686,3208.0,90.87
2023-05-28 21:00:00,78.18,57.0,8065.5,37750.0,46373.0,18.6515,58.69381,3362.0,91.0
2023-05-28 22:00:00,74.01,0.0,8005.5,38400.0,47452.0,16.1515,63.42199,3448.0,89.94
2023-05-28 23:00:00,69.5,0.0,7683.5,40900.0,47453.0,15.2515,70.17874,3456.0,83.5
2023-05-29 00:00:00,59.23,0.0,7349.0,36850.0,45253.0,14.4515,76.65613,3353.0,88.29
2023-05-29 01:00:00,53.9,0.0,7004.0,33900.0,44225.0,13.6015,81.26873,3306.0,80.06
2023-05-29 02:00:00,51.82,0.0,6783.75,33200.0,42918.0,12.7515,82.804436,3310.0,78.31
2023-05-29 03:00:00,43.81,0.0,6667.75,31400.0,42128.0,12.0015,86.114586,3338.0,77.8
2023-05-29 04:00:00,31.86,0.0,6632.0,29900.0,41336.0,10.9515,83.426315,3265.0,81.0
2023-05-29 05:00:00,34.91,13.0,6617.25,29750.0,41382.0,10.1515,78.61675,3141.0,89.95
2023-05-29 06:00:00,38.02,211.0,6663.5,29650.0,41549.0,9.6515,79.35808,2967.0,99.34
2023-05-29 07:00:00,58.71,635.0,6847.25,30500.0,42508.0,10.0015,79.136665,2772.0,110.18
2023-05-29 08:00:00,29.92,1672.0,7151.5,32300.0,43552.0,10.8515,77.652054,2609.0,113.42
2023-05-29 09:00:00,0.01,3091.0,7540.5,34800.0,43660.0,12.1015,74.736084,2508.0,106.79
2023-05-29 10:00:00,-2.1,4190.0,7753.25,36600.0,42944.0,13.7015,69.40278,2542.0,95.05
2023-05-29 11:00:00,-15.0,4921.0,7905.5,37500.0,43893.0,15.2515,63.432568,2627.0,85.1
2023-05-29 12:00:00,-51.99,5254.0,7945.0,39200.0,44044.0,16.6515,59.39807,2746.0,83.36
2023-05-29 13:00:00,-89.86,5291.0,7649.75,39150.0,43134.0,17.6015,56.501823,2788.0,78.09
2023-05-29 14:00:00,-90.0,5008.0,7453.0,37150.0,41641.0,18.1015,55.68256,2876.0,68.75
2023-05-29 15:00:00,-70.86,4546.0,7352.25,36000.0,41218.0,18.6015,53.782635,2945.0,74.23
2023-05-29 16:00:00,-19.22,4001.0,7358.0,35250.0,42163.0,18.7515,52.212635,3009.0,77.34
2023-05-29 17:00:00,-5.2,3197.0,7640.5,35350.0,45351.0,18.4015,50.552116,3081.0,82.64
2023-05-29 18:00:00,22.29,2042.0,7932.0,36500.0,47007.0,17.6015,50.336124,3162.0,89.51
2023-05-29 19:00:00,72.89,959.0,8038.5,38750.0,48585.0,17.0515,48.992397,3229.0,101.0
2023-05-29 20:00:00,84.59,367.0,8028.25,38200.0,48655.0,16.5015,52.688263,3259.0,108.12
2023-05-29 21:00:00,80.33,61.0,7993.25,37150.0,48560.0,15.3515,56.704147,3296.0,99.51
2023-05-29 22:00:00,79.75,0.0,7979.25,38200.0,49685.0,14.1015,60.41645,3319.0,94.29
2023-05-29 23:00:00,74.24,0.0,7676.5,40550.0,49378.0,13.0515,60.58149,3261.0,84.8
2023-05-30 00:00:00,75.02,0.0,7190.25,37400.0,47196.0,12.0515,61.188015,3234.0,89.45
2023-05-30 01:00:00,71.05,0.0,6900.75,34750.0,46159.0,11.0515,62.24546,3123.0,72.01
2023-05-30 02:00:00,68.9,0.0,6738.25,34100.0,45333.0,10.3015,63.17172,2932.0,69.63
2023-05-30 03:00:00,52.78,0.0,6709.25,32050.0,44353.0,9.5515,68.55874,2744.0,60.82
2023-05-30 04:00:00,51.06,0.0,6900.0,31400.0,44171.0,8.9515,75.754776,2591.0,49.38
2023-05-30 05:00:00,75.91,13.0,7314.0,32600.0,44994.0,8.4015,82.82974,2511.0,60.21
2023-05-30 06:00:00,75.47,222.0,8127.75,35250.0,46201.0,8.0515,88.106224,2447.0,78.57
2023-05-30 07:00:00,111.67,651.0,9003.5,39550.0,49361.0,8.7015,86.366066,2415.0,98.03
2023-05-30 08:00:00,108.64,1574.0,9596.0,42800.0,50875.0,10.0015,80.23162,2473.0,101.0
2023-05-30 09:00:00,90.06,2808.0,9848.25,44400.0,51665.0,11.4015,75.643456,2433.0,92.01
2023-05-30 10:00:00,82.37,3924.0,9862.0,44800.0,51796.0,12.9015,71.39966,2312.0,82.45
2023-05-30 11:00:00,70.23,4769.0,9965.0,45800.0,53055.0,14.4515,63.68342,2280.0,75.98
2023-05-30 12:00:00,64.68,5246.0,9773.5,46550.0,53866.0,15.8015,58.990547,2285.0,86.03
2023-05-30 13:00:00,57.56,5449.0,9588.25,46950.0,53761.0,17.0015,56.35042,2315.0,79.98
2023-05-30 14:00:00,54.9,5360.0,9370.75,45650.0,52612.0,17.3515,55.491432,2391.0,50.38
2023-05-30 15:00:00,51.89,5014.0,9307.75,44450.0,52084.0,18.1515,53.66553,2454.0,29.99
2023-05-30 16:00:00,53.18,4238.0,9130.25,43150.0,51476.0,18.7515,53.640686,2521.0,41.41
2023-05-30 17:00:00,79.39,3083.0,9215.0,42500.0,51366.0,19.0515,54.26245,2551.0,62.45
2023-05-30 18:00:00,86.97,1918.0,9287.75,43300.0,51723.0,19.0015,54.067726,2557.0,77.76
2023-05-30 19:00:00,108.63,920.0,9143.5,45050.0,51222.0,19.0015,52.632236,2599.0,96.15
2023-05-30 20:00:00,119.49,357.0,8980.5,43300.0,50610.0,19.4015,51.16441,2650.0,100.35
2023-05-30 21:00:00,102.4,59.0,8737.5,41250.0,50114.0,16.4015,63.9062,2649.0,103.35
2023-05-30 22:00:00,96.13,0.0,8605.5,41450.0,50126.0,15.3515,65.63642,2594.0,100.54
2023-05-30 23:00:00,89.65,0.0,8387.0,43700.0,49954.0,14.5015,68.62935,2446.0,93.78
2023-05-31 00:00:00,85.92,0.0,7794.25,39500.0,47553.0,13.7015,72.769585,2544.0,83.0
2023-05-31 01:00:00,73.41,0.0,7446.25,36350.0,46411.0,12.9015,77.96838,2345.0,76.09
2023-05-31 02:00:00,74.2,0.0,7226.75,35550.0,45580.0,11.7015,84.364235,2175.0,75.13
2023-05-31 03:00:00,62.64,0.0,7164.5,33650.0,44263.0,11.3015,86.62504,2056.0,74.4
2023-05-31 04:00:00,61.61,0.0,7286.0,32550.0,43897.0,11.1515,87.785324,1982.0,75.62
2023-05-31 05:00:00,72.7,15.0,7578.75,33300.0,44440.0,10.9015,89.25385,1917.0,79.72
2023-05-31 06:00:00,77.64,219.0,8312.25,35850.0,46415.0,10.6015,91.05248,1882.0,88.6
2023-05-31 07:00:00,106.48,640.0,9069.75,40050.0,48500.0,11.4015,88.39963,1811.0,106.86
2023-05-31 08:00:00,92.05,1622.0,9487.0,43100.0,49408.0,12.9515,83.10623,1824.0,109.66
2023-05-31 09:00:00,86.41,3009.0,9730.75,44700.0,49479.0,14.6515,77.715256,1893.0,98.66
2023-05-31 10:00:00,66.92,4185.0,9612.25,45500.0,49579.0,16.6015,71.378784,1913.0,85.92
2023-05-31 11:00:00,46.55,4977.0,9825.25,46500.0,49339.0,18.5515,65.66881,2073.0,81.0
2023-05-31 12:00:00,12.31,5417.0,9601.25,47900.0,48382.0,20.4015,58.150993,2423.0,80.58
2023-05-31 13:00:00,0.92,5589.0,9463.75,48450.0,48395.0,21.9015,49.47645,2704.0,76.75
2023-05-31 14:00:00,0.0,5435.0,9442.75,46900.0,48332.0,22.8015,45.61049,2833.0,75.21
2023-05-31 15:00:00,1.75,5077.0,9352.5,45450.0,48062.0,23.4015,43.40216,2889.0,73.6
2023-05-31 16:00:00,22.43,4386.0,9265.75,44300.0,47580.0,23.9015,41.834293,2956.0,76.75
2023-05-31 17:00:00,66.83,3405.0,9367.0,43300.0,50098.0,24.0015,41.722797,3027.0,77.77
2023-05-31 18:00:00,74.04,2160.0,9397.5,44000.0,51151.0,23.8015,42.937794,3079.0,90.21
2023-05-31 19:00:00,80.26,941.0,9229.75,45250.0,50729.0,23.2515,45.734505,3075.0,115.14
2023-05-31 20:00:00,101.46,320.0,8980.25,43700.0,49477.0,22.0515,52.72716,3100.0,120.65
2023-05-31 21:00:00,99.4,66.0,8740.75,41650.0,49248.0,20.5515,56.672966,3146.0,109.4
2023-05-31 22:00:00,94.29,0.0,8693.5,42050.0,49851.0,19.4015,59.858433,3130.0,107.06
2023-05-31 23:00:00,82.9,0.0,8314.5,43950.0,49385.0,17.5515,72.263916,3041.0,100.22
2023-06-01 00:00:00,84.15,0.0,7801.75,40600.0,48665.0,15.9015,81.56922,2851.0,100.1
2023-06-01 01:00:00,74.3,0.0,7413.0,37400.0,48222.0,14.6515,84.972084,2669.0,90.03
2023-06-01 02:00:00,70.1,0.0,7077.75,36350.0,46903.0,13.2015,87.67753,2543.0,81.74
2023-06-01 03:00:00,65.05,0.0,7020.5,34250.0,46626.0,12.3015,89.66319,2466.0,74.78
2023-06-01 04:00:00,67.4,0.0,7047.0,33100.0,46457.0,11.5015,91.72376,2370.0,78.3
2023-06-01 05:00:00,75.39,16.0,7339.25,33950.0,46916.0,10.7515,93.85522,2228.0,81.78
2023-06-01 06:00:00,88.28,243.0,8142.75,36500.0,48008.0,10.1515,94.77867,2056.0,91.23
2023-06-01 07:00:00,101.71,684.0,8848.25,41050.0,48967.0,10.6515,89.83754,1878.0,112.68
2023-06-01 08:00:00,99.07,1575.0,9344.5,44100.0,49758.0,11.7015,84.364235,1730.0,104.0
2023-06-01 09:00:00,87.3,2845.0,9610.75,45750.0,49357.0,13.0015,79.305466,1651.0,83.35
2023-06-01 10:00:00,68.19,4052.0,9684.0,46600.0,49463.0,14.6515,73.67773,1647.0,70.85
2023-06-01 11:00:00,59.92,4891.0,9766.0,47300.0,49410.0,16.2015,69.20186,1673.0,55.86
2023-06-01 12:00:00,44.75,5416.0,9564.0,48350.0,48522.0,17.5515,63.948967,1724.0,42.15
2023-06-01 13:00:00,9.36,5648.0,9545.25,49050.0,48131.0,18.8015,59.51724,1763.0,23.35
2023-06-01 14:00:00,3.14,5576.0,9413.0,47700.0,47674.0,19.4015,54.900665,1806.0,21.73
2023-06-01 15:00:00,27.71,5236.0,9237.0,46250.0,47454.0,20.3515,52.10897,1940.0,21.37
2023-06-01 16:00:00,56.79,4559.0,9131.25,45150.0,47963.0,20.6015,52.174694,2131.0,36.95
2023-06-01 17:00:00,72.4,3470.0,9334.75,44100.0,49366.0,20.4015,52.646446,2308.0,68.93
2023-06-01 18:00:00,84.75,2148.0,9431.0,45000.0,50978.0,20.3015,55.313114,2426.0,79.18
2023-06-01 19:00:00,97.39,962.0,9205.25,46200.0,50886.0,18.8515,60.726917,2531.0,89.88
2023-06-01 20:00:00,108.42,361.0,9014.25,44300.0,49784.0,16.7515,63.344597,2619.0,105.82
2023-06-01 21:00:00,103.4,69.0,8800.25,42250.0,49638.0,14.8515,68.00928,2632.0,100.0
2023-06-01 22:00:00,95.41,0.0,8759.75,42600.0,49584.0,13.3015,74.43735,2581.0,100.45
2023-06-01 23:00:00,86.53,0.0,8335.75,44500.0,49458.0,13.0015,75.6533,2438.0,90.94
2023-06-02 00:00:00,83.59,0.0,7841.75,41050.0,47679.0,12.3015,73.00958,2256.0,88.11
2023-06-02 01:00:00,79.4,0.0,7495.75,37750.0,46454.0,11.7515,72.41162,2046.0,76.4
2023-06-02 02:00:00,76.17,0.0,7269.0,36650.0,45579.0,11.1015,73.04141,1847.0,74.27
2023-06-02 03:00:00,68.98,0.0,7185.75,34200.0,44836.0,10.9015,72.253555,1779.0,69.8
2023-06-02 04:00:00,68.14,0.0,7255.0,33100.0,43958.0,10.6515,73.21155,1788.0,68.54
2023-06-02 05:00:00,73.29,11.0,7484.25,34100.0,44318.0,10.7515,72.47541,1755.0,73.04
2023-06-02 06:00:00,80.17,202.0,8194.25,36700.0,46154.0,10.5015,74.202194,1720.0,86.05
2023-06-02 07:00:00,93.28,633.0,8865.0,41350.0,47832.0,10.6015,75.76927,1615.0,98.72
2023-06-02 08:00:00,92.8,1276.0,9363.5,44650.0,49973.0,10.7015,75.78597,1554.0,100.38
2023-06-02 09:00:00,84.37,2077.0,9657.25,46350.0,51378.0,10.8015,74.51098,1493.0,82.14
2023-06-02 10:00:00,72.09,3105.0,9743.5,47150.0,50569.0,11.2515,70.59535,1483.0,54.29
2023-06-02 11:00:00,63.15,4089.0,9800.0,47450.0,49416.0,12.5515,63.909786,1479.0,36.77
2023-06-02 12:00:00,56.06,4839.0,9649.0,48200.0,49400.0,14.0515,58.358135,1463.0,24.42
2023-06-02 13:00:00,42.61,5240.0,9588.5,48550.0,48230.0,15.4515,55.38235,1439.0,32.31
2023-06-02 14:00:00,36.82,5237.0,9473.75,47450.0,47015.0,15.3515,55.356567,1469.0,5.78
2023-06-02 15:00:00,44.9,4922.0,9210.0,45600.0,46942.0,16.6515,52.188366,1540.0,0.55
2023-06-02 16:00:00,58.27,4208.0,9104.75,44250.0,47637.0,17.9015,50.0741,1672.0,20.01
2023-06-02 17:00:00,76.62,3234.0,9181.5,43100.0,49760.0,18.1015,50.299503,1856.0,52.23
2023-06-02 18:00:00,85.73,2096.0,9203.5,43600.0,50429.0,17.9015,51.1098,2057.0,72.98
2023-06-02 19:00:00,93.58,976.0,9035.0,44150.0,49714.0,17.9015,50.589607,2220.0,87.9
2023-06-02 20:00:00,101.16,354.0,8827.25,42350.0,48895.0,17.5015,50.828236,2355.0,103.15
2023-06-02 21:00:00,95.45,73.0,8579.25,40800.0,48269.0,16.2515,56.931335,2480.0,98.06
2023-06-02 22:00:00,92.56,0.0,8565.5,41400.0,48514.0,14.9015,59.989815,2536.0,99.5
2023-06-02 23:00:00,85.06,0.0,8249.0,43700.0,48384.0,14.1515,63.18214,2456.0,92.5
2023-06-03 00:00:00,84.95,0.0,7643.5,39650.0,47376.0,12.6015,72.56847,2196.0,89.73
2023-06-03 01:00:00,80.3,0.0,7313.75,36500.0,46489.0,12.2515,80.54433,2072.0,83.51
2023-06-03 02:00:00,77.79,0.0,7018.5,35200.0,45824.0,11.6515,87.243126,1989.0,84.73
2023-06-03 03:00:00,75.2,0.0,6911.0,32350.0,44212.0,10.8515,92.300415,1920.0,83.27
2023-06-03 04:00:00,67.04,0.0,6890.75,31100.0,43130.0,10.6015,93.22044,1867.0,78.7
2023-06-03 05:00:00,73.85,17.0,6866.0,30600.0,43004.0,10.5015,92.27993,1824.0,77.1
2023-06-03 06:00:00,74.11,222.0,7082.0,30800.0,43203.0,10.4015,90.73248,1777.0,82.7
2023-06-03 07:00:00,73.63,640.0,7370.0,32300.0,43875.0,11.4515,84.90674,1632.0,82.99
2023-06-03 08:00:00,70.0,1541.0,7713.25,35000.0,44527.0,13.3015,76.987785,1419.0,72.61
2023-06-03 09:00:00,59.97,2875.0,8267.0,37850.0,45047.0,15.4515,67.67649,1317.0,55.06
2023-06-03 10:00:00,27.36,4132.0,8710.25,39700.0,41867.0,17.3015,57.77674,1405.0,16.37
2023-06-03 11:00:00,5.0,5011.0,8879.5,40550.0,41673.0,18.8515,44.81575,1661.0,1.45
2023-06-03 12:00:00,-0.01,5453.0,8786.0,42850.0,41189.0,19.7515,39.823555,1959.0,0.0
2023-06-03 13:00:00,-3.17,5639.0,8628.5,43300.0,40851.0,20.5515,38.032764,2234.0,4.17
2023-06-03 14:00:00,-3.39,5556.0,8442.5,41700.0,40420.0,21.3015,36.95217,2482.0,0.0
2023-06-03 15:00:00,-0.79,5210.0,8276.5,39850.0,40445.0,21.8515,35.361088,2650.0,0.0
2023-06-03 16:00:00,2.55,4578.0,8259.75,38400.0,41341.0,22.2515,34.03498,2769.0,2.26
2023-06-03 17:00:00,45.66,3582.0,8309.0,37400.0,44721.0,22.3015,33.93158,2868.0,55.08
2023-06-03 18:00:00,75.0,2276.0,8417.0,37800.0,47120.0,22.0515,34.333,2943.0,84.85
2023-06-03 19:00:00,80.08,969.0,8435.5,38500.0,47883.0,21.5515,35.275105,2955.0,95.4
2023-06-03 20:00:00,81.98,315.0,8278.5,37350.0,46612.0,20.5015,40.03839,2970.0,104.13
2023-06-03 21:00:00,77.85,74.0,8059.5,36650.0,46480.0,18.7015,43.256153,2993.0,105.11
2023-06-03 22:00:00,79.56,0.0,8018.5,37650.0,47614.0,17.0515,41.89498,2979.0,99.16
2023-06-03 23:00:00,81.17,0.0,7892.5,40450.0,47944.0,15.9015,41.5632,2867.0,94.71
2023-06-04 00:00:00,81.12,0.0,7426.25,36950.0,45961.0,14.9015,43.84739,2584.0,87.09
2023-06-04 01:00:00,74.9,0.0,7036.0,34300.0,45510.0,13.9015,47.610966,2415.0,84.0
2023-06-04 02:00:00,72.51,0.0,6639.0,33050.0,44333.0,12.6515,52.94775,2297.0,81.92
2023-06-04 03:00:00,70.51,0.0,6552.75,30550.0,42528.0,11.7015,58.381813,2228.0,77.87
2023-06-04 04:00:00,70.0,0.0,6440.25,29350.0,41830.0,11.2015,62.062973,2160.0,77.86
2023-06-04 05:00:00,69.33,19.0,6448.25,29050.0,41355.0,10.7015,65.29078,2027.0,74.98
2023-06-04 06:00:00,67.26,265.0,6610.0,28650.0,41427.0,10.4015,66.37605,1826.0,69.24
2023-06-04 07:00:00,64.77,838.0,6890.5,29050.0,41622.0,11.3015,65.65174,1558.0,64.85
2023-06-04 08:00:00,50.81,1877.0,7236.25,31450.0,42377.0,12.9015,63.98908,1310.0,37.71
2023-06-04 09:00:00,21.93,3226.0,7671.5,34450.0,40324.0,14.7015,59.94151,1206.0,0.0
2023-06-04 10:00:00,5.11,4337.0,7954.25,36850.0,37976.0,16.7515,55.526543,1280.0,0.0
2023-06-04 11:00:00,0.0,5085.0,8126.5,38500.0,37683.0,18.9015,48.995567,1478.0,-6.83
2023-06-04 12:00:00,3.15,5527.0,8246.75,40750.0,37527.0,20.5515,39.777992,1733.0,14.87
2023-06-04 13:00:00,-11.76,5722.0,8016.0,41550.0,37536.0,21.5015,36.502228,1993.0,-42.0
2023-06-04 14:00:00,-36.58,5622.0,7824.5,39350.0,38848.0,22.3015,34.76299,2269.0,-22.74
2023-06-04 15:00:00,-7.99,5282.0,7724.5,37700.0,38731.0,22.8015,33.37556,2481.0,-50.0
2023-06-04 16:00:00,0.0,4649.0,7672.75,36350.0,39221.0,23.1515,32.226734,2632.0,-15.18
2023-06-04 17:00:00,34.5,3634.0,7843.5,36150.0,43139.0,23.3015,31.27848,2733.0,-0.06
2023-06-04 18:00:00,78.21,2329.0,8104.25,36600.0,46938.0,23.1515,31.019583,2788.0,50.0
2023-06-04 19:00:00,86.67,1095.0,8193.5,38850.0,47848.0,22.6015,33.08849,2795.0,72.9
2023-06-04 20:00:00,94.0,387.0,8174.75,38450.0,47766.0,21.5515,39.79068,2771.0,80.7
2023-06-04 21:00:00,95.93,76.0,8007.5,37550.0,48156.0,19.7015,44.74777,2768.0,78.18
2023-06-04 22:00:00,97.66,0.0,7957.25,38150.0,48249.0,17.9515,54.528328,2696.0,74.01
2023-06-04 23:00:00,86.98,0.0,7646.5,40200.0,48202.0,16.1515,68.732185,2542.0,69.5
2023-06-05 00:00:00,78.71,0.0,7281.75,37200.0,46399.0,14.9015,74.96141,2493.0,59.23
2023-06-05 01:00:00,71.1,0.0,6986.5,34500.0,45087.0,14.1515,76.6082,2322.0,53.9
2023-06-05 02:00:00,70.07,0.0,6868.25,33950.0,44335.0,13.1015,80.93115,2162.0,51.82
2023-06-05 03:00:00,67.68,0.0,6802.0,32000.0,43695.0,12.4515,81.66314,1998.0,43.81
2023-06-05 04:00:00,69.58,0.0,6896.75,31350.0,43396.0,11.8015,83.809395,1851.0,31.86
2023-06-05 05:00:00,77.85,10.0,7197.0,32700.0,44481.0,11.1515,86.902756,1759.0,34.91
2023-06-05 06:00:00,99.73,263.0,8009.75,35750.0,46086.0,10.6515,89.83754,1715.0,38.02
2023-06-05 07:00:00,103.98,849.0,8870.75,40500.0,47342.0,11.3515,87.508705,1562.0,58.71
2023-06-05 08:00:00,99.95,1808.0,9461.5,44200.0,48731.0,12.7015,81.97011,1424.0,29.92
2023-06-05 09:00:00,85.5,2978.0,9795.0,46100.0,49121.0,14.3515,75.62315,1379.0,0.01
2023-06-05 10:00:00,75.0,4053.0,9869.0,47050.0,49557.0,16.2015,68.97172,1414.0,-2.1
2023-06-05 11:00:00,70.08,4839.0,9920.75,47550.0,50221.0,18.0515,63.005947,1476.0,-15.0
2023-06-05 12:00:00,68.79,5276.0,9810.0,48600.0,50741.0,19.9015,57.0762,1540.0,-51.99
2023-06-05 13:00:00,65.06,5457.0,9717.25,49550.0,50635.0,21.6515,50.07112,1619.0,-89.86
2023-06-05 14:00:00,66.41,5319.0,9558.0,48450.0,49782.0,21.9015,48.822727,1732.0,-90.0
2023-06-05 15:00:00,68.08,4854.0,9481.25,46850.0,49493.0,22.7015,42.629776,1854.0,-70.86
2023-06-05 16:00:00,74.67,4080.0,9413.25,45300.0,49381.0,23.1515,40.92919,1973.0,-19.22
2023-06-05 17:00:00,87.11,3260.0,9533.0,44200.0,49234.0,23.0015,41.8619,2049.0,-5.2
2023-06-05 18:00:00,92.7,2161.0,9561.25,44700.0,49404.0,23.3015,39.48012,2112.0,22.29
2023-06-05 19:00:00,108.74,1124.0,9340.75,46050.0,48750.0,23.3015,37.269382,2138.0,72.89
2023-06-05 20:00:00,105.3,446.0,9027.0,43650.0,47569.0,21.8015,44.27866,2149.0,84.59
2023-06-05 21:00:00,111.18,60.0,8821.5,41250.0,47360.0,18.8515,62.151054,2192.0,80.33
2023-06-05 22:00:00,100.57,0.0,8857.75,41500.0,48040.0,17.0515,68.23099,2238.0,79.75
2023-06-05 23:00:00,88.66,0.0,8368.0,43650.0,49075.0,15.7515,72.65475,2185.0,74.24
2023-06-06 00:00:00,80.2,0.0,7704.75,39950.0,47705.0,14.6515,75.16958,2223.0,75.02
2023-06-06 01:00:00,76.5,0.0,7408.25,37350.0,45938.0,13.5515,79.650604,2097.0,71.05
2023-06-06 02:00:00,73.16,0.0,7056.75,36200.0,44691.0,12.2515,85.852196,1950.0,68.9
2023-06-06 03:00:00,69.68,0.0,7033.75,33850.0,43443.0,11.5515,89.00715,1830.0,52.78
2023-06-06 04:00:00,67.58,0.0,7151.0,32950.0,43012.0,10.9515,92.30625,1768.0,51.06
2023-06-06 05:00:00,73.88,20.0,7471.0,33550.0,43687.0,10.5015,94.79272,1726.0,75.91
2023-06-06 06:00:00,84.64,229.0,8282.5,36000.0,47149.0,10.2015,95.41968,1656.0,75.47
2023-06-06 07:00:00,106.72,642.0,9036.0,40500.0,48466.0,10.9015,90.15922,1414.0,111.67
2023-06-06 08:00:00,108.8,1573.0,9462.75,44000.0,49888.0,12.2015,83.01526,1223.0,108.64
2023-06-06 09:00:00,94.9,2909.0,9751.25,45900.0,50618.0,14.0015,76.073135,1195.0,90.06
2023-06-06 10:00:00,86.01,4146.0,9757.5,46650.0,51221.0,16.001501,69.85725,1310.0,82.37
2023-06-06 11:00:00,82.03,4951.0,9832.75,47250.0,51323.0,18.0515,64.69978,1527.0,70.23
2023-06-06 12:00:00,75.8,5392.0,9642.75,48350.0,51739.0,20.1515,59.446472,1781.0,64.68
2023-06-06 13:00:00,71.02,5546.0,9514.75,48850.0,51703.0,22.0515,53.60191,2016.0,57.56
2023-06-06 14:00:00,67.44,5372.0,9290.25,47850.0,51034.0,21.8015,55.873898,2176.0,54.9
2023-06-06 15:00:00,68.3,4903.0,9212.75,46700.0,50373.0,23.0515,50.77634,2240.0,51.89
2023-06-06 16:00:00,70.96,4140.0,9111.25,45350.0,49812.0,23.7515,44.969326,2274.0,53.18
2023-06-06 17:00:00,83.0,3126.0,9230.75,44550.0,49930.0,24.0015,42.850746,2321.0,79.39
2023-06-06 18:00:00,91.86,2058.0,9215.75,45050.0,50121.0,23.8515,42.66637,2377.0,86.97
2023-06-06 19:00:00,102.88,1011.0,9078.75,46050.0,49708.0,23.5015,43.14116,2447.0,108.63
2023-06-06 20:00:00,109.39,385.0,8970.5,43900.0,48521.0,22.7015,47.75597,2534.0,119.49
2023-06-06 21:00:00,108.33,82.0,8766.25,41500.0,48494.0,20.4015,61.490158,2617.0,102.4
2023-06-06 22:00:00,97.96,0.0,8663.0,41750.0,48852.0,18.3015,70.3025,2580.0,96.13
2023-06-06 23:00:00,89.99,0.0,8399.5,43900.0,48879.0,16.8515,74.06159,2434.0,89.65
2023-06-07 00:00:00,86.74,0.0,7709.5,39750.0,46003.0,15.9015,76.88586,2211.0,85.92
2023-06-07 01:00:00,78.4,0.0,7325.5,36950.0,44579.0,15.2515,80.418816,2055.0,73.41
2023-06-07 02:00:00,75.36,0.0,6990.75,35900.0,44299.0,14.2015,85.20411,1930.0,74.2
2023-06-07 03:00:00,76.94,0.0,6900.0,33900.0,43716.0,14.2515,84.091896,1863.0,62.64
2023-06-07 04:00:00,72.85,0.0,6984.0,33050.0,43246.0,14.0515,83.51448,1836.0,61.61
2023-06-07 05:00:00,78.78,20.0,7267.0,33850.0,43664.0,13.0015,86.7905,1809.0,72.7
2023-06-07 06:00:00,79.59,257.0,7991.25,35950.0,46541.0,12.6015,86.751854,1755.0,77.64
2023-06-07 07:00:00,100.07,684.0,8734.75,40150.0,48322.0,13.3015,82.87181,1617.0,106.48
2023-06-07 08:00:00,109.15,1402.0,9189.0,43550.0,50282.0,14.5015,77.43408,1471.0,92.05
2023-06-07 09:00:00,97.31,2302.0,9459.0,45250.0,51157.0,16.2015,72.01678,1368.0,86.41
2023-06-07 10:00:00,92.69,3327.0,9476.5,45800.0,51744.0,18.0515,67.31578,1269.0,66.92
2023-06-07 11:00:00,86.6,4138.0,9743.25,46850.0,52006.0,19.9515,62.81225,1248.0,46.55
2023-06-07 12:00:00,79.95,4621.0,9591.25,48250.0,51999.0,21.8515,57.932564,1358.0,12.31
2023-06-07 13:00:00,74.28,4801.0,9531.0,48800.0,51706.0,23.3015,49.687206,1577.0,0.92
2023-06-07 14:00:00,76.45,4549.0,9411.5,47800.0,51393.0,22.0015,57.780376,1809.0,0.0
2023-06-07 15:00:00,75.47,4010.0,9306.5,46900.0,50746.0,22.6515,53.40504,2035.0,1.75
2023-06-07 16:00:00,79.46,3341.0,9212.75,46250.0,50034.0,23.2015,51.31831,2233.0,22.43
2023-06-07 17:00:00,84.44,2569.0,9277.0,45350.0,50099.0,23.0015,47.995968,2359.0,66.83
2023-06-07 18:00:00,97.84,1783.0,9243.5,45550.0,50313.0,23.1015,46.6129,2436.0,74.04
2023-06-07 19:00:00,113.22,989.0,9145.25,46150.0,49953.0,22.9015,46.096073,2426.0,80.26
2023-06-07 20:00:00,118.38,418.0,8924.25,44150.0,49039.0,21.9515,49.325752,2375.0,101.46
2023-06-07 21:00:00,112.3,81.0,8687.0,42450.0,48940.0,20.6515,56.32478,2315.0,99.4
2023-06-07 22:00:00,102.42,0.0,8682.0,42950.0,49269.0,19.4015,60.455124,2242.0,94.29
2023-06-07 23:00:00,94.9,0.0,8268.75,44400.0,49322.0,18.7515,64.42656,2135.0,82.9
2023-06-08 00:00:00,93.93,0.0,7812.5,40750.0,46236.0,17.2515,73.404854,2199.0,84.15
2023-06-08 01:00:00,89.26,0.0,7436.5,37650.0,45822.0,16.2015,77.69537,2005.0,74.3
2023-06-08 02:00:00,82.73,0.0,7217.5,36700.0,44547.0,15.4015,79.9113,1826.0,70.1
2023-06-08 03:00:00,76.2,0.0,7134.75,34500.0,44469.0,14.8015,81.15793,1680.0,65.05
2023-06-08 04:00:00,74.14,0.0,7097.25,33550.0,44020.0,14.0015,83.50859,1553.0,67.4
2023-06-08 05:00:00,76.72,20.0,7341.75,34300.0,44758.0,13.4515,84.00045,1465.0,75.39
2023-06-08 06:00:00,84.53,252.0,8123.25,36500.0,46847.0,13.1015,84.521545,1447.0,88.28
2023-06-08 07:00:00,92.57,672.0,8786.25,41100.0,48126.0,13.8015,82.38366,1395.0,101.71
2023-06-08 08:00:00,91.4,1455.0,9264.0,44400.0,49323.0,15.1515,77.53449,1358.0,99.07
2023-06-08 09:00:00,83.77,2536.0,9545.5,46100.0,49742.0,16.8015,73.80976,1387.0,87.3
2023-06-08 10:00:00,74.64,3741.0,9674.0,47150.0,48074.0,18.6015,68.99358,1418.0,68.19
2023-06-08 11:00:00,68.5,4575.0,9781.75,47950.0,47840.0,20.3515,63.521156,1476.0,59.92
2023-06-08 12:00:00,64.22,5125.0,9656.0,48850.0,48458.0,21.9515,58.52601,1626.0,44.75
2023-06-08 13:00:00,64.8,5294.0,9600.25,49200.0,48382.0,23.3515,53.75933,1858.0,9.36
2023-06-08 14:00:00,64.06,5099.0,9489.5,48250.0,47297.0,24.5015,49.19749,2110.0,3.14
2023-06-08 15:00:00,67.93,4558.0,9366.5,47100.0,46813.0,24.6515,49.559357,2330.0,27.71
2023-06-08 16:00:00,71.17,3784.0,9298.25,46200.0,46385.0,25.3015,45.54446,2504.0,56.79
2023-06-08 17:00:00,76.1,2948.0,9390.5,45200.0,48978.0,25.4515,43.25405,2599.0,72.4
2023-06-08 18:00:00,89.09,2026.0,9429.5,45400.0,49652.0,25.2015,44.337406,2649.0,84.75
2023-06-08 19:00:00,101.43,1035.0,9268.0,46150.0,49278.0,24.4015,46.81341,2670.0,97.39
2023-06-08 20:00:00,103.5,401.0,9045.0,44050.0,48399.0,23.5015,52.2433,2682.0,108.42
2023-06-08 21:00:00,101.99,90.0,8792.25,42150.0,48102.0,22.3015,60.149933,2729.0,103.4
2023-06-08 22:00:00,96.58,0.0,8744.25,42650.0,48521.0,20.7015,63.392136,2788.0,95.41
2023-06-08 23:00:00,91.0,0.0,8310.75,44450.0,48492.0,20.2515,62.87976,2785.0,86.53
2023-06-09 00:00:00,95.0,0.0,7878.25,41400.0,45353.0,19.4015,69.15141,2562.0,83.59
2023-06-09 01:00:00,89.7,0.0,7526.25,38300.0,44644.0,18.4515,76.53613,2456.0,79.4
2023-06-09 02:00:00,79.73,0.0,7368.25,37050.0,43854.0,17.6015,82.05147,2398.0,76.17
2023-06-09 03:00:00,76.0,0.0,7251.75,34600.0,43983.0,16.8515,77.79413,2390.0,68.98
2023-06-09 04:00:00,76.06,0.0,7318.0,33650.0,44069.0,16.2515,83.22678,2338.0,68.14
2023-06-09 05:00:00,82.95,23.0,7559.0,34450.0,45190.0,15.5515,88.7486,2259.0,73.29
2023-06-09 06:00:00,91.57,234.0,8232.25,36800.0,47075.0,15.1515,91.35191,2155.0,80.17
2023-06-09 07:00:00,103.97,638.0,8953.0,41300.0,48619.0,16.1015,87.93551,1893.0,93.28
2023-06-09 08:00:00,103.94,1550.0,9380.0,44750.0,49700.0,17.6015,81.25999,1640.0,92.8
2023-06-09 09:00:00,91.39,2794.0,9736.75,46550.0,49529.0,19.7015,72.88595,1409.0,84.37
2023-06-09 10:00:00,82.26,4036.0,9785.5,47750.0,48865.0,22.1015,63.088886,1283.0,72.09
2023-06-09 11:00:00,75.43,4803.0,9833.75,48300.0,46926.0,24.4015,53.852287,1317.0,63.15
2023-06-09 12:00:00,70.03,5171.0,9718.75,49250.0,46236.0,26.1015,44.43962,1507.0,56.06
2023-06-09 13:00:00,71.17,5250.0,9608.75,49450.0,46100.0,26.9515,38.427685,1760.0,42.61
2023-06-09 14:00:00,64.06,5114.0,9505.25,48200.0,44828.0,27.4015,36.569885,2010.0,36.82
2023-06-09 15:00:00,68.39,4695.0,9352.75,46850.0,44548.0,27.3015,36.78478,2190.0,44.9
2023-06-09 16:00:00,72.64,4004.0,9280.75,45550.0,44446.0,27.9515,34.600254,2294.0,58.27
2023-06-09 17:00:00,80.63,3102.0,9316.25,44700.0,46458.0,28.3015,34.35496,2321.0,76.62
2023-06-09 18:00:00,95.0,2108.0,9345.0,44800.0,47931.0,28.0515,35.676266,2318.0,85.73
2023-06-09 19:00:00,104.12,1037.0,9118.0,44600.0,47960.0,27.4015,37.057228,2312.0,93.58
2023-06-09 20:00:00,106.45,392.0,8960.25,42750.0,47247.0,26.6015,41.078636,2336.0,101.16
2023-06-09 21:00:00,104.12,92.0,8676.75,40950.0,46808.0,25.2015,42.759327,2436.0,95.45
2023-06-09 22:00:00,97.48,0.0,8716.75,41450.0,46820.0,24.4015,40.462433,2585.0,92.56
2023-06-09 23:00:00,86.0,0.0,8381.0,44000.0,45885.0,23.6015,42.738968,2714.0,85.06
2023-06-10 00:00:00,89.03,0.0,7750.0,40450.0,44717.0,22.6015,47.255486,2790.0,84.95
2023-06-10 01:00:00,84.1,0.0,7332.5,37050.0,43746.0,21.4515,51.36551,2834.0,80.3
2023-06-10 02:00:00,84.13,0.0,7097.5,35700.0,41398.0,20.0015,56.162197,2807.0,77.79
2023-06-10 03:00:00,80.32,0.0,6916.0,33100.0,40474.0,19.2015,60.009308,2681.0,75.2
2023-06-10 04:00:00,77.44,0.0,6840.5,31800.0,40040.0,18.4015,63.29422,2554.0,67.04
2023-06-10 05:00:00,79.87,23.0,6806.25,31600.0,40062.0,17.8015,65.507904,2471.0,73.85
2023-06-10 06:00:00,79.43,226.0,7062.0,31850.0,40501.0,17.4515,67.19155,2409.0,74.11
2023-06-10 07:00:00,85.0,624.0,7408.75,33500.0,41120.0,18.4515,65.86405,2348.0,73.63
2023-06-10 08:00:00,81.82,1563.0,7821.25,36200.0,41569.0,20.2015,64.32198,2172.0,70.0
2023-06-10 09:00:00,72.7,2818.0,8333.0,39100.0,41371.0,22.3515,57.865383,1983.0,59.97
2023-06-10 10:00:00,57.62,4057.0,8670.5,41000.0,41647.0,24.4515,51.47777,1825.0,27.36
2023-06-10 11:00:00,50.6,4847.0,8831.25,41750.0,41270.0,26.4015,45.84446,1640.0,5.0
2023-06-10 12:00:00,37.84,5258.0,8781.5,43500.0,40984.0,28.1015,37.009037,1483.0,-0.01
2023-06-10 13:00:00,43.34,5341.0,8643.75,44000.0,39771.0,28.8515,30.924261,1412.0,-3.17
2023-06-10 14:00:00,20.67,5160.0,8419.75,41850.0,38586.0,29.3515,30.345572,1438.0,-3.39
2023-06-10 15:00:00,18.4,4719.0,8283.5,40500.0,38466.0,29.9015,28.81488,1582.0,-0.79
2023-06-10 16:00:00,13.1,3980.0,8228.5,39450.0,39953.0,29.8515,28.801228,1740.0,2.55
2023-06-10 17:00:00,44.5,3071.0,8276.0,38650.0,41506.0,29.0515,30.466108,1870.0,45.66
2023-06-10 18:00:00,74.97,2093.0,8399.0,39200.0,43198.0,28.9515,30.745659,1962.0,75.0
2023-06-10 19:00:00,86.16,1044.0,8426.0,39900.0,44325.0,28.6515,31.918465,2085.0,80.08
2023-06-10 20:00:00,93.19,400.0,8315.25,38600.0,43666.0,27.4015,36.93486,2208.0,81.98
2023-06-10 21:00:00,96.74,94.0,8195.5,37250.0,43092.0,25.8015,37.851124,2351.0,77.85
2023-06-10 22:00:00,91.26,0.0,8231.5,38300.0,43849.0,24.2515,38.17766,2528.0,79.56
2023-06-10 23:00:00,87.3,0.0,7932.25,41300.0,44233.0,23.2515,41.37272,2648.0,81.17
2023-06-11 00:00:00,100.13,0.0,7592.0,38550.0,42181.0,23.1015,44.195873,2606.0,81.12
2023-06-11 01:00:00,88.82,0.0,7312.5,35500.0,40431.0,22.4515,48.165615,2398.0,74.9
2023-06-11 02:00:00,79.56,0.0,6932.75,33800.0,39581.0,20.9015,57.322956,2130.0,72.51
2023-06-11 03:00:00,65.82,0.0,6713.5,31200.0,38881.0,19.9515,62.197594,1919.0,70.51
2023-06-11 04:00:00,58.87,0.0,6634.25,29800.0,38747.0,18.9515,66.62254,1785.0,70.0
2023-06-11 05:00:00,56.79,24.0,6586.5,29300.0,38648.0,18.2515,69.15067,1700.0,69.33
2023-06-11 06:00:00,53.18,230.0,6725.25,28800.0,38853.0,18.1015,70.49474,1596.0,67.26
2023-06-11 07:00:00,47.39,628.0,6990.5,29800.0,38431.0,19.2515,69.573265,1470.0,64.77
2023-06-11 08:00:00,28.44,1553.0,7316.75,31750.0,38560.0,21.0515,67.927536,1256.0,50.81
2023-06-11 09:00:00,15.9,2781.0,7683.0,34550.0,37799.0,23.3015,62.35002,1022.0,21.93
2023-06-11 10:00:00,0.13,4005.0,7999.5,36650.0,38315.0,25.3515,57.29549,787.0,5.11
2023-06-11 11:00:00,10.05,4766.0,8226.5,38250.0,38156.0,27.1515,51.02611,548.0,0.0
2023-06-11 12:00:00,17.08,5089.0,8313.0,40300.0,38102.0,28.1515,44.424355,390.0,3.15
2023-06-11 13:00:00,21.55,5072.0,8195.0,40650.0,37965.0,28.6515,42.59909,319.0,-11.76
2023-06-11 14:00:00,5.14,4788.0,7994.0,38100.0,36718.0,29.6515,41.520775,297.0,-36.58
2023-06-11 15:00:00,6.19,4333.0,7828.0,36850.0,36498.0,29.7015,40.61031,332.0,-7.99
2023-06-11 16:00:00,-0.07,3687.0,7740.25,36050.0,38429.0,29.8515,40.002758,384.0,0.0
2023-06-11 17:00:00,27.92,2894.0,7926.0,35500.0,39964.0,29.8515,40.131817,433.0,34.5
2023-06-11 18:00:00,83.82,2003.0,8181.75,36550.0,42816.0,28.0515,44.54032,382.0,78.21
2023-06-11 19:00:00,99.91,1027.0,8301.75,38600.0,44583.0,28.4515,40.00326,427.0,86.67
2023-06-11 20:00:00,108.2,413.0,8325.5,38350.0,44316.0,27.8515,40.6243,448.0,94.0
2023-06-11 21:00:00,114.0,95.0,8206.25,37500.0,44092.0,25.8515,58.51825,514.0,95.93
2023-06-11 22:00:00,119.73,0.0,8239.5,38450.0,44559.0,23.8015,53.17893,629.0,97.66
2023-06-11 23:00:00,111.87,0.0,7909.0,41250.0,44752.0,23.6515,46.917892,742.0,86.98
2023-06-12 00:00:00,94.33,0.0,7549.0,38350.0,45201.0,22.9015,45.94295,669.0,78.71
2023-06-12 01:00:00,85.08,0.0,7280.75,35850.0,44187.0,21.8015,48.31031,618.0,71.1
2023-06-12 02:00:00,85.02,0.0,7124.0,34750.0,42973.0,18.9015,85.69297,624.0,70.07
2023-06-12 03:00:00,81.63,0.0,7039.75,32600.0,42253.0,19.3515,83.323044,681.0,67.68
2023-06-12 04:00:00,83.95,0.0,7067.0,31850.0,42181.0,17.4015,90.91215,713.0,69.58
2023-06-12 05:00:00,95.07,13.0,7281.25,33300.0,43003.0,16.4515,93.51323,747.0,77.85
2023-06-12 06:00:00,105.75,255.0,8056.5,36100.0,44879.0,16.2515,94.105835,754.0,99.73
2023-06-12 07:00:00,122.22,810.0,8914.25,40600.0,46588.0,18.1015,86.160965,735.0,103.98
2023-06-12 08:00:00,124.39,1671.0,9473.25,44150.0,48315.0,20.2515,69.31789,595.0,99.95
2023-06-12 09:00:00,106.01,2794.0,9819.0,46500.0,48448.0,22.5015,55.14159,460.0,85.5
2023-06-12 10:00:00,97.95,4033.0,9930.5,47500.0,48650.0,24.6515,46.727882,342.0,75.0
2023-06-12 11:00:00,100.09,4823.0,10090.75,48150.0,47497.0,26.5515,39.997517,236.0,70.08
2023-06-12 12:00:00,100.58,5242.0,9978.5,49450.0,47263.0,27.7015,33.959835,186.0,68.79
2023-06-12 13:00:00,91.17,5370.0,9931.5,49800.0,46940.0,28.5015,31.66438,217.0,65.06
2023-06-12 14:00:00,91.99,5191.0,9776.0,48900.0,46082.0,28.9515,30.745659,340.0,66.41
2023-06-12 15:00:00,86.01,4737.0,9673.0,47650.0,45599.0,29.3515,28.76113,549.0,68.08
2023-06-12 16:00:00,84.82,3984.0,9612.75,46450.0,45164.0,29.5515,27.768957,861.0,74.67
2023-06-12 17:00:00,97.6,2990.0,9717.75,45600.0,47648.0,29.6015,27.410223,1210.0,87.11
2023-06-12 18:00:00,109.68,2005.0,9714.5,46300.0,48982.0,29.4015,27.728195,1479.0,92.7
2023-06-12 19:00:00,133.04,1076.0,9584.25,47450.0,48963.0,28.6515,26.785433,1717.0,108.74
2023-06-12 20:00:00,135.0,438.0,9262.0,45200.0,47970.0,27.5515,34.603214,1940.0,105.3
2023-06-12 21:00:00,116.93,66.0,9010.5,42500.0,47431.0,25.6015,44.739746,2082.0,111.18
2023-06-12 22:00:00,107.01,0.0,8963.75,42600.0,47535.0,24.4015,41.41893,2163.0,100.57
2023-06-12 23:00:00,98.1,0.0,8579.5,44550.0,47500.0,23.9515,38.87136,2166.0,88.66
2023-06-13 00:00:00,89.11,0.0,8048.0,40650.0,45427.0,22.8015,39.47185,2480.0,80.2
2023-06-13 01:00:00,82.78,0.0,7733.0,37850.0,44878.0,21.3515,42.97277,2256.0,76.5
2023-06-13 02:00:00,83.29,0.0,7478.0,36950.0,44063.0,20.3015,48.715607,2132.0,73.16
2023-06-13 03:00:00,82.75,0.0,7379.75,34500.0,43452.0,20.0515,50.313698,2063.0,69.68
2023-06-13 04:00:00,84.77,0.0,7465.5,33400.0,43411.0,18.7015,56.02222,1961.0,67.58
2023-06-13 05:00:00,90.04,20.0,7748.75,34500.0,44106.0,17.7515,59.66322,1872.0,73.88
2023-06-13 06:00:00,101.56,275.0,8444.75,37300.0,46273.0,16.6515,64.607765,1768.0,84.64
2023-06-13 07:00:00,118.63,791.0,9180.0,41350.0,47292.0,17.3015,63.893314,1671.0,106.72
2023-06-13 08:00:00,120.04,1627.0,9604.0,44750.0,48144.0,18.9515,59.15873,1528.0,108.8
2023-06-13 09:00:00,103.12,2737.0,9899.75,46650.0,47918.0,20.6015,53.404617,1390.0,94.9
2023-06-13 10:00:00,85.08,3862.0,9952.0,47300.0,47874.0,22.7515,46.983276,1313.0,86.01
2023-06-13 11:00:00,81.79,4689.0,10060.75,47900.0,46524.0,24.7015,41.64124,1314.0,82.03
2023-06-13 12:00:00,67.63,5206.0,9937.75,48700.0,46974.0,26.1515,35.378857,1394.0,75.8
2023-06-13 13:00:00,73.22,5409.0,9862.0,49050.0,47093.0,27.0515,31.793163,1536.0,71.02
2023-06-13 14:00:00,71.33,5303.0,9738.25,48450.0,46269.0,27.3515,34.20288,1748.0,67.44
2023-06-13 15:00:00,65.5,4951.0,9667.0,47200.0,45831.0,27.7015,32.624725,2010.0,68.3
2023-06-13 16:00:00,73.51,4237.0,9623.5,45750.0,45985.0,27.8015,32.218006,2277.0,70.96
2023-06-13 17:00:00,84.64,3257.0,9723.25,44600.0,47426.0,27.9515,31.195318,2469.0,83.0
2023-06-13 18:00:00,101.52,2176.0,9683.75,45050.0,49166.0,28.1015,30.407684,2568.0,91.86
2023-06-13 19:00:00,112.6,1057.0,9523.5,45350.0,49383.0,27.2515,28.867188,2591.0,102.88
2023-06-13 20:00:00,120.38,386.0,9248.0,43750.0,48212.0,26.1015,32.17648,2564.0,109.39
2023-06-13 21:00:00,113.95,99.0,9047.25,41600.0,47946.0,24.3515,40.044403,2499.0,108.33
2023-06-13 22:00:00,105.0,0.0,8992.5,42100.0,48008.0,22.9515,37.043083,2448.0,97.96
2023-06-13 23:00:00,98.38,0.0,8612.5,43550.0,47819.0,22.1515,34.720085,2446.0,89.99
2023-06-14 00:00:00,96.28,0.0,8178.0,39950.0,46770.0,20.5515,39.369087,2485.0,86.74
2023-06-14 01:00:00,88.68,0.0,7758.75,37200.0,46277.0,19.0515,44.56501,2314.0,78.4
2023-06-14 02:00:00,86.98,0.0,7463.0,36000.0,44697.0,17.3515,54.55813,2161.0,75.36
2023-06-14 03:00:00,86.25,0.0,7383.5,33950.0,43948.0,17.1015,52.66688,2019.0,76.94
2023-06-14 04:00:00,86.72,0.0,7382.5,33200.0,43406.0,16.3015,55.790894,1835.0,72.85
2023-06-14 05:00:00,95.1,14.0,7563.0,34000.0,44123.0,15.8515,57.809002,1636.0,78.78
2023-06-14 06:00:00,104.78,270.0,8255.5,36100.0,45763.0,15.8015,58.590153,1470.0,79.59
2023-06-14 07:00:00,127.28,824.0,8934.25,39850.0,47528.0,16.9015,58.069214,1304.0,100.07
2023-06-14 08:00:00,128.0,1674.0,9389.0,43350.0,48584.0,18.5515,56.361168,1139.0,109.15
2023-06-14 09:00:00,103.32,2815.0,9627.75,45600.0,49263.0,20.4515,52.135273,1041.0,97.31
2023-06-14 10:00:00,87.66,4042.0,9692.0,46850.0,49458.0,22.4015,47.992367,1013.0,92.69
2023-06-14 11:00:00,78.5,4892.0,9936.25,47950.0,49627.0,24.2015,41.9184,1008.0,86.6
2023-06-14 12:00:00,74.33,5391.0,9850.25,49200.0,50204.0,25.2515,33.045174,1031.0,79.95
2023-06-14 13:00:00,75.32,5588.0,9808.5,49750.0,50271.0,25.8515,29.987549,1154.0,74.28
2023-06-14 14:00:00,78.04,5492.0,9704.5,48650.0,50249.0,26.2515,31.355457,1362.0,76.45
2023-06-14 15:00:00,78.58,5148.0,9672.0,47350.0,50337.0,26.4015,30.658892,1603.0,75.47
2023-06-14 16:00:00,83.52,4431.0,9550.25,46100.0,50187.0,26.3015,30.526749,1812.0,79.46
2023-06-14 17:00:00,98.13,3380.0,9605.75,45500.0,51112.0,26.1515,29.662394,1930.0,84.44
2023-06-14 18:00:00,114.83,2172.0,9594.5,46050.0,51890.0,25.9515,28.804176,2006.0,97.84
2023-06-14 19:00:00,137.45,1061.0,9424.0,46350.0,51512.0,25.4015,29.35237,2033.0,113.22
2023-06-14 20:00:00,143.2,392.0,9156.0,44100.0,50213.0,24.6015,32.414665,2012.0,118.38
2023-06-14 21:00:00,129.59,99.0,8940.0,41700.0,49400.0,22.9015,39.100597,1969.0,112.3
2023-06-14 22:00:00,116.4,0.0,8947.75,41900.0,49157.0,21.1015,42.466854,1896.0,102.42
2023-06-14 23:00:00,106.52,0.0,8546.0,43800.0,48723.0,20.4015,41.836723,1822.0,94.9
2023-06-15 00:00:00,107.12,0.0,8028.75,41350.0,46782.0,19.2015,44.607243,1587.0,93.93
2023-06-15 01:00:00,102.77,0.0,7686.0,38250.0,45218.0,18.3015,47.188416,1449.0,89.26
2023-06-15 02:00:00,100.62,0.0,7473.75,37300.0,44827.0,16.4515,57.957943,1333.0,82.73
2023-06-15 03:00:00,100.38,0.0,7370.25,35100.0,43556.0,15.3015,62.802006,1232.0,76.2
2023-06-15 04:00:00,100.37,0.0,7362.25,34000.0,43459.0,14.8015,64.63449,1135.0,74.14
2023-06-15 05:00:00,101.52,15.0,7580.5,34800.0,43646.0,14.5015,66.34602,1072.0,76.72
2023-06-15 06:00:00,119.8,272.0,8312.5,37000.0,45482.0,14.3515,68.59889,1003.0,84.53
2023-06-15 07:00:00,135.94,827.0,9067.5,41200.0,47292.0,15.6015,67.70748,917.0,92.57
2023-06-15 08:00:00,140.07,1686.0,9520.75,44450.0,48830.0,17.4515,64.99911,742.0,91.4
2023-06-15 09:00:00,116.0,2795.0,9836.25,46600.0,49555.0,19.6515,59.523304,547.0,83.77
2023-06-15 10:00:00,103.66,3869.0,9903.5,48000.0,50323.0,21.7515,51.61524,381.0,74.64
2023-06-15 11:00:00,98.02,4690.0,10059.25,48800.0,51134.0,23.1515,43.91558,278.0,68.5
2023-06-15 12:00:00,92.24,5046.0,9922.0,49850.0,52295.0,24.3015,40.56973,235.0,64.22
2023-06-15 13:00:00,90.0,5007.0,9895.0,50500.0,52294.0,25.3515,36.60256,323.0,64.8
2023-06-15 14:00:00,90.0,4836.0,9750.5,49650.0,50966.0,26.0515,33.38333,610.0,64.06
2023-06-15 15:00:00,92.01,4514.0,9630.25,48750.0,50525.0,26.2515,31.355457,939.0,67.93
2023-06-15 16:00:00,96.75,3884.0,9509.25,47800.0,50225.0,26.6515,31.148869,1208.0,71.17
2023-06-15 17:00:00,104.9,3024.0,9578.75,46750.0,50783.0,26.2015,31.235025,1421.0,76.1
2023-06-15 18:00:00,125.39,2035.0,9584.5,46750.0,51366.0,26.0515,31.944754,1615.0,89.09
2023-06-15 19:00:00,149.16,1096.0,9431.75,47450.0,50728.0,25.2515,33.95556,1707.0,101.43
2023-06-15 20:00:00,160.19,446.0,9232.25,45200.0,49479.0,24.0015,39.41244,1710.0,103.5
2023-06-15 21:00:00,153.81,104.0,8973.0,42900.0,48947.0,22.9515,44.154144,1658.0,101.99
2023-06-15 22:00:00,148.02,0.0,8933.5,42850.0,48966.0,21.0015,49.56459,1585.0,96.58
2023-06-15 23:00:00,124.98,0.0,8476.5,44800.0,48733.0,20.0515,52.37936,1424.0,91.0
2023-06-16 00:00:00,126.16,0.0,7899.25,40900.0,45780.0,19.2015,53.21878,1026.0,95.0
2023-06-16 01:00:00,121.6,0.0,7569.75,37950.0,44831.0,18.4015,56.51278,853.0,89.7
2023-06-16 02:00:00,115.58,0.0,7441.75,37250.0,44155.0,16.8515,65.9593,679.0,79.73
2023-06-16 03:00:00,112.68,0.0,7311.25,35150.0,43470.0,15.0515,75.990776,546.0,76.0
2023-06-16 04:00:00,113.07,0.0,7361.75,34350.0,43179.0,14.6515,77.45731,466.0,76.06
2023-06-16 05:00:00,117.75,19.0,7512.25,35150.0,43827.0,13.9015,81.5791,394.0,82.95
2023-06-16 06:00:00,136.54,289.0,8216.5,37400.0,45432.0,13.6515,85.42786,297.0,91.57
2023-06-16 07:00:00,151.55,885.0,8991.25,41700.0,46804.0,15.6015,78.37538,209.0,103.97
2023-06-16 08:00:00,145.59,1764.0,9406.5,45250.0,48250.0,17.5515,70.85409,157.0,103.94
2023-06-16 09:00:00,124.16,2861.0,9807.75,47200.0,48965.0,19.5515,62.72199,131.0,91.39
2023-06-16 10:00:00,112.2,3912.0,9885.25,48250.0,48371.0,21.5515,54.00494,124.0,82.26
2023-06-16 11:00:00,108.99,4799.0,10007.75,48600.0,47558.0,23.2015,47.733616,131.0,75.43
2023-06-16 12:00:00,107.35,5222.0,9878.75,49800.0,47926.0,24.5515,38.910374,165.0,70.03
2023-06-16 13:00:00,110.2,5331.0,9797.75,50250.0,48053.0,24.9515,37.359226,230.0,71.17
2023-06-16 14:00:00,105.84,5192.0,9673.25,48650.0,47457.0,25.5015,34.14154,330.0,64.06
2023-06-16 15:00:00,101.65,4833.0,9529.75,47400.0,47071.0,25.7015,33.73864,435.0,68.39
2023-06-16 16:00:00,108.47,4138.0,9363.75,46150.0,46461.0,25.9015,33.116123,560.0,72.64
2023-06-16 17:00:00,115.02,3219.0,9362.0,45400.0,48557.0,26.0015,32.92066,692.0,80.63
2023-06-16 18:00:00,135.35,2181.0,9332.0,45550.0,48768.0,25.9515,33.581474,816.0,95.0
2023-06-16 19:00:00,161.15,1187.0,9114.75,45550.0,48669.0,25.8015,34.34194,919.0,104.12
2023-06-16 20:00:00,175.09,490.0,8926.0,43550.0,47845.0,25.3515,36.60256,965.0,106.45
2023-06-16 21:00:00,167.05,110.0,8628.0,42000.0,47117.0,23.6015,43.457924,969.0,104.12
2023-06-16 22:00:00,151.95,0.0,8678.0,42550.0,47176.0,21.3015,45.194866,952.0,97.48
2023-06-16 23:00:00,138.56,0.0,8378.75,45000.0,46744.0,19.5515,51.204388,895.0,86.0
2023-06-17 00:00:00,130.81,0.0,7867.25,40750.0,45792.0,18.4015,55.75872,793.0,89.03
2023-06-17 01:00:00,122.8,0.0,7542.0,37350.0,44864.0,17.7015,56.146816,734.0,84.1
2023-06-17 02:00:00,119.99,0.0,7255.0,36050.0,43856.0,16.5515,60.79437,671.0,84.13
2023-06-17 03:00:00,116.42,0.0,7064.0,33350.0,42813.0,15.8015,61.86158,611.0,80.32
2023-06-17 04:00:00,111.06,0.0,6923.0,32150.0,42994.0,15.7015,61.00533,549.0,77.44
2023-06-17 05:00:00,110.0,27.0,6887.0,31950.0,43499.0,14.9515,63.796303,498.0,79.87
2023-06-17 06:00:00,110.28,331.0,7090.5,32150.0,43665.0,14.5015,67.479164,449.0,79.43
2023-06-17 07:00:00,108.03,860.0,7442.0,34000.0,44119.0,15.8515,65.304054,408.0,85.0
2023-06-17 08:00:00,101.0,1677.0,7820.75,36750.0,45046.0,17.7515,62.938046,343.0,81.82
2023-06-17 09:00:00,95.6,2706.0,8345.25,39800.0,44949.0,20.2515,57.162773,305.0,72.7
2023-06-17 10:00:00,85.0,3660.0,8625.25,41800.0,43787.0,22.8015,49.39037,308.0,57.62
2023-06-17 11:00:00,69.99,4263.0,8770.5,42550.0,43940.0,24.8515,42.94524,291.0,50.6
2023-06-17 12:00:00,59.36,4360.0,8898.5,44100.0,43465.0,26.3015,37.365376,281.0,37.84
2023-06-17 13:00:00,48.4,4090.0,8782.25,44850.0,43006.0,27.1515,34.83816,282.0,43.34
2023-06-17 14:00:00,39.38,3638.0,8576.0,43200.0,42564.0,25.9015,36.757923,289.0,20.67
2023-06-17 15:00:00,56.08,3150.0,8426.5,41750.0,42336.0,26.6515,34.81398,285.0,18.4
2023-06-17 16:00:00,85.0,2582.0,8433.75,40650.0,43321.0,26.9515,34.550133,337.0,13.1
2023-06-17 17:00:00,101.52,2116.0,8512.25,40050.0,45804.0,26.5015,37.050148,432.0,44.5
2023-06-17 18:00:00,115.31,1565.0,8542.0,40800.0,46902.0,26.6515,36.846493,600.0,74.97
2023-06-17 19:00:00,137.79,1097.0,8537.25,41300.0,47430.0,26.6015,37.201763,666.0,86.16
2023-06-17 20:00:00,146.97,615.0,8456.5,40000.0,46770.0,26.1515,40.953102,751.0,93.19
2023-06-17 21:00:00,148.58,103.0,8333.5,39050.0,46371.0,24.5015,46.68708,841.0,96.74
2023-06-17 22:00:00,143.6,0.0,8270.75,39800.0,46455.0,22.5515,50.1452,933.0,91.26
2023-06-17 23:00:00,136.65,0.0,7961.25,42150.0,46603.0,22.3515,48.459328,954.0,87.3
2023-06-18 00:00:00,127.51,0.0,7514.25,39000.0,46115.0,21.4515,51.025566,495.0,100.13
2023-06-18 01:00:00,112.63,0.0,7228.0,35950.0,45654.0,20.8015,51.70807,538.0,88.82
2023-06-18 02:00:00,106.31,0.0,6910.25,34700.0,45322.0,20.5515,57.805546,597.0,79.56
2023-06-18 03:00:00,103.05,0.0,6814.5,32150.0,44729.0,19.9515,58.813576,592.0,65.82
2023-06-18 04:00:00,98.81,0.0,6736.5,30950.0,44014.0,19.9515,63.432247,567.0,58.87
2023-06-18 05:00:00,92.26,15.0,6626.0,30550.0,44041.0,19.3015,64.33543,584.0,56.79
2023-06-18 06:00:00,95.64,227.0,6763.75,30150.0,43718.0,18.9015,64.671906,548.0,53.18
2023-06-18 07:00:00,92.06,623.0,7077.5,30950.0,43555.0,19.5015,62.299545,472.0,47.39
2023-06-18 08:00:00,85.0,889.0,7447.0,32900.0,43162.0,18.8515,72.97115,419.0,28.44
2023-06-18 09:00:00,78.18,1086.0,7853.0,35650.0,42799.0,18.4015,80.06587,299.0,15.9
2023-06-18 10:00:00,63.43,1258.0,8120.75,38050.0,42670.0,20.9515,68.566505,263.0,0.13
2023-06-18 11:00:00,53.74,1467.0,8337.5,39750.0,42706.0,23.1515,61.52244,276.0,10.05
2023-06-18 12:00:00,45.87,1827.0,8452.0,41950.0,41921.0,24.7015,56.410503,270.0,17.08
2023-06-18 13:00:00,29.46,2280.0,8226.75,42800.0,41450.0,26.5015,45.723045,264.0,21.55
2023-06-18 14:00:00,25.04,2561.0,8005.5,40650.0,41031.0,23.6015,64.43768,269.0,5.14
2023-06-18 15:00:00,49.06,2543.0,7962.25,39150.0,42003.0,25.4015,61.2529,295.0,6.19
2023-06-18 16:00:00,75.0,2445.0,7944.0,38050.0,44117.0,25.7015,63.877945,362.0,-0.07
2023-06-18 17:00:00,93.69,1954.0,8057.25,37500.0,47171.0,22.2015,82.101204,408.0,27.92
2023-06-18 18:00:00,107.23,1416.0,8296.0,38150.0,48913.0,21.8515,86.79334,389.0,83.82
2023-06-18 19:00:00,123.24,990.0,8397.75,39450.0,49364.0,22.6015,85.795715,369.0,99.91
2023-06-18 20:00:00,131.18,526.0,8400.25,39150.0,48794.0,22.4515,87.929115,354.0,108.2
2023-06-18 21:00:00,135.35,88.0,8301.25,38450.0,48434.0,22.0515,79.80414,506.0,114.0
2023-06-18 22:00:00,137.27,0.0,8297.5,39350.0,48844.0,21.7015,74.64384,641.0,119.73
2023-06-18 23:00:00,117.58,0.0,7934.5,41250.0,48876.0,20.6015,85.86402,753.0,111.87
2023-06-19 00:00:00,99.85,0.0,7518.75,37850.0,46740.0,20.1515,85.81903,1594.0,94.33
2023-06-19 01:00:00,93.57,0.0,7242.0,34900.0,45648.0,19.7015,86.04537,1740.0,85.08
2023-06-19 02:00:00,88.49,0.0,7101.75,33800.0,43972.0,18.5015,84.8359,1990.0,85.02
2023-06-19 03:00:00,89.58,0.0,7035.75,31700.0,43305.0,18.1015,86.713615,1999.0,81.63
2023-06-19 04:00:00,92.14,0.0,7117.75,31100.0,43450.0,18.1015,85.33782,1968.0,83.95
2023-06-19 05:00:00,95.79,20.0,7421.5,32300.0,44459.0,16.8515,89.14095,1829.0,95.07
2023-06-19 06:00:00,113.1,309.0,8146.75,35100.0,45482.0,15.9015,90.51821,1603.0,105.75
2023-06-19 07:00:00,132.43,806.0,8922.5,39600.0,47240.0,16.0515,87.93114,1351.0,122.22
2023-06-19 08:00:00,132.49,1394.0,9501.0,43250.0,48365.0,17.1015,81.194725,1158.0,124.39
2023-06-19 09:00:00,115.53,2228.0,9901.25,45700.0,49514.0,18.4015,74.32734,998.0,106.01
2023-06-19 10:00:00,104.0,3247.0,10018.25,46950.0,49895.0,19.8015,69.68003,876.0,97.95
2023-06-19 11:00:00,97.18,4159.0,10182.5,47750.0,50592.0,21.2515,61.886234,747.0,100.09
2023-06-19 12:00:00,93.24,4739.0,10059.75,48800.0,51316.0,22.6015,54.98698,585.0,100.58
2023-06-19 13:00:00,90.01,4932.0,10049.75,49150.0,51462.0,23.6515,50.602386,424.0,91.17
2023-06-19 14:00:00,88.39,4731.0,9889.25,48500.0,51003.0,22.5515,58.8604,307.0,91.99
2023-06-19 15:00:00,94.15,4246.0,9735.5,47300.0,50655.0,23.7015,54.90663,249.0,86.01
2023-06-19 16:00:00,98.15,3344.0,9640.25,46250.0,50431.0,24.6015,50.687477,209.0,84.82
2023-06-19 17:00:00,110.08,2323.0,9733.75,45400.0,50843.0,24.7515,49.42478,160.0,97.6
2023-06-19 18:00:00,137.0,1445.0,9757.0,45750.0,51639.0,24.9515,48.521183,115.0,109.68
2023-06-19 19:00:00,169.09,892.0,9580.25,46650.0,51700.0,24.8515,48.3365,86.0,133.04
2023-06-19 20:00:00,179.56,462.0,9236.25,44550.0,50477.0,24.2015,59.632023,100.0,135.0
2023-06-19 21:00:00,164.63,73.0,8946.5,41850.0,49541.0,23.0015,66.1805,188.0,116.93
2023-06-19 22:00:00,147.07,0.0,8949.0,42000.0,49467.0,21.0015,69.68717,347.0,107.01
2023-06-19 23:00:00,134.85,0.0,8555.5,44000.0,49114.0,21.0015,66.18743,561.0,98.1
2023-06-20 00:00:00,121.04,0.0,7880.5,40900.0,46494.0,21.0015,61.628086,379.0,89.11
2023-06-20 01:00:00,110.53,0.0,7566.25,37650.0,45520.0,20.7515,63.6098,513.0,82.78
2023-06-20 02:00:00,104.09,0.0,7410.5,36650.0,44792.0,19.2515,78.9088,649.0,83.29
2023-06-20 03:00:00,101.21,0.0,7409.75,34400.0,44743.0,18.7515,84.5925,746.0,82.75
2023-06-20 04:00:00,100.33,0.0,7433.0,33550.0,44719.0,18.7515,82.45817,830.0,84.77
2023-06-20 05:00:00,101.07,22.0,7641.75,34450.0,45011.0,18.4515,83.48462,855.0,90.04
2023-06-20 06:00:00,119.37,315.0,8363.0,37050.0,45998.0,18.4015,84.82515,850.0,101.56
2023-06-20 07:00:00,136.1,814.0,9078.0,41400.0,47849.0,19.4515,84.40008,880.0,118.63
2023-06-20 08:00:00,146.6,1509.0,9590.5,45000.0,49114.0,20.5515,82.937416,885.0,120.04
2023-06-20 09:00:00,130.94,2413.0,9943.25,47050.0,49204.0,22.2015,76.87547,806.0,103.12
2023-06-20 10:00:00,114.13,3239.0,10049.0,48400.0,48967.0,23.8515,70.22975,706.0,85.08
2023-06-20 11:00:00,109.8,3753.0,10222.0,49200.0,48891.0,25.5515,64.85427,583.0,81.79
2023-06-20 12:00:00,100.08,4006.0,10091.5,50300.0,49118.0,27.0515,57.16245,509.0,67.63
2023-06-20 13:00:00,102.32,3791.0,10026.5,50600.0,49253.0,28.1515,52.93002,452.0,73.22
2023-06-20 14:00:00,101.77,3259.0,9910.25,49650.0,48898.0,27.6015,51.632217,478.0,71.33
2023-06-20 15:00:00,103.21,2559.0,9786.5,48350.0,48870.0,28.3515,52.482582,610.0,65.5
2023-06-20 16:00:00,105.29,1785.0,9690.5,47100.0,49261.0,26.6015,58.51118,571.0,73.51
2023-06-20 17:00:00,118.6,1154.0,9781.25,46500.0,50414.0,24.4015,69.8942,590.0,84.64
2023-06-20 18:00:00,140.0,874.0,9778.0,46950.0,51085.0,21.0515,88.91046,615.0,101.52
2023-06-20 19:00:00,160.59,771.0,9581.75,47600.0,50652.0,21.1015,86.72317,634.0,112.6
2023-06-20 20:00:00,165.08,491.0,9354.5,45100.0,49495.0,20.3515,88.02312,698.0,120.38
2023-06-20 21:00:00,150.0,90.0,9100.5,42500.0,48779.0,19.8515,91.64597,752.0,113.95
2023-06-20 22:00:00,138.0,0.0,9025.5,42500.0,47783.0,19.3515,92.48319,908.0,105.0
2023-06-20 23:00:00,120.21,0.0,8578.25,44850.0,48072.0,18.9015,93.33609,1143.0,98.38
2023-06-21 00:00:00,119.7,0.0,8184.5,40900.0,45773.0,18.5515,93.90956,1822.0,96.28
2023-06-21 01:00:00,110.75,0.0,7796.75,37900.0,44174.0,18.3015,94.493324,1796.0,88.68
2023-06-21 02:00:00,104.78,0.0,7530.5,36850.0,44103.0,18.1515,94.78627,1636.0,86.98
2023-06-21 03:00:00,103.91,0.0,7428.0,34750.0,44036.0,17.8515,95.37661,1401.0,86.25
2023-06-21 04:00:00,103.76,0.0,7451.0,34000.0,44003.0,17.5515,95.3662,1201.0,86.72
2023-06-21 05:00:00,107.01,21.0,7628.5,34850.0,44946.0,17.3015,95.35749,1051.0,95.1
2023-06-21 06:00:00,125.22,299.0,8335.25,37050.0,46260.0,17.2015,95.35401,908.0,104.78
2023-06-21 07:00:00,137.67,782.0,9090.75,41200.0,47286.0,17.8015,95.073326,752.0,127.28
2023-06-21 08:00:00,144.52,1447.0,9555.75,45000.0,48390.0,18.8515,89.86456,631.0,128.0
2023-06-21 09:00:00,126.12,2353.0,9848.75,47100.0,48553.0,19.7015,81.79028,537.0,103.32
2023-06-21 10:00:00,116.78,3348.0,9913.75,48450.0,48553.0,20.8015,74.2562,466.0,87.66
2023-06-21 11:00:00,114.7,4092.0,10113.5,49350.0,48994.0,22.0515,66.619545,405.0,78.5
2023-06-21 12:00:00,104.4,4592.0,9980.25,50250.0,49855.0,23.3015,58.849125,355.0,74.33
2023-06-21 13:00:00,102.96,4833.0,9953.25,50600.0,50253.0,24.3515,51.78698,325.0,75.32
2023-06-21 14:00:00,97.39,4789.0,9876.25,49900.0,50159.0,24.3015,54.001137,322.0,78.04
2023-06-21 15:00:00,99.44,4525.0,9814.0,48650.0,49887.0,24.7015,51.37615,336.0,78.58
2023-06-21 16:00:00,100.2,3927.0,9660.5,47500.0,49843.0,25.1515,49.370476,348.0,83.52
2023-06-21 17:00:00,113.56,3098.0,9709.75,46700.0,50967.0,25.4515,47.71552,363.0,98.13
2023-06-21 18:00:00,138.13,2121.0,9653.75,46850.0,51483.0,25.5515,47.278843,358.0,114.83
2023-06-21 19:00:00,167.48,1203.0,9499.5,47600.0,51137.0,25.4015,47.23834,317.0,137.45
2023-06-21 20:00:00,189.01,555.0,9256.5,45400.0,50257.0,24.8015,49.59919,260.0,143.2
2023-06-21 21:00:00,174.4,123.0,8982.75,43050.0,49768.0,22.9515,61.674614,247.0,129.59
2023-06-21 22:00:00,154.13,0.0,8968.25,43250.0,49297.0,21.1515,66.21885,282.0,116.4
2023-06-21 23:00:00,134.85,0.0,8530.0,44850.0,49417.0,20.1515,68.85157,318.0,106.52
2023-06-22 00:00:00,132.87,0.0,7963.25,41400.0,47445.0,19.1515,71.85088,319.0,107.12
2023-06-22 01:00:00,123.31,0.0,7623.25,38500.0,46782.0,18.6015,73.402245,316.0,102.77
2023-06-22 02:00:00,115.31,0.0,7415.75,37750.0,46673.0,17.5515,79.17497,325.0,100.62
2023-06-22 03:00:00,111.33,0.0,7348.5,35550.0,46625.0,17.8515,77.94487,355.0,100.38
2023-06-22 04:00:00,107.02,0.0,7375.75,34650.0,46112.0,18.0015,77.71518,359.0,100.37
2023-06-22 05:00:00,113.78,16.0,7584.75,35550.0,47020.0,17.4015,81.23391,340.0,101.52
2023-06-22 06:00:00,131.33,256.0,8317.25,37950.0,48670.0,17.2515,83.3447,338.0,119.8
2023-06-22 07:00:00,148.24,700.0,9044.0,42300.0,49676.0,18.1015,82.90973,340.0,135.94
2023-06-22 08:00:00,151.71,1002.0,9499.75,45850.0,49962.0,19.4015,79.436966,302.0,140.07
2023-06-22 09:00:00,130.0,1291.0,9820.25,47600.0,50356.0,21.1015,72.667244,276.0,116.0
2023-06-22 10:00:00,116.05,1481.0,9919.0,48850.0,50407.0,22.1515,67.49814,319.0,103.66
2023-06-22 11:00:00,111.42,1614.0,10121.75,49600.0,50314.0,23.0015,63.491116,419.0,98.02
2023-06-22 12:00:00,110.97,1625.0,10016.25,50200.0,50829.0,21.6515,70.709145,542.0,92.24
2023-06-22 13:00:00,106.88,1532.0,10009.0,50700.0,51114.0,19.4515,87.66842,696.0,90.0
2023-06-22 14:00:00,106.47,1401.0,9854.25,49900.0,51467.0,20.2515,84.48744,855.0,90.0
2023-06-22 15:00:00,106.76,1276.0,9709.75,48450.0,51668.0,19.7015,90.20988,985.0,92.01
2023-06-22 16:00:00,108.18,1144.0,9592.25,47200.0,52200.0,19.6015,89.637085,1091.0,96.75
2023-06-22 17:00:00,124.42,988.0,9628.25,46200.0,52940.0,19.6015,90.48677,1212.0,104.9
2023-06-22 18:00:00,137.3,805.0,9557.25,46400.0,52999.0,19.1515,90.170715,1265.0,125.39
2023-06-22 19:00:00,157.43,644.0,9370.5,47250.0,53462.0,18.4515,91.27047,1229.0,149.16
2023-06-22 20:00:00,155.11,401.0,9174.0,45200.0,51598.0,18.8015,92.161545,1158.0,160.19
2023-06-22 21:00:00,147.18,76.0,8891.25,42800.0,50947.0,18.7515,93.03498,1091.0,153.81
2023-06-22 22:00:00,134.34,0.0,8809.0,43000.0,50711.0,17.9015,95.07702,1031.0,148.02
2023-06-22 23:00:00,120.86,0.0,8414.75,44850.0,50159.0,16.8515,94.433334,914.0,124.98
2023-06-23 00:00:00,103.91,0.0,7986.25,40850.0,48773.0,16.1015,93.79729,1161.0,126.16
2023-06-23 01:00:00,95.2,0.0,7648.0,37700.0,48188.0,15.6015,93.17058,1024.0,121.6
2023-06-23 02:00:00,91.79,0.0,7489.5,36750.0,47484.0,14.8515,93.73882,910.0,115.58
2023-06-23 03:00:00,91.28,0.0,7366.5,34400.0,46450.0,14.4515,93.719955,777.0,112.68
2023-06-23 04:00:00,90.94,0.0,7327.5,33500.0,46237.0,14.1515,94.31907,634.0,113.07
2023-06-23 05:00:00,94.56,23.0,7504.25,34300.0,46302.0,13.9015,95.54787,476.0,117.75
2023-06-23 06:00:00,115.09,287.0,8199.25,36650.0,47964.0,13.8515,96.17153,347.0,136.54
2023-06-23 07:00:00,128.72,744.0,9038.0,41150.0,49042.0,15.0015,94.05023,235.0,151.55
2023-06-23 08:00:00,130.96,1558.0,9513.0,44650.0,50694.0,16.7015,89.993484,137.0,145.59
2023-06-23 09:00:00,121.73,2635.0,9891.5,46550.0,52223.0,18.5515,83.763695,80.0,124.16
2023-06-23 10:00:00,106.55,3727.0,10018.5,47750.0,52745.0,20.3015,75.85093,65.0,112.2
2023-06-23 11:00:00,98.1,4448.0,10128.75,48400.0,52494.0,21.7515,69.60869,83.0,108.99
2023-06-23 12:00:00,92.98,4739.0,9980.5,49250.0,51892.0,22.9515,62.271366,113.0,107.35
2023-06-23 13:00:00,86.95,4637.0,9823.5,49500.0,51893.0,23.7515,57.830067,127.0,110.2
2023-06-23 14:00:00,80.37,4354.0,9756.25,48350.0,52063.0,23.5515,58.71945,141.0,105.84
2023-06-23 15:00:00,79.79,3864.0,9638.25,46900.0,51793.0,24.0515,54.640224,170.0,101.65
2023-06-23 16:00:00,87.41,3243.0,9537.0,45350.0,50853.0,24.5515,51.838978,235.0,108.47
2023-06-23 17:00:00,97.5,2517.0,9514.75,44150.0,51677.0,24.7515,50.72689,345.0,115.02
2023-06-23 18:00:00,107.95,1795.0,9453.0,44600.0,52527.0,24.6015,50.687477,548.0,135.35
2023-06-23 19:00:00,129.8,1157.0,9149.75,44750.0,51492.0,24.3015,51.942387,814.0,161.15
2023-06-23 20:00:00,137.1,603.0,8945.75,43000.0,50065.0,23.7515,58.203297,1075.0,175.09
2023-06-23 21:00:00,134.98,120.0,8698.25,41300.0,49458.0,22.3015,67.313255,1337.0,167.05
2023-06-23 22:00:00,130.41,0.0,8684.0,41850.0,49590.0,20.4015,72.542656,1516.0,151.95
2023-06-23 23:00:00,122.12,0.0,8362.25,44000.0,49186.0,19.1015,78.63453,1604.0,138.56
2023-06-24 00:00:00,117.33,0.0,7898.25,40900.0,48194.0,17.5515,86.93966,1289.0,130.81
2023-06-24 01:00:00,109.71,0.0,7493.25,37650.0,47275.0,16.7015,91.1575,1266.0,122.8
2023-06-24 02:00:00,102.87,0.0,7252.25,36250.0,46831.0,16.001501,94.09475,1163.0,119.99
2023-06-24 03:00:00,100.31,0.0,7071.0,33800.0,46770.0,15.1515,91.64906,1065.0,116.42
2023-06-24 04:00:00,94.33,0.0,7041.0,32550.0,46430.0,14.3015,87.77631,1013.0,111.06
2023-06-24 05:00:00,91.69,23.0,6962.0,32200.0,46204.0,13.6015,88.00372,966.0,110.0
2023-06-24 06:00:00,90.97,279.0,7133.0,32450.0,46268.0,13.3515,90.04009,855.0,110.28
2023-06-24 07:00:00,92.3,736.0,7496.5,33650.0,46641.0,14.5515,86.3697,699.0,108.03
2023-06-24 08:00:00,90.57,1587.0,7868.75,36050.0,48055.0,16.2015,81.07642,558.0,101.0
2023-06-24 09:00:00,81.69,2720.0,8363.0,38800.0,48354.0,17.9515,74.250595,447.0,95.6
2023-06-24 10:00:00,57.64,3854.0,8597.0,40400.0,49243.0,19.6515,68.976234,361.0,85.0
2023-06-24 11:00:00,25.0,4662.0,8760.5,41800.0,46704.0,21.2515,62.49232,301.0,69.99
2023-06-24 12:00:00,14.99,5201.0,8829.25,43750.0,46202.0,22.5515,55.878532,242.0,59.36
2023-06-24 13:00:00,1.9,5417.0,8764.75,44350.0,45813.0,23.7015,51.617554,190.0,48.4
2023-06-24 14:00:00,0.31,5352.0,8593.75,42950.0,45878.0,24.7015,44.345455,154.0,39.38
2023-06-24 15:00:00,10.0,4987.0,8395.25,41700.0,45881.0,25.3015,44.074337,112.0,56.08
2023-06-24 16:00:00,28.2,4277.0,8356.5,40700.0,49011.0,25.7015,44.18463,60.0,85.0
2023-06-24 17:00:00,80.98,3335.0,8479.0,40250.0,51057.0,25.9515,44.543785,34.0,101.52
2023-06-24 18:00:00,94.45,2241.0,8516.5,40900.0,51543.0,26.0015,45.290634,30.0,115.31
2023-06-24 19:00:00,114.78,1201.0,8436.75,41400.0,51064.0,25.8015,45.979923,35.0,137.79
2023-06-24 20:00:00,126.85,510.0,8271.75,40200.0,50214.0,25.3515,47.68859,48.0,146.97
2023-06-24 21:00:00,127.0,122.0,8157.25,39000.0,50113.0,23.4015,66.89705,73.0,148.58
2023-06-24 22:00:00,128.72,0.0,8177.5,39700.0,50098.0,20.5515,62.537773,114.0,143.6
2023-06-24 23:00:00,118.31,0.0,7959.25,41650.0,50104.0,20.7515,58.812702,175.0,136.65
2023-06-25 00:00:00,111.52,0.0,7458.0,39000.0,47940.0,20.1015,59.630596,152.0,127.51
2023-06-25 01:00:00,107.46,0.0,7163.75,36050.0,47211.0,16.4515,82.98013,193.0,112.63
2023-06-25 02:00:00,101.7,0.0,6903.75,34750.0,46217.0,16.5015,84.619225,252.0,106.31
2023-06-25 03:00:00,99.27,0.0,6751.5,32150.0,45080.0,15.5015,90.49021,310.0,103.05
2023-06-25 04:00:00,97.01,0.0,6715.5,30850.0,44208.0,15.1515,89.29561,355.0,98.81
2023-06-25 05:00:00,84.33,23.0,6660.5,30550.0,43617.0,15.0015,84.17696,409.0,92.26
2023-06-25 06:00:00,71.89,261.0,6763.0,30100.0,43361.0,15.2015,78.835266,470.0,95.64
2023-06-25 07:00:00,69.31,704.0,7019.25,31050.0,44061.0,17.1515,74.35676,508.0,92.06
2023-06-25 08:00:00,54.0,1603.0,7420.5,33350.0,44602.0,19.5015,74.753944,444.0,85.0
2023-06-25 09:00:00,32.55,2757.0,7779.0,36200.0,43943.0,22.0015,70.54974,306.0,78.18
2023-06-25 10:00:00,9.69,3882.0,8093.0,38400.0,43063.0,24.5015,61.828552,218.0,63.43
2023-06-25 11:00:00,0.1,4689.0,8314.25,39900.0,43981.0,26.3515,54.517647,173.0,53.74
2023-06-25 12:00:00,0.0,5236.0,8401.5,42350.0,44037.0,27.8015,47.882244,132.0,45.87
2023-06-25 13:00:00,-0.1,5449.0,8197.75,43500.0,44186.0,28.8015,45.611187,101.0,29.46
2023-06-25 14:00:00,-0.1,5376.0,7971.25,40750.0,43401.0,29.5515,41.493256,107.0,25.04
2023-06-25 15:00:00,0.0,4993.0,7897.0,39000.0,43371.0,29.9515,39.7734,138.0,49.06
2023-06-25 16:00:00,9.69,4282.0,7892.25,37800.0,44664.0,30.1515,38.565533,176.0,75.0
2023-06-25 17:00:00,70.0,3360.0,8049.75,38150.0,48506.0,30.0015,39.5317,215.0,93.69
2023-06-25 18:00:00,95.57,2261.0,8329.5,39350.0,49549.0,29.7015,41.80197,263.0,107.23
2023-06-25 19:00:00,109.9,1196.0,8406.0,40800.0,49758.0,29.2515,44.15563,329.0,123.24
2023-06-25 20:00:00,122.44,496.0,8386.75,40350.0,49564.0,28.0515,51.747932,446.0,131.18
2023-06-25 21:00:00,135.85,121.0,8303.75,39800.0,49552.0,26.1515,58.036617,690.0,135.35
2023-06-25 22:00:00,135.73,0.0,8296.5,40300.0,50086.0,24.2515,62.562443,1141.0,137.27
2023-06-25 23:00:00,118.87,0.0,7900.75,42300.0,50424.0,23.7515,61.856052,1718.0,117.58
2023-06-26 00:00:00,104.48,0.0,7496.25,39450.0,49114.0,23.4515,60.224422,2722.0,99.85
2023-06-26 01:00:00,98.47,0.0,7240.5,36200.0,46646.0,22.3515,65.20448,2806.0,93.57
2023-06-26 02:00:00,86.84,0.0,7122.25,35300.0,45992.0,20.3515,66.48098,2756.0,88.49
2023-06-26 03:00:00,67.1,0.0,7080.25,33100.0,45848.0,18.9015,71.805084,2740.0,89.58
2023-06-26 04:00:00,72.33,0.0,7128.0,32700.0,45918.0,18.0515,79.50271,2629.0,92.14
2023-06-26 05:00:00,90.0,21.0,7386.75,34100.0,46057.0,17.7015,83.66631,2519.0,95.79
2023-06-26 06:00:00,96.89,287.0,8151.5,36900.0,48497.0,17.2015,82.80151,2399.0,113.1
2023-06-26 07:00:00,121.09,758.0,8948.0,41200.0,50594.0,17.1015,76.072525,2225.0,132.43
2023-06-26 08:00:00,116.69,1530.0,9480.25,44950.0,51988.0,17.6015,68.34231,2064.0,132.49
2023-06-26 09:00:00,101.52,2490.0,9836.5,46950.0,52354.0,18.4515,65.43139,1926.0,115.53
2023-06-26 10:00:00,87.9,3447.0,9980.0,48250.0,52688.0,19.6015,62.527496,1817.0,104.0
2023-06-26 11:00:00,83.19,4139.0,10144.5,49550.0,51792.0,20.6515,57.073006,1727.0,97.18
2023-06-26 12:00:00,83.58,4489.0,10046.5,50850.0,52498.0,21.5515,49.878143,1618.0,93.24
2023-06-26 13:00:00,84.72,4625.0,10047.0,51250.0,52664.0,22.2015,45.597065,1511.0,90.01
2023-06-26 14:00:00,58.72,4555.0,9891.25,50850.0,52109.0,22.3015,44.567383,1416.0,88.39
2023-06-26 15:00:00,71.34,4265.0,9744.0,49700.0,52061.0,22.4515,42.273632,1359.0,94.15
2023-06-26 16:00:00,68.63,3678.0,9665.0,48700.0,51796.0,22.3015,41.805634,1320.0,98.15
2023-06-26 17:00:00,84.79,2920.0,9763.25,47550.0,51774.0,21.6515,44.686382,1324.0,110.08
2023-06-26 18:00:00,97.0,1998.0,9766.0,47350.0,53304.0,21.9515,43.875126,1406.0,137.0
2023-06-26 19:00:00,109.8,1198.0,9569.25,48250.0,52979.0,21.2015,45.167034,1465.0,169.09
2023-06-26 20:00:00,118.02,628.0,9236.5,46100.0,51591.0,20.2515,48.538185,1412.0,179.56
2023-06-26 21:00:00,126.78,128.0,8913.0,43750.0,50886.0,19.3015,53.96407,1236.0,164.63
2023-06-26 22:00:00,129.53,0.0,8904.75,44150.0,51422.0,18.2015,57.61132,976.0,147.07
2023-06-26 23:00:00,118.26,0.0,8531.5,45250.0,50939.0,17.8515,58.892654,751.0,134.85
2023-06-27 00:00:00,114.13,0.0,8089.25,40900.0,48711.0,17.2015,61.770706,679.0,121.04
2023-06-27 01:00:00,97.65,0.0,7706.25,38300.0,47847.0,16.3015,66.728264,648.0,110.53
2023-06-27 02:00:00,92.33,0.0,7523.75,37450.0,46914.0,15.3015,75.52871,638.0,104.09
2023-06-27 03:00:00,91.39,0.0,7413.5,35500.0,45605.0,14.9515,78.79866,612.0,101.21
2023-06-27 04:00:00,88.26,0.0,7425.25,34600.0,45872.0,14.6515,81.406784,592.0,100.33
2023-06-27 05:00:00,91.29,18.0,7631.75,35350.0,45824.0,14.2515,84.370056,558.0,101.07
2023-06-27 06:00:00,115.29,310.0,8298.5,37250.0,46343.0,14.1515,85.4804,529.0,119.37
2023-06-27 07:00:00,130.0,828.0,9069.25,41350.0,47970.0,14.7015,84.69853,444.0,136.1
2023-06-27 08:00:00,127.03,1375.0,9517.5,45050.0,49617.0,15.9515,80.5141,304.0,146.6
2023-06-27 09:00:00,102.24,1977.0,9851.5,47150.0,50540.0,17.5515,73.69839,209.0,130.94
2023-06-27 10:00:00,90.0,2563.0,9879.5,48250.0,50274.0,18.9515,67.50097,197.0,114.13
2023-06-27 11:00:00,90.16,2957.0,9999.0,48700.0,50267.0,20.3515,58.33076,243.0,109.8
2023-06-27 12:00:00,89.1,3018.0,9847.25,49850.0,51061.0,20.9515,51.40421,294.0,100.08
2023-06-27 13:00:00,92.8,2924.0,9935.75,50450.0,51528.0,22.0015,46.00185,338.0,102.32
2023-06-27 14:00:00,90.41,2761.0,9956.25,49800.0,51630.0,21.1515,50.607777,385.0,101.77
2023-06-27 15:00:00,83.86,2456.0,9904.75,48400.0,51500.0,21.2515,49.96406,472.0,103.21
2023-06-27 16:00:00,89.05,1965.0,9830.0,47150.0,50550.0,21.3515,49.990856,674.0,105.29
2023-06-27 17:00:00,96.4,1488.0,9976.0,46050.0,52070.0,21.4015,50.33829,974.0,118.6
2023-06-27 18:00:00,113.57,1048.0,10044.0,46400.0,53139.0,20.9015,52.952522,1234.0,140.0
2023-06-27 19:00:00,130.46,678.0,9816.25,47400.0,52242.0,20.2515,56.224815,1384.0,160.59
2023-06-27 20:00:00,134.57,315.0,9423.25,45600.0,50811.0,19.8015,59.5591,1411.0,165.08
2023-06-27 21:00:00,128.92,52.0,8993.0,43250.0,50152.0,19.4515,63.947433,1364.0,150.0
2023-06-27 22:00:00,125.06,0.0,8862.75,43350.0,50042.0,17.4515,75.14125,1327.0,138.0
2023-06-27 23:00:00,116.16,0.0,8403.0,45000.0,49997.0,17.0015,73.84456,1356.0,120.21
2023-06-28 00:00:00,98.01,0.0,7874.5,41100.0,48456.0,15.9015,78.93727,1109.0,119.7
2023-06-28 01:00:00,90.57,0.0,7527.0,38150.0,46868.0,16.5515,77.24069,1211.0,110.75
2023-06-28 02:00:00,87.05,0.0,7267.0,37300.0,46258.0,15.5515,76.83071,676.0,104.78
2023-06-28 03:00:00,86.22,0.0,7235.75,35200.0,46019.0,15.6015,76.8386,710.0,103.91
2023-06-28 04:00:00,86.66,0.0,7342.25,34350.0,46063.0,15.5515,77.34015,703.0,103.76
2023-06-28 05:00:00,92.18,7.0,7556.5,35100.0,46197.0,15.0515,79.59895,648.0,107.01
2023-06-28 06:00:00,104.16,138.0,8262.0,37350.0,47116.0,15.0015,80.384636,579.0,125.22
2023-06-28 07:00:00,122.05,439.0,9051.0,41150.0,49349.0,15.4015,80.970345,523.0,137.67
2023-06-28 08:00:00,124.69,720.0,9556.5,44650.0,51180.0,16.1515,82.40471,478.0,144.52
2023-06-28 09:00:00,113.63,1079.0,9915.0,46750.0,52615.0,17.6515,80.48199,457.0,126.12
2023-06-28 10:00:00,101.89,1515.0,9944.5,48000.0,53541.0,18.9515,75.38898,469.0,116.78
2023-06-28 11:00:00,99.3,1964.0,10098.25,49300.0,54144.0,20.0015,70.39806,479.0,114.7
2023-06-28 12:00:00,101.18,2264.0,9973.25,50300.0,54597.0,21.3015,63.525135,519.0,104.4
2023-06-28 13:00:00,97.42,2295.0,9882.75,50700.0,54793.0,22.2015,60.910007,625.0,102.96
2023-06-28 14:00:00,95.59,2201.0,9774.25,49950.0,54715.0,21.6515,67.18077,763.0,97.39
2023-06-28 15:00:00,95.39,2022.0,9734.5,48900.0,54601.0,22.2015,64.96376,925.0,99.44
2023-06-28 16:00:00,97.6,1774.0,9658.0,47700.0,54115.0,22.4515,64.601906,1044.0,100.2
2023-06-28 17:00:00,107.08,1477.0,9724.0,46750.0,53997.0,22.4015,64.798546,1067.0,113.56
2023-06-28 18:00:00,125.64,1159.0,9694.5,47150.0,53975.0,22.2015,66.22527,1063.0,138.13
2023-06-28 19:00:00,146.5,869.0,9483.5,47400.0,53428.0,22.0515,67.26239,1088.0,167.48
2023-06-28 20:00:00,146.02,499.0,9196.25,45350.0,51862.0,21.7515,69.60869,1070.0,189.01
2023-06-28 21:00:00,141.48,85.0,8924.25,43150.0,51196.0,21.2015,73.85223,991.0,174.4
2023-06-28 22:00:00,133.72,0.0,8911.5,43250.0,51485.0,20.3515,77.571236,898.0,154.13
2023-06-28 23:00:00,121.1,0.0,8478.25,44850.0,51117.0,20.1515,79.28929,810.0,134.85
2023-06-29 00:00:00,119.46,0.0,8007.5,41850.0,48591.0,20.0015,79.77443,796.0,132.87
2023-06-29 01:00:00,110.06,0.0,7688.75,39100.0,47429.0,19.6515,80.49236,799.0,123.31
2023-06-29 02:00:00,101.72,0.0,7450.5,38000.0,46654.0,19.4515,79.95335,811.0,115.31
2023-06-29 03:00:00,97.83,0.0,7367.75,35600.0,46150.0,19.1515,81.720825,807.0,111.33
2023-06-29 04:00:00,98.39,0.0,7370.5,34650.0,46077.0,18.7015,82.71631,798.0,107.02
2023-06-29 05:00:00,102.91,9.0,7575.25,35400.0,46531.0,18.4015,82.94555,768.0,113.78
2023-06-29 06:00:00,117.58,183.0,8286.25,37800.0,47833.0,17.9015,85.590935,739.0,131.33
2023-06-29 07:00:00,129.92,565.0,9094.25,41700.0,49021.0,18.4015,84.01508,730.0,148.24
2023-06-29 08:00:00,130.31,900.0,9566.5,45100.0,50482.0,18.7515,82.19475,730.0,151.71
2023-06-29 09:00:00,116.39,1303.0,9872.75,47150.0,51226.0,19.5015,77.69116,733.0,130.0
2023-06-29 10:00:00,105.95,1740.0,10011.5,48450.0,51731.0,21.0015,70.813705,777.0,116.05
2023-06-29 11:00:00,98.6,2040.0,10181.75,49150.0,52344.0,21.4515,69.32855,836.0,111.42
2023-06-29 12:00:00,96.99,2143.0,10038.25,50100.0,52376.0,21.5015,68.895676,837.0,110.97
2023-06-29 13:00:00,96.12,2113.0,9993.25,50400.0,52666.0,21.4515,68.445656,828.0,106.88
2023-06-29 14:00:00,98.6,1960.0,9862.25,49500.0,52185.0,20.6015,76.14123,815.0,106.47
2023-06-29 15:00:00,100.0,1723.0,9752.75,48450.0,51958.0,20.3515,74.65629,824.0,106.76
2023-06-29 16:00:00,101.12,1451.0,9594.25,47200.0,51875.0,20.5515,74.68971,884.0,108.18
2023-06-29 17:00:00,112.03,1141.0,9491.25,46450.0,51921.0,20.8515,71.46972,944.0,124.42
2023-06-29 18:00:00,124.04,819.0,9370.25,46950.0,52938.0,20.8015,71.46053,960.0,137.3
2023-06-29 19:00:00,129.79,575.0,9243.0,47650.0,52942.0,20.0515,74.12895,914.0,157.43
2023-06-29 20:00:00,142.57,299.0,8943.25,45400.0,52077.0,18.4015,75.29854,750.0,155.11
2023-06-29 21:00:00,136.65,48.0,8680.25,43150.0,52025.0,17.5015,76.634865,556.0,147.18
2023-06-29 22:00:00,132.13,0.0,8666.5,43150.0,52024.0,17.0015,76.55576,450.0,134.34
2023-06-29 23:00:00,116.45,0.0,8380.0,44950.0,51627.0,16.4515,76.71988,392.0,120.86
2023-06-30 00:00:00,115.28,0.0,7902.75,42400.0,48864.0,16.3515,74.21954,178.0,103.91
2023-06-30 01:00:00,103.4,0.0,7605.75,39650.0,48139.0,15.5515,76.324234,168.0,95.2
2023-06-30 02:00:00,96.58,0.0,7440.0,38550.0,47312.0,13.8015,87.44265,200.0,91.79
2023-06-30 03:00:00,90.62,0.0,7356.25,36050.0,46571.0,12.8515,90.301575,253.0,91.28
2023-06-30 04:00:00,88.79,0.0,7397.25,35100.0,46773.0,12.7515,88.51486,268.0,90.94
2023-06-30 05:00:00,95.03,18.0,7581.5,35800.0,46889.0,11.9515,91.44689,247.0,94.56
2023-06-30 06:00:00,107.46,270.0,8223.25,38050.0,48095.0,11.2515,93.25393,230.0,115.09
2023-06-30 07:00:00,126.82,746.0,8913.5,41950.0,49930.0,12.5015,88.19958,194.0,128.72
2023-06-30 08:00:00,125.78,1548.0,9445.5,45200.0,51579.0,14.3515,82.17987,164.0,130.96
2023-06-30 09:00:00,111.84,2539.0,9782.0,47050.0,52775.0,16.4015,71.3413,189.0,121.73
2023-06-30 10:00:00,105.7,3354.0,9928.25,48100.0,53197.0,18.0015,61.749786,266.0,106.55
2023-06-30 11:00:00,98.66,3716.0,10075.0,48800.0,53600.0,19.3015,55.42822,390.0,98.1
2023-06-30 12:00:00,99.5,3715.0,9894.75,50100.0,53832.0,20.3015,52.972523,596.0,92.98
2023-06-30 13:00:00,91.52,3664.0,9808.0,50450.0,53785.0,21.0515,50.077374,903.0,86.95
2023-06-30 14:00:00,88.46,3571.0,9691.25,49000.0,53071.0,20.5515,52.161556,1273.0,80.37
2023-06-30 15:00:00,75.4,3337.0,9539.5,47700.0,52735.0,21.4515,49.520267,1696.0,79.79
2023-06-30 16:00:00,78.77,2893.0,9427.75,46300.0,52305.0,21.4015,49.83795,2055.0,87.41
2023-06-30 17:00:00,77.53,2410.0,9351.75,45150.0,52256.0,21.4515,50.68762,2249.0,97.5
2023-06-30 18:00:00,95.3,1754.0,9277.25,45800.0,52302.0,21.5015,50.031,2288.0,107.95
2023-06-30 19:00:00,112.17,1130.0,9046.0,45850.0,52154.0,20.9015,50.54112,2267.0,129.8
2023-06-30 20:00:00,124.58,585.0,8799.25,43950.0,51514.0,19.9515,53.95153,2231.0,137.1
2023-06-30 21:00:00,122.0,104.0,8559.0,41900.0,50780.0,18.9515,54.60202,2169.0,134.98
2023-06-30 22:00:00,116.73,0.0,8641.75,42350.0,51355.0,17.7015,57.875618,2141.0,130.41
2023-06-30 23:00:00,109.47,0.0,8287.0,44500.0,51560.0,16.8515,62.105103,2154.0,122.12
2023-07-01 00:00:00,94.41,0.0,7838.5,40100.0,49301.0,17.5015,61.63384,2526.0,117.33
2023-07-01 01:00:00,81.17,0.0,7432.5,36550.0,48179.0,17.7015,63.13659,2648.0,109.71
2023-07-01 02:00:00,68.09,0.0,7202.0,35500.0,47049.0,17.5515,63.524593,2767.0,102.87
2023-07-01 03:00:00,43.7,0.0,7024.75,33050.0,44572.0,17.4015,64.34275,2847.0,100.31
2023-07-01 04:00:00,31.09,0.0,6977.5,31900.0,42453.0,17.5015,66.097946,2825.0,94.33
2023-07-01 05:00:00,24.74,3.0,6911.5,31600.0,42027.0,17.1015,71.708084,2704.0,91.69
2023-07-01 06:00:00,36.1,51.0,7066.75,31950.0,42356.0,16.7515,79.06022,2516.0,90.97
2023-07-01 07:00:00,32.1,160.0,7420.25,33450.0,44997.0,16.8015,82.48492,2280.0,92.3
2023-07-01 08:00:00,69.09,265.0,7818.5,35750.0,47295.0,17.5515,82.045204,2077.0,90.57
2023-07-01 09:00:00,57.35,387.0,8291.0,38750.0,47887.0,17.8515,82.879745,1959.0,81.69
2023-07-01 10:00:00,43.86,561.0,8548.0,40450.0,48116.0,17.7515,86.958405,1856.0,57.64
2023-07-01 11:00:00,24.61,770.0,8741.5,41150.0,46820.0,18.3015,86.732605,1759.0,25.0
2023-07-01 12:00:00,16.83,1019.0,8776.25,42600.0,46732.0,18.5515,86.20529,1682.0,14.99
2023-07-01 13:00:00,4.43,1342.0,8632.75,43150.0,46046.0,19.2515,82.51912,1624.0,1.9
2023-07-01 14:00:00,0.07,1625.0,8505.0,41100.0,45183.0,20.3015,77.316956,1640.0,0.31
2023-07-01 15:00:00,0.43,1799.0,8359.25,40100.0,46122.0,20.6515,72.35508,1798.0,10.0
2023-07-01 16:00:00,5.53,1816.0,8326.75,38850.0,46385.0,20.0515,73.418304,2098.0,28.2
2023-07-01 17:00:00,25.48,1600.0,8404.25,38300.0,47420.0,18.7015,81.141884,2308.0,80.98
2023-07-01 18:00:00,46.62,1282.0,8477.75,38950.0,49175.0,18.1515,83.182365,2286.0,94.45
2023-07-01 19:00:00,71.56,925.0,8431.5,39400.0,50111.0,18.8015,80.3781,2122.0,114.78
2023-07-01 20:00:00,84.3,511.0,8251.5,38100.0,50042.0,18.5015,80.855644,1918.0,126.85
2023-07-01 21:00:00,92.05,87.0,8074.75,37150.0,49384.0,17.8515,82.879745,1742.0,127.0
2023-07-01 22:00:00,93.32,0.0,8088.0,37900.0,49532.0,17.5515,74.91288,1667.0,128.72
2023-07-01 23:00:00,89.86,0.0,7865.25,40200.0,49165.0,16.9515,75.0579,1719.0,118.31
2023-07-02 00:00:00,16.45,0.0,7437.75,37850.0,43484.0,16.3515,77.46357,1558.0,111.52
2023-07-02 01:00:00,3.17,0.0,7167.5,35200.0,39973.0,15.8515,78.93001,1488.0,107.46
2023-07-02 02:00:00,0.01,0.0,6898.0,33600.0,38305.0,15.5015,80.45293,1432.0,101.7
2023-07-02 03:00:00,0.0,0.0,6757.25,31450.0,37346.0,15.5515,79.932236,1379.0,99.27
2023-07-02 04:00:00,-0.03,0.0,6695.5,30350.0,36889.0,15.4015,81.50449,1341.0,97.01
2023-07-02 05:00:00,-0.05,13.0,6654.5,29950.0,36343.0,15.2515,83.10766,1318.0,84.33
2023-07-02 06:00:00,-0.05,268.0,6744.75,29500.0,35998.0,15.2515,84.48152,1254.0,71.89
2023-07-02 07:00:00,-0.49,771.0,6990.0,30250.0,35589.0,15.4515,85.05808,1210.0,69.31
2023-07-02 08:00:00,-2.9,1373.0,7381.5,32200.0,36032.0,16.001501,83.1971,1170.0,54.0
2023-07-02 09:00:00,-13.7,2107.0,7719.0,34850.0,36741.0,16.9015,78.82431,1174.0,32.55
2023-07-02 10:00:00,-23.07,2813.0,8056.25,37000.0,36356.0,18.0515,68.20827,1190.0,9.69
2023-07-02 11:00:00,-6.46,3399.0,8319.5,38700.0,37483.0,18.9515,58.182705,1255.0,0.1
2023-07-02 12:00:00,0.0,3802.0,8414.75,41000.0,37996.0,19.8015,52.48925,1348.0,0.0
2023-07-02 13:00:00,-17.0,3958.0,8177.5,41200.0,38236.0,20.0515,49.808655,1353.0,-0.1
2023-07-02 14:00:00,-100.0,3904.0,8020.0,39050.0,37085.0,19.9015,49.60079,1397.0,-0.1
2023-07-02 15:00:00,-120.0,3635.0,7902.75,37450.0,36901.0,20.7015,47.050465,1608.0,0.0
2023-07-02 16:00:00,-100.0,3173.0,7829.25,36450.0,37300.0,20.5015,48.117947,2043.0,9.69
2023-07-02 17:00:00,-32.74,2598.0,7947.25,36500.0,40111.0,20.6515,47.675095,2444.0,70.0
2023-07-02 18:00:00,-3.86,1880.0,8174.0,37550.0,41409.0,20.3015,47.57911,2753.0,95.57
2023-07-02 19:00:00,7.94,1170.0,8241.25,38950.0,42324.0,19.5515,51.204388,2903.0,109.9
2023-07-02 20:00:00,69.8,573.0,8209.0,38500.0,45546.0,18.2515,53.149654,2976.0,122.44
2023-07-02 21:00:00,85.7,111.0,8115.0,37850.0,46057.0,17.0515,55.41471,2974.0,135.85
2023-07-02 22:00:00,94.9,0.0,8134.75,38650.0,46886.0,16.001501,55.334034,2945.0,135.73
2023-07-02 23:00:00,86.08,0.0,7784.5,40950.0,46760.0,15.4015,58.292038,2868.0,118.87
2023-07-03 00:00:00,66.0,0.0,7316.0,37800.0,46063.0,15.0015,64.24188,2495.0,104.48
2023-07-03 01:00:00,43.5,0.0,7003.25,35100.0,44581.0,14.4015,69.54209,2451.0,98.47
2023-07-03 02:00:00,24.09,0.0,6873.0,34250.0,42987.0,13.9515,71.59803,2411.0,86.84
2023-07-03 03:00:00,10.26,0.0,6885.5,32850.0,41435.0,14.0015,74.55803,2304.0,67.1
2023-07-03 04:00:00,15.8,0.0,6993.25,32450.0,41645.0,14.1515,78.68092,2136.0,72.33
2023-07-03 05:00:00,54.0,13.0,7287.75,33500.0,43636.0,13.2515,86.81458,2020.0,90.0
2023-07-03 06:00:00,86.0,279.0,7992.25,35900.0,45209.0,12.9015,90.60449,1855.0,96.89
2023-07-03 07:00:00,110.89,795.0,8703.75,40000.0,46264.0,13.8015,87.15457,1752.0,121.09
2023-07-03 08:00:00,104.91,1375.0,9307.5,43500.0,47544.0,15.1015,79.606026,1758.0,116.69
2023-07-03 09:00:00,68.53,2065.0,9645.0,45500.0,48908.0,16.3015,71.086365,1844.0,101.52
2023-07-03 10:00:00,27.86,2620.0,9796.5,46800.0,48605.0,16.9515,64.67375,2008.0,87.9
2023-07-03 11:00:00,40.73,3011.0,9928.75,47600.0,49459.0,18.1515,58.768494,2241.0,83.19
2023-07-03 12:00:00,0.0,3258.0,9820.75,48950.0,49585.0,18.5515,56.550423,2477.0,83.58
2023-07-03 13:00:00,11.04,3380.0,9760.25,49100.0,49861.0,18.9515,53.15349,2711.0,84.72
2023-07-03 14:00:00,-4.99,3195.0,9584.25,47750.0,49348.0,18.8515,55.68583,3016.0,58.72
2023-07-03 15:00:00,-1.04,2801.0,9437.5,46600.0,49098.0,19.7015,52.639153,3306.0,71.34
2023-07-03 16:00:00,4.8,2448.0,9396.5,45550.0,48378.0,20.1015,50.32711,3488.0,68.63
2023-07-03 17:00:00,42.37,2109.0,9508.75,44750.0,48985.0,20.7515,46.905846,3559.0,84.79
2023-07-03 18:00:00,90.09,1663.0,9531.75,45350.0,52077.0,20.3015,47.901405,3564.0,97.0
2023-07-03 19:00:00,116.83,1121.0,9367.25,46500.0,52397.0,20.0515,46.23961,3553.0,109.8
2023-07-03 20:00:00,124.97,576.0,9057.0,44600.0,51085.0,18.9515,50.69997,3502.0,118.02
2023-07-03 21:00:00,128.36,108.0,8778.75,42150.0,50082.0,17.8515,58.10746,3457.0,126.78
2023-07-03 22:00:00,121.52,0.0,8796.75,42100.0,50071.0,16.9015,62.955357,3448.0,129.53
2023-07-03 23:00:00,114.7,0.0,8384.5,43850.0,49819.0,16.3015,64.53057,3470.0,118.26
2023-07-04 00:00:00,97.22,0.0,7737.75,40700.0,45989.0,15.6015,68.391846,3284.0,114.13
2023-07-04 01:00:00,81.88,0.0,7521.75,38150.0,45167.0,15.1515,73.03158,3120.0,97.65
2023-07-04 02:00:00,71.75,0.0,7316.5,37450.0,44817.0,14.5015,77.43408,2896.0,92.33
2023-07-04 03:00:00,65.77,0.0,7318.0,35600.0,44256.0,14.0015,82.40865,2628.0,91.39
2023-07-04 04:00:00,70.56,0.0,7312.0,34950.0,44195.0,13.7015,85.43312,2361.0,88.26
2023-07-04 05:00:00,85.49,14.0,7517.25,35750.0,45067.0,13.5515,86.55651,2137.0,91.29
2023-07-04 06:00:00,113.77,264.0,8176.25,37700.0,46953.0,13.4515,87.70008,1935.0,115.29
2023-07-04 07:00:00,119.97,763.0,8827.75,41750.0,47926.0,14.0515,85.469894,1678.0,130.0
2023-07-04 08:00:00,113.29,1599.0,9315.25,44900.0,49017.0,15.2515,79.89036,1511.0,127.03
2023-07-04 09:00:00,123.93,2547.0,9649.75,46550.0,49694.0,16.5015,71.12414,1479.0,102.24
2023-07-04 10:00:00,118.57,3293.0,9719.75,47500.0,49162.0,17.8515,62.75155,1433.0,90.0
2023-07-04 11:00:00,77.63,3568.0,9852.5,48250.0,49338.0,18.7015,60.289864,1425.0,90.16
2023-07-04 12:00:00,100.0,3513.0,9714.0,49450.0,50120.0,20.0015,57.670837,1413.0,89.1
2023-07-04 13:00:00,64.17,3448.0,9734.5,49950.0,49771.0,20.7515,54.33714,1453.0,92.8
2023-07-04 14:00:00,57.62,3321.0,9656.25,48850.0,50227.0,19.8015,54.637276,1452.0,90.41
2023-07-04 15:00:00,51.61,3027.0,9572.25,47800.0,51022.0,19.9015,55.211647,1447.0,83.86
2023-07-04 16:00:00,84.29,2395.0,9512.0,46600.0,51704.0,20.8515,51.206745,1416.0,89.05
2023-07-04 17:00:00,93.68,1778.0,9611.5,45800.0,52329.0,21.4515,49.851353,1294.0,96.4
2023-07-04 18:00:00,116.75,1231.0,9628.5,46250.0,53535.0,20.4515,56.274834,1164.0,113.57
2023-07-04 19:00:00,137.05,832.0,9405.5,47100.0,52631.0,18.8515,68.817856,994.0,130.46
2023-07-04 20:00:00,154.62,413.0,9069.0,45200.0,51471.0,17.9015,77.95238,915.0,134.57
2023-07-04 21:00:00,156.78,63.0,8781.5,42700.0,51121.0,17.2515,88.318665,929.0,128.92
2023-07-04 22:00:00,142.5,0.0,8746.75,42950.0,51628.0,16.8515,90.00447,1087.0,125.06
2023-07-04 23:00:00,124.09,0.0,8362.0,44600.0,51690.0,16.5015,91.43795,1306.0,116.16
2023-07-05 00:00:00,115.54,0.0,7850.5,41550.0,50553.0,16.2015,92.306244,1438.0,98.01
2023-07-05 01:00:00,99.98,0.0,7580.0,38700.0,48553.0,16.2015,92.306244,2199.0,90.57
2023-07-05 02:00:00,92.51,0.0,7394.75,38000.0,47009.0,16.5015,89.97883,3062.0,87.05
2023-07-05 03:00:00,72.85,0.0,7378.25,35800.0,46375.0,15.0015,82.804855,3703.0,86.22
2023-07-05 04:00:00,67.87,0.0,7433.0,34750.0,45925.0,13.6015,83.1845,3953.0,86.66
2023-07-05 05:00:00,68.59,8.0,7662.0,35700.0,45716.0,12.6515,85.60723,4100.0,92.18
2023-07-05 06:00:00,76.39,208.0,8287.5,37900.0,46306.0,12.4015,85.010445,4169.0,104.16
2023-07-05 07:00:00,93.02,669.0,8986.0,41700.0,47286.0,12.7515,82.52764,4167.0,122.05
2023-07-05 08:00:00,98.35,1244.0,9503.75,45100.0,48299.0,13.5515,79.11974,4147.0,124.69
2023-07-05 09:00:00,82.4,2018.0,9852.5,46950.0,49280.0,15.2015,71.353165,4088.0,113.63
2023-07-05 10:00:00,73.44,2731.0,9914.25,48150.0,49479.0,16.7015,60.21778,3909.0,101.89
2023-07-05 11:00:00,39.82,3381.0,10033.0,49100.0,49555.0,17.8515,51.621365,3608.0,99.3
2023-07-05 12:00:00,18.58,3770.0,9924.75,50150.0,49201.0,18.8015,48.470676,3215.0,101.18
2023-07-05 13:00:00,19.42,3831.0,9911.0,50550.0,48175.0,19.4515,46.546352,2812.0,97.42
2023-07-05 14:00:00,21.68,3567.0,9696.25,49350.0,48223.0,17.5015,71.07796,2495.0,95.59
2023-07-05 15:00:00,40.64,3166.0,9604.25,48450.0,48392.0,18.9015,64.671906,2400.0,95.39
2023-07-05 16:00:00,22.0,2788.0,9536.0,46900.0,48451.0,18.2015,64.73257,2356.0,97.6
2023-07-05 17:00:00,60.33,2284.0,9613.0,45650.0,48464.0,18.1015,69.12103,2077.0,107.08
2023-07-05 18:00:00,94.94,1651.0,9559.5,46150.0,49756.0,18.7015,63.5711,1876.0,125.64
2023-07-05 19:00:00,105.3,1017.0,9234.25,47050.0,50519.0,17.3515,72.70339,1634.0,146.5
2023-07-05 20:00:00,118.67,474.0,8872.5,45050.0,49908.0,16.1515,75.41972,1327.0,146.02
2023-07-05 21:00:00,123.08,83.0,8603.25,43100.0,48762.0,16.0515,78.184875,1099.0,141.48
2023-07-05 22:00:00,122.03,0.0,8638.75,43600.0,48840.0,15.1515,76.007065,1001.0,133.72
2023-07-05 23:00:00,114.95,0.0,8263.75,45400.0,48538.0,14.5515,74.652275,1061.0,121.1
2023-07-06 00:00:00,91.62,0.0,7691.25,41800.0,46182.0,13.9515,76.83289,1277.0,119.46
2023-07-06 01:00:00,84.0,0.0,7448.25,38900.0,44755.0,13.3015,79.882034,1226.0,110.06
2023-07-06 02:00:00,82.4,0.0,7248.5,38100.0,43868.0,12.9015,82.54633,1124.0,101.72
2023-07-06 03:00:00,83.05,0.0,7086.75,35900.0,43416.0,12.3015,87.01291,1025.0,97.83
2023-07-06 04:00:00,85.01,0.0,7151.5,34750.0,43417.0,11.9015,90.232605,937.0,98.39
2023-07-06 05:00:00,94.37,11.0,7385.0,35500.0,44171.0,11.6015,92.6524,829.0,102.91
2023-07-06 06:00:00,113.75,239.0,8130.5,37900.0,46468.0,11.5515,93.892624,735.0,117.58
2023-07-06 07:00:00,126.48,738.0,8893.75,42050.0,47740.0,12.6515,89.69006,598.0,129.92
2023-07-06 08:00:00,124.85,1509.0,9385.0,45350.0,49089.0,14.2015,84.36446,498.0,130.31
2023-07-06 09:00:00,110.97,2336.0,9652.0,47100.0,49790.0,15.5015,80.98366,484.0,116.39
2023-07-06 10:00:00,97.2,3007.0,9805.25,48050.0,49716.0,17.1015,72.4198,511.0,105.95
2023-07-06 11:00:00,86.69,3438.0,9980.75,48650.0,48639.0,17.9015,67.5071,544.0,98.6
2023-07-06 12:00:00,89.02,3633.0,9851.0,49800.0,49716.0,19.0015,61.16582,554.0,96.99
2023-07-06 13:00:00,84.99,3705.0,9798.75,50250.0,50541.0,20.0515,54.88352,487.0,96.12
2023-07-06 14:00:00,91.16,3579.0,9674.5,49100.0,50066.0,20.3015,51.748737,416.0,98.6
2023-07-06 15:00:00,84.05,3299.0,9544.25,47900.0,49514.0,20.6515,50.47436,356.0,100.0
2023-07-06 16:00:00,88.1,2863.0,9442.5,46900.0,49237.0,20.9515,48.892044,286.0,101.12
2023-07-06 17:00:00,98.87,2361.0,9379.0,45650.0,50742.0,21.4015,47.401382,216.0,112.03
2023-07-06 18:00:00,110.68,1741.0,9247.5,46350.0,51444.0,21.1515,47.651737,158.0,124.04
2023-07-06 19:00:00,130.54,1043.0,9038.75,47400.0,51781.0,21.1015,50.090755,101.0,129.79
2023-07-06 20:00:00,151.25,474.0,8816.75,45500.0,50563.0,20.8015,56.548336,78.0,142.57
2023-07-06 21:00:00,150.01,82.0,8488.25,43300.0,50138.0,20.8515,53.292202,78.0,136.65
2023-07-06 22:00:00,124.94,0.0,8484.25,43200.0,50629.0,17.2515,68.27154,96.0,132.13
2023-07-06 23:00:00,118.98,0.0,8118.5,45300.0,50288.0,15.8015,72.90549,137.0,116.45
2023-07-07 00:00:00,114.0,0.0,7680.75,43050.0,48375.0,15.3515,73.80073,326.0,115.28
2023-07-07 01:00:00,101.87,0.0,7387.75,40000.0,47492.0,14.6015,79.27167,486.0,103.4
2023-07-07 02:00:00,97.6,0.0,7270.0,39300.0,46266.0,14.2515,79.74982,672.0,96.58
2023-07-07 03:00:00,90.04,0.0,7172.0,36900.0,45727.0,13.9015,80.23318,835.0,90.62
2023-07-07 04:00:00,81.56,0.0,7261.5,35600.0,45207.0,13.8015,79.42069,961.0,88.79
2023-07-07 05:00:00,90.23,5.0,7545.25,35950.0,46051.0,13.7515,77.576744,1049.0,95.03
2023-07-07 06:00:00,102.26,234.0,8112.0,38500.0,47379.0,13.5015,78.05976,1068.0,107.46
2023-07-07 07:00:00,116.01,822.0,8782.0,42450.0,49071.0,14.7515,75.437454,993.0,126.82
2023-07-07 08:00:00,108.0,1810.0,9252.75,46000.0,50535.0,17.1515,72.191,795.0,125.78
2023-07-07 09:00:00,91.79,2950.0,9482.5,48100.0,50841.0,19.9015,69.92529,527.0,111.84
2023-07-07 10:00:00,84.0,3999.0,9672.5,49300.0,49592.0,22.6015,61.992714,365.0,105.7
2023-07-07 11:00:00,79.12,4830.0,9853.5,50200.0,49810.0,24.5515,45.338875,311.0,98.66
2023-07-07 12:00:00,74.9,5298.0,9777.75,51300.0,49945.0,25.6515,41.08426,281.0,99.5
2023-07-07 13:00:00,66.57,5417.0,9677.25,51250.0,49636.0,26.5015,38.940826,270.0,91.52
2023-07-07 14:00:00,64.98,5200.0,9522.25,49550.0,49182.0,27.0515,38.58283,291.0,88.46
2023-07-07 15:00:00,66.18,4705.0,9370.5,48650.0,48678.0,27.8015,35.253803,332.0,75.4
2023-07-07 16:00:00,80.29,4026.0,9261.75,47300.0,49019.0,27.3515,36.314297,392.0,78.77
2023-07-07 17:00:00,90.0,3196.0,9215.0,46600.0,50239.0,27.7515,36.3063,490.0,77.53
2023-07-07 18:00:00,104.48,2185.0,9097.25,47400.0,51187.0,27.8015,36.561142,586.0,95.3
2023-07-07 19:00:00,122.67,1090.0,8870.0,47850.0,51058.0,27.3515,43.63627,666.0,112.17
2023-07-07 20:00:00,139.55,382.0,8722.25,46200.0,50360.0,25.2515,48.4437,751.0,124.58
2023-07-07 21:00:00,130.03,79.0,8444.5,44400.0,50277.0,23.6015,51.423176,940.0,122.0
2023-07-07 22:00:00,117.27,0.0,8514.75,44600.0,50405.0,21.8515,54.259872,1196.0,116.73
2023-07-07 23:00:00,101.56,0.0,8166.5,47050.0,48857.0,21.1515,54.4394,1382.0,109.47
2023-07-08 00:00:00,100.27,0.0,7876.5,42850.0,47058.0,20.8015,53.990948,1650.0,94.41
2023-07-08 01:00:00,90.52,0.0,7531.0,39850.0,45940.0,20.1515,53.287876,1702.0,81.17
2023-07-08 02:00:00,89.97,0.0,7276.25,38750.0,43017.0,17.8515,68.39274,1586.0,68.09
2023-07-08 03:00:00,80.59,0.0,7080.75,36350.0,41726.0,17.0515,71.698814,1391.0,43.7
2023-07-08 04:00:00,75.43,0.0,7024.25,34950.0,40716.0,16.3515,75.204704,1176.0,31.09
2023-07-08 05:00:00,77.52,5.0,6990.25,34800.0,40706.0,15.8515,77.64192,983.0,24.74
2023-07-08 06:00:00,79.37,231.0,7057.0,35000.0,41331.0,15.5515,79.66963,825.0,36.1
2023-07-08 07:00:00,85.16,808.0,7367.5,36550.0,41886.0,16.9515,77.30252,699.0,32.1
2023-07-08 08:00:00,83.72,1721.0,7771.5,38800.0,43104.0,19.7015,71.02722,539.0,69.09
2023-07-08 09:00:00,76.04,2766.0,8255.5,41900.0,43235.0,22.4015,69.07166,347.0,57.35
2023-07-08 10:00:00,60.9,3742.0,8492.5,43450.0,43235.0,24.9015,61.52779,202.0,43.86
2023-07-08 11:00:00,46.32,4484.0,8627.25,44650.0,43088.0,27.2015,54.213047,146.0,24.61
2023-07-08 12:00:00,38.58,4873.0,8629.75,46850.0,43587.0,28.7515,45.74361,114.0,16.83
2023-07-08 13:00:00,32.78,4806.0,8428.5,47300.0,43603.0,29.6515,42.32768,119.0,4.43
2023-07-08 14:00:00,25.32,4317.0,8211.75,45300.0,43111.0,30.6015,43.132454,134.0,0.07
2023-07-08 15:00:00,40.0,3561.0,8072.0,44850.0,43052.0,31.2015,41.945717,142.0,0.43
2023-07-08 16:00:00,60.9,2775.0,8102.5,43850.0,44493.0,31.1515,42.873043,142.0,5.53
2023-07-08 17:00:00,83.4,2077.0,8246.5,43400.0,47254.0,29.9515,49.064556,171.0,25.48
2023-07-08 18:00:00,107.3,1479.0,8368.75,43900.0,48840.0,29.4015,51.122807,163.0,46.62
2023-07-08 19:00:00,120.98,938.0,8312.0,44450.0,48767.0,29.2015,51.71674,139.0,71.56
2023-07-08 20:00:00,128.76,451.0,8135.5,42950.0,48030.0,28.6015,59.347496,178.0,84.3
2023-07-08 21:00:00,132.86,70.0,8020.25,41750.0,47432.0,26.7015,70.32535,264.0,92.05
2023-07-08 22:00:00,129.71,0.0,8116.0,42000.0,47650.0,24.2515,75.53081,322.0,93.32
2023-07-08 23:00:00,115.92,0.0,7883.0,44350.0,47539.0,23.6015,75.42649,339.0,89.86
2023-07-09 00:00:00,109.44,0.0,7521.5,40050.0,45356.0,22.6515,75.98536,90.0,16.45
2023-07-09 01:00:00,101.74,0.0,7228.25,37250.0,44459.0,22.2015,77.36026,104.0,3.17
2023-07-09 02:00:00,101.82,0.0,6981.75,35950.0,43837.0,22.2015,78.33787,125.0,0.01
2023-07-09 03:00:00,95.47,0.0,6921.5,33650.0,43566.0,21.1515,81.71417,161.0,0.0
2023-07-09 04:00:00,95.94,0.0,6868.75,32350.0,42970.0,19.6015,87.12986,200.0,-0.03
2023-07-09 05:00:00,97.04,7.0,6740.5,31800.0,40983.0,20.5515,82.415695,221.0,-0.05
2023-07-09 06:00:00,94.8,262.0,6844.75,31550.0,40778.0,18.6515,91.28325,212.0,-0.05
2023-07-09 07:00:00,91.33,827.0,7007.25,32750.0,39519.0,20.2015,86.63822,193.0,-0.49
2023-07-09 08:00:00,86.16,1614.0,7332.5,34700.0,39279.0,21.6515,82.807526,126.0,-2.9
2023-07-09 09:00:00,77.02,2589.0,7726.5,37300.0,39830.0,21.8015,77.543724,70.0,-13.7
2023-07-09 10:00:00,60.08,3414.0,7928.75,39650.0,40244.0,23.9515,68.93668,52.0,-23.07
2023-07-09 11:00:00,50.06,3900.0,8169.0,41650.0,41182.0,25.2015,65.18802,75.0,-6.46
2023-07-09 12:00:00,47.13,3945.0,8271.0,43550.0,41309.0,26.0015,63.34521,120.0,0.0
2023-07-09 13:00:00,37.02,3601.0,8146.0,43850.0,41276.0,23.1515,78.47529,174.0,-17.0
2023-07-09 14:00:00,44.89,3009.0,7975.5,41500.0,41081.0,25.6015,66.093544,244.0,-100.0
2023-07-09 15:00:00,55.22,2500.0,7846.0,40700.0,41500.0,25.6015,66.923965,247.0,-120.0
2023-07-09 16:00:00,72.93,1944.0,7805.75,39650.0,44018.0,25.3015,67.49282,210.0,-100.0
2023-07-09 17:00:00,82.4,1342.0,7956.5,39850.0,46533.0,25.6015,67.13301,211.0,-32.74
2023-07-09 18:00:00,101.23,992.0,8189.75,41050.0,48231.0,25.4015,66.88342,227.0,-3.86
2023-07-09 19:00:00,110.62,707.0,8249.75,42900.0,48590.0,24.0015,68.51402,238.0,7.94
2023-07-09 20:00:00,128.42,378.0,8270.75,42250.0,47922.0,22.9515,69.838615,238.0,69.8
2023-07-09 21:00:00,134.1,55.0,8144.25,40750.0,47765.0,22.4015,69.51229,206.0,85.7
2023-07-09 22:00:00,132.12,0.0,8160.75,41150.0,47945.0,20.8515,71.46972,212.0,94.9
2023-07-09 23:00:00,119.6,0.0,7830.0,43250.0,46576.0,19.4015,80.71614,283.0,86.08
2023-07-10 00:00:00,112.49,0.0,7648.75,40600.0,45845.0,19.0015,81.18094,396.0,66.0
2023-07-10 01:00:00,102.0,0.0,7420.5,37200.0,44545.0,18.0515,82.90373,493.0,43.5
2023-07-10 02:00:00,94.3,0.0,7193.0,36400.0,42956.0,16.4015,84.88336,532.0,24.09
2023-07-10 03:00:00,91.94,0.0,7136.25,34450.0,42243.0,16.001501,86.793106,547.0,10.26
2023-07-10 04:00:00,93.31,0.0,7202.25,33500.0,42032.0,15.4015,89.31523,557.0,15.8
2023-07-10 05:00:00,105.05,7.0,7479.0,34650.0,42950.0,15.5515,88.46064,553.0,54.0
2023-07-10 06:00:00,117.25,230.0,8021.25,37250.0,44449.0,15.2515,89.59452,566.0,86.0
2023-07-10 07:00:00,127.84,743.0,8638.5,41500.0,45865.0,16.0515,85.67749,492.0,110.89
2023-07-10 08:00:00,134.27,1548.0,9177.75,44950.0,47275.0,17.7015,80.22879,423.0,104.91
2023-07-10 09:00:00,117.95,2545.0,9571.25,47300.0,47830.0,19.3015,75.44628,379.0,68.53
2023-07-10 10:00:00,105.28,3425.0,9794.25,48800.0,48861.0,20.6515,67.628105,389.0,27.86
2023-07-10 11:00:00,90.82,3968.0,9915.5,49850.0,49005.0,21.8515,61.423306,418.0,40.73
2023-07-10 12:00:00,85.34,4334.0,9827.0,51300.0,49483.0,22.4515,59.21906,413.0,0.0
2023-07-10 13:00:00,71.99,4643.0,9834.0,51900.0,49138.0,23.2515,55.509834,360.0,11.04
2023-07-10 14:00:00,82.3,4718.0,9664.5,50800.0,48928.0,23.9015,53.03209,319.0,-4.99
2023-07-10 15:00:00,82.62,4414.0,9523.75,49850.0,48683.0,24.6515,50.53618,292.0,-1.04
2023-07-10 16:00:00,79.89,3767.0,9419.75,48850.0,48558.0,25.1015,49.840183,286.0,4.8
2023-07-10 17:00:00,92.13,2920.0,9529.0,47900.0,48918.0,25.5015,48.040268,298.0,42.37
2023-07-10 18:00:00,123.19,1975.0,9477.75,48450.0,49457.0,25.6515,46.390743,319.0,90.09
2023-07-10 19:00:00,165.49,1079.0,9261.0,49700.0,50394.0,25.7515,45.22226,324.0,116.83
2023-07-10 20:00:00,173.42,466.0,8977.5,47950.0,49409.0,25.3515,52.890587,277.0,124.97
2023-07-10 21:00:00,159.5,79.0,8723.75,45750.0,48130.0,23.5515,61.61346,227.0,128.36
2023-07-10 22:00:00,160.37,0.0,8747.75,46000.0,47979.0,22.0515,63.28143,186.0,121.52
2023-07-10 23:00:00,133.7,0.0,8390.75,47750.0,47167.0,19.7515,72.19302,179.0,114.7
2023-07-11 00:00:00,124.41,0.0,7851.75,43500.0,45214.0,18.0015,75.477585,388.0,97.22
2023-07-11 01:00:00,113.71,0.0,7600.25,40650.0,44306.0,16.9515,83.03998,517.0,81.88
2023-07-11 02:00:00,104.6,0.0,7380.5,39750.0,43557.0,16.4515,83.793434,693.0,71.75
2023-07-11 03:00:00,94.59,0.0,7335.5,37650.0,43100.0,16.2015,85.97151,899.0,65.77
2023-07-11 04:00:00,84.5,0.0,7402.25,36700.0,42508.0,16.5515,85.45154,1117.0,70.56
2023-07-11 05:00:00,82.0,7.0,7593.5,37800.0,43186.0,17.5015,79.16783,1305.0,85.49
2023-07-11 06:00:00,94.76,201.0,8101.25,40050.0,44783.0,18.0515,73.54514,1512.0,113.77
2023-07-11 07:00:00,116.12,682.0,8725.25,43900.0,46332.0,18.9015,70.87715,1604.0,119.97
2023-07-11 08:00:00,120.95,1594.0,9219.0,47400.0,47874.0,20.5015,69.1433,1451.0,113.29
2023-07-11 09:00:00,105.1,2670.0,9560.25,49700.0,48225.0,22.1515,64.53718,1445.0,123.93
2023-07-11 10:00:00,92.98,3634.0,9706.0,51450.0,49117.0,23.8515,59.359303,1529.0,118.57
2023-07-11 11:00:00,77.34,4425.0,9875.25,52350.0,49960.0,25.0015,54.702938,1682.0,77.63
2023-07-11 12:00:00,50.13,4885.0,9767.5,53650.0,50485.0,26.0515,52.226784,1840.0,100.0
2023-07-11 13:00:00,37.31,5018.0,9775.0,54150.0,50331.0,27.0515,50.031994,1998.0,64.17
2023-07-11 14:00:00,41.48,4901.0,9680.0,53400.0,49664.0,27.7515,46.35886,2194.0,57.62
2023-07-11 15:00:00,65.0,4418.0,9523.75,52250.0,49541.0,28.4015,43.50168,2325.0,51.61
2023-07-11 16:00:00,85.69,3658.0,9457.25,51250.0,49391.0,27.9515,44.800793,2363.0,84.29
2023-07-11 17:00:00,95.73,2785.0,9553.25,50500.0,50019.0,27.7515,46.21019,2229.0,93.68
2023-07-11 18:00:00,115.27,1862.0,9586.0,51000.0,51493.0,28.0015,45.68736,2046.0,116.75
2023-07-11 19:00:00,119.19,1044.0,9403.5,51700.0,51694.0,27.4515,47.331112,1905.0,137.05
2023-07-11 20:00:00,133.1,450.0,9069.75,49350.0,50509.0,26.0515,56.20272,1951.0,154.62
2023-07-11 21:00:00,129.76,66.0,8810.0,46800.0,49954.0,22.8515,71.60778,2046.0,156.78
2023-07-11 22:00:00,120.05,0.0,8823.75,46600.0,50111.0,20.6015,87.769295,2197.0,142.5
2023-07-11 23:00:00,103.18,0.0,8386.25,48050.0,50447.0,20.1015,86.08484,2340.0,124.09
2023-07-12 00:00:00,98.47,0.0,7914.75,45150.0,46010.0,20.0015,80.53914,2124.0,115.54
2023-07-12 01:00:00,91.0,0.0,7629.25,41750.0,45442.0,18.8515,80.64295,2305.0,99.98
2023-07-12 02:00:00,90.0,0.0,7349.25,40450.0,43834.0,17.6015,69.70755,2391.0,92.51
2023-07-12 03:00:00,82.09,0.0,7208.0,38150.0,42520.0,15.9515,87.92236,2347.0,72.85
2023-07-12 04:00:00,78.45,0.0,7235.25,37050.0,42622.0,15.9515,87.353745,2289.0,67.87
2023-07-12 05:00:00,77.56,4.0,7492.0,37950.0,43157.0,15.7515,89.923515,2272.0,68.59
2023-07-12 06:00:00,90.58,201.0,8057.75,40250.0,44923.0,15.2515,91.358345,2215.0,76.39
2023-07-12 07:00:00,115.9,731.0,8735.25,43500.0,46112.0,15.4515,90.4867,2129.0,93.02
2023-07-12 08:00:00,120.0,1348.0,9182.5,47200.0,48168.0,16.5015,85.169846,2008.0,98.35
2023-07-12 09:00:00,103.0,2155.0,9450.25,49800.0,47989.0,17.2015,80.42113,1878.0,82.4
2023-07-12 10:00:00,86.36,3008.0,9562.5,51400.0,48642.0,18.5015,73.146545,1782.0,73.44
2023-07-12 11:00:00,57.31,3700.0,9701.5,52200.0,49028.0,19.6515,65.26033,1836.0,39.82
2023-07-12 12:00:00,32.73,4092.0,9618.0,53300.0,49400.0,20.7015,58.800663,1958.0,18.58
2023-07-12 13:00:00,15.0,4249.0,9589.25,53800.0,48892.0,21.2515,56.10409,2131.0,19.42
2023-07-12 14:00:00,0.0,4235.0,9396.5,53100.0,47996.0,21.2515,56.474197,2414.0,21.68
2023-07-12 15:00:00,-5.26,4009.0,9309.0,52050.0,47778.0,22.0015,50.66562,2696.0,40.64
2023-07-12 16:00:00,22.47,3618.0,9237.75,50750.0,47636.0,22.8515,45.472485,2856.0,22.0
2023-07-12 17:00:00,75.49,2985.0,9329.75,50100.0,49393.0,22.7515,43.80409,2949.0,60.33
2023-07-12 18:00:00,87.6,2067.0,9304.25,50050.0,50811.0,22.1015,41.890682,3021.0,94.94
2023-07-12 19:00:00,103.93,1044.0,9044.75,51450.0,52380.0,21.4515,43.29327,3004.0,105.3
2023-07-12 20:00:00,108.36,371.0,8785.5,49700.0,52215.0,20.5015,48.769966,2873.0,118.67
2023-07-12 21:00:00,115.0,60.0,8476.25,47250.0,51981.0,19.5015,53.118626,2709.0,123.08
2023-07-12 22:00:00,124.39,0.0,8542.5,47000.0,51907.0,18.1515,57.213688,2554.0,122.03
2023-07-12 23:00:00,114.02,0.0,8227.75,48250.0,51170.0,17.1515,63.859863,2429.0,114.95
2023-07-13 00:00:00,105.07,0.0,7793.75,42800.0,46299.0,16.3515,71.095795,2351.0,91.62
2023-07-13 01:00:00,86.25,0.0,7457.25,39300.0,45411.0,15.7015,75.84524,2177.0,84.0
2023-07-13 02:00:00,78.44,0.0,7323.5,38650.0,44137.0,15.1515,77.02238,1967.0,82.4
2023-07-13 03:00:00,73.86,0.0,7270.0,36200.0,43437.0,14.4515,82.464676,1779.0,83.05
2023-07-13 04:00:00,74.64,0.0,7275.0,35950.0,43241.0,14.1515,86.04606,1589.0,85.01
2023-07-13 05:00:00,88.26,4.0,7450.5,36700.0,43990.0,13.9015,89.49052,1451.0,94.37
2023-07-13 06:00:00,101.72,189.0,8041.25,38650.0,45408.0,13.7015,92.46421,1326.0,113.75
2023-07-13 07:00:00,109.7,715.0,8729.75,42250.0,47121.0,14.5015,89.53692,1266.0,126.48
2023-07-13 08:00:00,119.1,1345.0,9193.0,45950.0,48904.0,16.0515,82.39234,1228.0,124.85
2023-07-13 09:00:00,104.15,2080.0,9480.5,48450.0,48913.0,17.1515,77.58607,1134.0,110.97
2023-07-13 10:00:00,89.29,2652.0,9613.0,49800.0,50272.0,18.1515,72.13686,1098.0,97.2
2023-07-13 11:00:00,81.54,2864.0,9795.75,50600.0,50981.0,19.2515,67.12253,1150.0,86.69
2023-07-13 12:00:00,77.32,2939.0,9650.75,51300.0,51662.0,19.8515,62.17479,1255.0,89.02
2023-07-13 13:00:00,52.78,3068.0,9601.5,51600.0,51182.0,20.3515,57.94745,1365.0,84.99
2023-07-13 14:00:00,55.55,3235.0,9480.25,50650.0,50512.0,19.8515,66.81003,1501.0,91.16
2023-07-13 15:00:00,52.3,3280.0,9372.5,49900.0,50442.0,19.9015,60.373524,1603.0,84.05
2023-07-13 16:00:00,76.3,3059.0,9275.5,48550.0,49967.0,21.0515,54.055157,1751.0,88.1
2023-07-13 17:00:00,87.0,2525.0,9301.75,47200.0,50605.0,21.3515,51.16882,1921.0,98.87
2023-07-13 18:00:00,93.0,1798.0,9246.75,48100.0,51784.0,21.3015,50.985806,1944.0,110.68
2023-07-13 19:00:00,117.84,1020.0,9059.75,48500.0,52047.0,21.3515,50.99906,1995.0,130.54
2023-07-13 20:00:00,130.98,404.0,8790.5,45600.0,51503.0,20.9015,52.60194,1952.0,151.25
2023-07-13 21:00:00,137.05,58.0,8501.75,42500.0,50752.0,19.6515,58.93581,1824.0,150.01
2023-07-13 22:00:00,129.57,0.0,8510.0,43150.0,50368.0,18.3015,63.692287,1707.0,124.94
2023-07-13 23:00:00,117.72,0.0,8183.0,46550.0,49826.0,18.0515,64.91431,1624.0,118.98
2023-07-14 00:00:00,101.0,0.0,7755.5,42050.0,47004.0,18.0015,65.33446,1314.0,114.0
2023-07-14 01:00:00,96.36,0.0,7436.0,39050.0,46411.0,16.6015,72.568115,1130.0,101.87
2023-07-14 02:00:00,89.33,0.0,7286.75,37450.0,44906.0,15.6015,79.15389,969.0,97.6
2023-07-14 03:00:00,77.33,0.0,7133.5,34550.0,43868.0,14.7015,82.768265,810.0,90.04
2023-07-14 04:00:00,82.14,0.0,7202.75,32950.0,43228.0,14.4515,82.464676,658.0,81.56
2023-07-14 05:00:00,85.99,4.0,7373.0,32150.0,43395.0,14.0015,84.34202,558.0,90.23
2023-07-14 06:00:00,88.89,197.0,7857.75,32000.0,44791.0,14.2515,83.537994,477.0,102.26
2023-07-14 07:00:00,102.27,769.0,8471.25,32750.0,46274.0,15.1515,80.93702,402.0,116.01
2023-07-14 08:00:00,95.78,1340.0,8916.5,34550.0,49422.0,16.3015,77.96606,346.0,108.0
2023-07-14 09:00:00,85.07,1890.0,9226.25,37300.0,50312.0,17.0515,75.5681,292.0,91.79
2023-07-14 10:00:00,79.71,2362.0,9411.25,39500.0,50498.0,18.9015,69.732086,269.0,84.0
2023-07-14 11:00:00,75.23,2580.0,9638.5,40900.0,50317.0,20.2015,63.903717,283.0,79.12
2023-07-14 12:00:00,73.9,2460.0,9551.75,42250.0,51099.0,21.2015,59.50144,301.0,74.9
2023-07-14 13:00:00,66.15,2470.0,9476.25,42450.0,51161.0,21.9515,55.5464,352.0,66.57
2023-07-14 14:00:00,62.19,2647.0,9359.25,39900.0,50316.0,23.3515,54.996822,467.0,64.98
2023-07-14 15:00:00,65.55,2677.0,9224.75,39000.0,48710.0,24.1515,47.36438,658.0,66.18
2023-07-14 16:00:00,56.98,2453.0,9100.75,38000.0,48280.0,25.0515,44.005276,856.0,80.29
2023-07-14 17:00:00,66.79,1981.0,9109.25,38050.0,48410.0,25.3015,41.122425,1045.0,90.0
2023-07-14 18:00:00,78.17,1324.0,8969.25,38700.0,50864.0,24.1015,48.292988,1222.0,104.48
2023-07-14 19:00:00,92.23,804.0,8733.5,40300.0,52034.0,25.8015,44.067596,1379.0,122.67
2023-07-14 20:00:00,106.91,368.0,8600.75,39900.0,51151.0,25.3015,47.83063,1564.0,139.55
2023-07-14 21:00:00,100.02,44.0,8381.0,38950.0,50658.0,24.3515,52.6337,1744.0,130.03
2023-07-14 22:00:00,95.47,0.0,8393.25,39450.0,50782.0,24.2015,49.117416,2033.0,117.27
2023-07-14 23:00:00,81.0,0.0,8065.0,41100.0,50081.0,24.4015,43.825314,2110.0,101.56
2023-07-15 00:00:00,72.17,0.0,7652.5,39850.0,45492.0,24.3015,40.84183,2461.0,100.27
2023-07-15 01:00:00,52.66,0.0,7404.0,36900.0,43536.0,23.6515,44.496216,2386.0,90.52
2023-07-15 02:00:00,29.15,0.0,7150.75,35700.0,41158.0,24.4015,41.41893,2260.0,89.97
2023-07-15 03:00:00,19.95,0.0,7021.75,33350.0,40519.0,22.9015,46.86842,2076.0,80.59
2023-07-15 04:00:00,10.0,0.0,6964.25,32600.0,40323.0,20.3015,57.74438,1977.0,75.43
2023-07-15 05:00:00,13.69,3.0,6884.25,32700.0,40308.0,19.4015,63.101765,1821.0,77.52
2023-07-15 06:00:00,19.74,186.0,6983.5,33100.0,40693.0,20.1015,60.81898,1686.0,79.37
2023-07-15 07:00:00,22.6,746.0,7307.25,34600.0,41230.0,20.4515,66.717735,1525.0,85.16
2023-07-15 08:00:00,29.95,1364.0,7670.75,37100.0,42311.0,20.9515,73.57435,1547.0,83.72
2023-07-15 09:00:00,17.41,1978.0,8102.0,40200.0,43851.0,21.9015,72.578,1797.0,76.04
2023-07-15 10:00:00,4.6,2435.0,8363.75,42150.0,43560.0,23.2015,67.49554,2134.0,60.9
2023-07-15 11:00:00,0.0,2697.0,8534.5,43450.0,41719.0,23.5515,65.87552,2392.0,46.32
2023-07-15 12:00:00,-0.02,2776.0,8563.0,45200.0,42244.0,24.6015,60.683662,2695.0,38.58
2023-07-15 13:00:00,-0.18,2768.0,8357.75,45650.0,42623.0,25.5515,51.763718,2962.0,32.78
2023-07-15 14:00:00,-1.01,2500.0,8184.25,43850.0,42572.0,25.0515,56.315994,3353.0,25.32
2023-07-15 15:00:00,-0.1,2304.0,8068.25,42550.0,42546.0,25.2015,53.53659,3599.0,40.0
2023-07-15 16:00:00,-0.01,2156.0,8085.75,41550.0,42465.0,25.5015,51.25292,3758.0,60.9
2023-07-15 17:00:00,1.06,1883.0,8243.0,41200.0,41990.0,24.2015,52.7659,3816.0,83.4
2023-07-15 18:00:00,42.0,1491.0,8270.75,42150.0,43962.0,23.1515,59.57648,3719.0,107.3
2023-07-15 19:00:00,69.08,957.0,8160.75,42800.0,45798.0,22.9015,60.29006,3507.0,120.98
2023-07-15 20:00:00,88.65,394.0,8094.0,41550.0,45383.0,22.1515,58.57407,3332.0,128.76
2023-07-15 21:00:00,84.03,51.0,7953.25,40150.0,44476.0,20.8515,63.01429,3206.0,132.86
2023-07-15 22:00:00,83.03,0.0,8058.5,40750.0,44796.0,19.5015,65.87117,3137.0,129.71
2023-07-15 23:00:00,71.82,0.0,7850.0,43100.0,44751.0,18.2515,71.21864,3118.0,115.92
2023-07-16 00:00:00,57.1,0.0,7439.0,39450.0,40299.0,17.3515,76.112785,3080.0,109.44
2023-07-16 01:00:00,19.68,0.0,7150.5,36400.0,38172.0,17.2015,76.08865,3197.0,101.74
2023-07-16 02:00:00,1.52,0.0,6964.5,35250.0,36699.0,16.4015,74.71916,3385.0,101.82
2023-07-16 03:00:00,-0.09,0.0,6861.75,32500.0,35501.0,16.6515,68.37664,3572.0,95.47
2023-07-16 04:00:00,-0.14,0.0,6850.5,31350.0,34515.0,16.9015,64.232124,3693.0,95.94
2023-07-16 05:00:00,-0.42,3.0,6808.0,31100.0,33984.0,16.6015,66.34727,3748.0,97.04
2023-07-16 06:00:00,-4.4,161.0,6810.0,30900.0,33782.0,16.2015,67.831116,3790.0,94.8
2023-07-16 07:00:00,-11.01,672.0,6967.75,31750.0,34004.0,16.2515,68.52357,3777.0,91.33
2023-07-16 08:00:00,-10.7,1486.0,7235.75,33650.0,34993.0,17.0015,67.097946,3868.0,86.16
2023-07-16 09:00:00,-14.7,2211.0,7561.75,36450.0,36661.0,18.0015,64.26158,3985.0,77.02
2023-07-16 10:00:00,-19.66,2565.0,7851.75,38600.0,37659.0,19.1015,59.787003,3949.0,60.08
2023-07-16 11:00:00,-27.27,2806.0,8083.25,40200.0,38132.0,19.4515,58.49844,3835.0,50.06
2023-07-16 12:00:00,-37.21,3199.0,8159.25,42000.0,38052.0,20.3515,54.77778,3710.0,47.13
2023-07-16 13:00:00,-65.43,3540.0,8040.75,42600.0,37604.0,21.9515,48.02989,3568.0,37.02
2023-07-16 14:00:00,-73.76,3614.0,7847.0,40500.0,36992.0,20.7515,53.799362,3440.0,44.89
2023-07-16 15:00:00,-49.26,3406.0,7620.5,39300.0,36765.0,20.8515,52.414337,3311.0,55.22
2023-07-16 16:00:00,-26.21,2826.0,7671.5,38600.0,37409.0,21.9015,51.65468,3173.0,72.93
2023-07-16 17:00:00,-5.01,2146.0,7857.25,38650.0,37244.0,22.2015,51.563095,3002.0,82.4
2023-07-16 18:00:00,31.04,1496.0,8055.0,39700.0,39496.0,19.6015,64.82412,2827.0,101.23
2023-07-16 19:00:00,91.44,925.0,8115.5,41700.0,43876.0,19.6015,65.67748,2645.0,110.62
2023-07-16 20:00:00,99.7,398.0,8046.0,41150.0,43865.0,19.8515,62.379166,2477.0,128.42
2023-07-16 21:00:00,109.25,46.0,7954.0,39950.0,44105.0,19.1515,65.36677,2358.0,134.1
2023-07-16 22:00:00,114.35,0.0,7982.75,40800.0,44962.0,16.7015,81.67213,2315.0,132.12
2023-07-16 23:00:00,108.38,0.0,7648.75,42950.0,45202.0,16.4015,84.88336,2330.0,119.6
2023-07-17 00:00:00,83.0,0.0,7314.75,39200.0,44747.0,16.001501,85.95133,2299.0,112.49
2023-07-17 01:00:00,60.77,0.0,7099.75,36300.0,43336.0,15.6015,88.17781,2365.0,102.0
2023-07-17 02:00:00,53.28,0.0,6917.75,35700.0,41904.0,15.2515,89.59452,2367.0,94.3
2023-07-17 03:00:00,50.0,0.0,6851.75,33900.0,41002.0,14.8515,91.03572,2346.0,91.94
2023-07-17 04:00:00,54.74,0.0,6898.5,33250.0,41638.0,14.4015,93.71759,2279.0,93.31
2023-07-17 05:00:00,52.8,3.0,7125.75,34650.0,43505.0,14.1015,94.00969,2179.0,105.05
2023-07-17 06:00:00,77.21,169.0,7627.25,37000.0,45176.0,13.8015,93.68909,2077.0,117.25
2023-07-17 07:00:00,81.56,696.0,8179.75,40850.0,46653.0,14.3015,90.10995,2011.0,127.84
2023-07-17 08:00:00,108.28,1721.0,8664.75,44750.0,48121.0,15.5015,83.13755,2022.0,134.27
2023-07-17 09:00:00,96.39,2668.0,8993.25,47400.0,48092.0,16.7515,74.532974,2079.0,117.95
2023-07-17 10:00:00,74.47,3321.0,9257.0,49050.0,46956.0,17.8515,70.67856,2126.0,105.28
2023-07-17 11:00:00,33.78,3629.0,9371.25,50250.0,46734.0,19.0015,64.69371,2216.0,90.82
2023-07-17 12:00:00,68.8,3640.0,9303.0,51350.0,48168.0,20.3015,58.31863,2359.0,85.34
2023-07-17 13:00:00,0.52,3649.0,9293.0,51900.0,46733.0,21.0015,56.598045,2500.0,71.99
2023-07-17 14:00:00,-1.3,3679.0,9135.5,51050.0,46784.0,20.3515,51.935196,2623.0,82.3
2023-07-17 15:00:00,7.69,3582.0,8970.75,50050.0,46778.0,19.5515,63.34305,2620.0,82.62
2023-07-17 16:00:00,51.76,3295.0,8943.5,48900.0,47631.0,20.3015,56.986465,2619.0,79.89
2023-07-17 17:00:00,62.65,2842.0,9096.5,48000.0,48980.0,21.1515,55.345047,2569.0,92.13
2023-07-17 18:00:00,71.2,2050.0,9086.25,48300.0,51127.0,20.9015,49.372135,2462.0,123.19
2023-07-17 19:00:00,97.41,1038.0,8915.25,49250.0,51056.0,21.1015,46.06237,2291.0,165.49
2023-07-17 20:00:00,109.21,331.0,8601.25,47300.0,49979.0,20.5015,48.769966,2047.0,173.42
2023-07-17 21:00:00,124.31,47.0,8380.5,44800.0,49556.0,18.9515,54.969555,1757.0,159.5
2023-07-17 22:00:00,125.72,0.0,8417.25,45000.0,49506.0,17.1015,60.92423,1559.0,160.37
2023-07-17 23:00:00,110.81,0.0,8037.25,46900.0,49199.0,15.9015,66.86761,1403.0,133.7
2023-07-18 00:00:00,99.98,0.0,7507.25,42600.0,47567.0,15.0515,71.564,1114.0,124.41
2023-07-18 01:00:00,68.46,0.0,7258.0,39650.0,46574.0,14.3515,75.87629,862.0,113.71
2023-07-18 02:00:00,61.19,0.0,7036.0,38800.0,45382.0,13.6015,82.63312,664.0,104.6
2023-07-18 03:00:00,61.04,0.0,6988.5,37050.0,44765.0,13.1515,85.37507,514.0,94.59
2023-07-18 04:00:00,62.98,0.0,7052.0,36050.0,44399.0,12.6515,87.62768,411.0,84.5
2023-07-18 05:00:00,77.43,2.0,7254.0,36900.0,45349.0,12.4515,88.19524,352.0,82.0
2023-07-18 06:00:00,87.3,142.0,7740.5,38950.0,47621.0,12.2515,89.361305,328.0,94.76
2023-07-18 07:00:00,99.34,610.0,8323.25,42750.0,48752.0,13.2515,85.95471,291.0,116.12
2023-07-18 08:00:00,110.0,1507.0,8758.0,45950.0,50148.0,15.0515,80.92369,200.0,120.95
2023-07-18 09:00:00,99.87,2471.0,9046.0,48250.0,50800.0,17.0515,72.64941,122.0,105.1
2023-07-18 10:00:00,86.89,3101.0,9196.0,49600.0,50902.0,18.7515,61.310467,93.0,92.98
2023-07-18 11:00:00,83.86,3541.0,9337.25,50450.0,51565.0,19.6015,55.50429,97.0,77.34
2023-07-18 12:00:00,81.51,4025.0,9243.25,51650.0,52288.0,20.2015,52.418728,98.0,50.13
2023-07-18 13:00:00,77.05,4761.0,9217.25,51900.0,52385.0,21.4015,48.687473,95.0,37.31
2023-07-18 14:00:00,68.83,4958.0,9095.5,51150.0,52336.0,22.5515,45.389584,80.0,41.48
2023-07-18 15:00:00,68.26,4582.0,8960.0,50500.0,52224.0,23.3515,44.561172,65.0,65.0
2023-07-18 16:00:00,74.86,3773.0,8913.0,49850.0,51797.0,23.7015,44.510067,57.0,85.69
2023-07-18 17:00:00,94.17,2877.0,9063.5,48950.0,52618.0,23.8515,43.52755,66.0,95.73
2023-07-18 18:00:00,122.37,1910.0,9101.75,49000.0,53170.0,24.2015,41.77888,95.0,115.27
2023-07-18 19:00:00,168.23,996.0,8934.5,49500.0,52888.0,23.8015,43.081123,141.0,119.19
2023-07-18 20:00:00,187.97,340.0,8650.75,47350.0,51615.0,23.2515,46.19221,179.0,133.1
2023-07-18 21:00:00,164.19,42.0,8416.0,45350.0,51072.0,21.0515,62.244408,207.0,129.76
2023-07-18 22:00:00,139.26,0.0,8433.0,45650.0,51084.0,20.1515,56.761105,207.0,120.05
2023-07-18 23:00:00,112.58,0.0,8003.5,47050.0,50526.0,18.4015,67.83216,191.0,103.18
2023-07-19 00:00:00,108.11,0.0,7509.25,44350.0,47759.0,17.0515,73.61108,149.0,98.47
2023-07-19 01:00:00,101.1,0.0,7213.5,41350.0,46981.0,15.8015,80.49374,171.0,91.0
2023-07-19 02:00:00,97.25,0.0,6932.25,40300.0,46341.0,17.1515,73.1466,205.0,90.0
2023-07-19 03:00:00,88.06,0.0,6795.0,38150.0,45135.0,14.8515,84.43707,272.0,82.09
2023-07-19 04:00:00,75.59,0.0,6831.5,37250.0,44554.0,15.0015,84.17696,356.0,78.45
2023-07-19 05:00:00,80.0,1.0,7098.0,38000.0,45258.0,15.0515,82.810936,460.0,77.56
2023-07-19 06:00:00,73.0,136.0,7639.75,39800.0,46525.0,15.0015,83.07769,583.0,90.58
2023-07-19 07:00:00,107.54,627.0,8268.25,43150.0,48548.0,15.3515,82.03542,632.0,115.9
2023-07-19 08:00:00,113.37,1274.0,8692.25,46550.0,50263.0,16.4015,76.96433,663.0,120.0
2023-07-19 09:00:00,99.9,1963.0,8961.0,49200.0,51433.0,17.8015,68.60833,717.0,103.0
2023-07-19 10:00:00,88.56,2584.0,9080.75,51150.0,52379.0,19.0015,66.19768,840.0,86.36
2023-07-19 11:00:00,81.19,3059.0,9201.25,52450.0,52816.0,20.3515,63.107933,972.0,57.31
2023-07-19 12:00:00,77.18,3281.0,9123.75,53650.0,52453.0,20.7015,60.16601,1077.0,32.73
2023-07-19 13:00:00,69.36,3301.0,9071.5,54100.0,52501.0,21.4015,57.445652,1114.0,15.0
2023-07-19 14:00:00,63.5,3206.0,8863.5,53000.0,52446.0,20.6015,59.35858,1117.0,0.0
2023-07-19 15:00:00,62.95,3009.0,8777.25,51900.0,52333.0,20.3015,60.66628,1116.0,-5.26
2023-07-19 16:00:00,72.28,2674.0,8749.5,50950.0,52438.0,19.9515,61.58824,1081.0,22.47
2023-07-19 17:00:00,76.42,2143.0,8885.5,49850.0,53598.0,20.1515,60.830647,1029.0,75.49
2023-07-19 18:00:00,86.78,1473.0,8886.5,49800.0,53538.0,19.4515,64.79158,890.0,87.6
2023-07-19 19:00:00,105.0,856.0,8645.25,50100.0,53384.0,19.9515,62.60677,725.0,103.93
2023-07-19 20:00:00,110.05,323.0,8409.0,48150.0,52027.0,19.0015,66.19768,523.0,108.36
2023-07-19 21:00:00,115.98,33.0,8156.25,46200.0,51311.0,18.5515,68.98369,366.0,115.0
2023-07-19 22:00:00,114.91,0.0,8247.75,46650.0,50884.0,17.5015,74.416466,260.0,124.39
2023-07-19 23:00:00,101.73,0.0,7930.75,48350.0,49933.0,16.5015,79.54261,214.0,114.02
2023-07-20 00:00:00,98.55,0.0,7433.25,43900.0,47909.0,16.001501,83.46899,377.0,105.07
2023-07-20 01:00:00,94.38,0.0,7111.0,41000.0,47176.0,15.5515,85.06877,310.0,86.25
2023-07-20 02:00:00,81.08,0.0,6965.75,39900.0,46340.0,15.2015,89.882675,269.0,78.44
2023-07-20 03:00:00,74.49,0.0,6912.5,37400.0,45128.0,14.6515,94.64734,236.0,73.86
2023-07-20 04:00:00,74.4,0.0,6921.25,36200.0,44737.0,14.3515,96.18612,202.0,74.64
2023-07-20 05:00:00,76.8,1.0,7085.5,37150.0,45214.0,14.0015,97.43606,161.0,88.26
2023-07-20 06:00:00,98.81,130.0,7610.5,39050.0,46351.0,13.6015,98.38569,115.0,101.72
2023-07-20 07:00:00,108.78,622.0,8225.25,42150.0,47472.0,14.3015,96.49763,66.0,109.7
2023-07-20 08:00:00,111.45,1305.0,8652.0,45600.0,49199.0,15.5515,90.20078,36.0,119.1
2023-07-20 09:00:00,98.91,2132.0,8934.75,48100.0,50224.0,16.8015,79.58492,29.0,104.15
2023-07-20 10:00:00,86.91,2874.0,9093.25,49650.0,50809.0,18.0015,70.93912,30.0,89.29
2023-07-20 11:00:00,74.8,3440.0,9254.75,50600.0,51422.0,19.2015,66.457,34.0,81.54
2023-07-20 12:00:00,71.6,3776.0,9139.25,51700.0,51959.0,20.2515,61.65728,41.0,77.32
2023-07-20 13:00:00,74.8,3836.0,9086.0,52200.0,52394.0,21.2015,56.83409,48.0,52.78
2023-07-20 14:00:00,72.64,3816.0,8955.25,51500.0,52053.0,21.2515,55.00655,59.0,55.55
2023-07-20 15:00:00,74.49,3448.0,8864.5,50700.0,51723.0,21.6515,49.409275,67.0,52.3
2023-07-20 16:00:00,75.62,2779.0,8802.0,49800.0,51128.0,21.8015,45.792725,76.0,76.3
2023-07-20 17:00:00,85.8,2074.0,8853.25,48750.0,51341.0,20.7515,53.621155,80.0,87.0
2023-07-20 18:00:00,103.31,1369.0,8816.5,49150.0,51309.0,19.9515,59.594864,96.0,93.0
2023-07-20 19:00:00,127.27,783.0,8668.0,49550.0,51431.0,19.3015,64.5469,101.0,117.84
2023-07-20 20:00:00,144.29,292.0,8445.5,47400.0,50630.0,19.0515,65.56008,96.0,130.98
2023-07-20 21:00:00,129.87,29.0,8203.75,45300.0,49948.0,18.4015,77.2745,101.0,137.05
2023-07-20 22:00:00,122.41,0.0,8226.25,45600.0,49997.0,17.2515,77.0969,94.0,129.57
2023-07-20 23:00:00,109.87,0.0,7903.5,47400.0,49619.0,16.8015,79.067406,81.0,117.72
2023-07-21 00:00:00,101.16,0.0,7481.75,43250.0,47804.0,16.001501,85.11676,53.0,101.0
2023-07-21 01:00:00,91.54,0.0,7160.0,40150.0,47061.0,15.3015,89.89011,51.0,96.36
2023-07-21 02:00:00,86.99,0.0,6714.5,39050.0,45642.0,14.6015,96.81882,45.0,89.33
2023-07-21 03:00:00,80.98,0.0,6618.75,36850.0,44314.0,13.8015,97.432106,50.0,77.33
2023-07-21 04:00:00,78.27,0.0,6576.25,36100.0,44514.0,12.7515,98.69815,60.0,82.14
2023-07-21 05:00:00,84.37,0.0,6488.75,37000.0,45144.0,12.7515,98.37503,75.0,85.99
2023-07-21 06:00:00,88.29,116.0,6557.5,38900.0,46163.0,12.8515,97.73334,103.0,88.89
2023-07-21 07:00:00,104.51,598.0,6761.25,42150.0,47822.0,13.6515,94.91665,128.0,102.27
2023-07-21 08:00:00,111.51,1216.0,7088.25,45700.0,49232.0,14.7515,91.32622,127.0,95.78
2023-07-21 09:00:00,103.09,2041.0,7456.5,48300.0,50701.0,16.1015,83.48069,129.0,85.07
2023-07-21 10:00:00,94.13,2817.0,7694.75,49700.0,51373.0,17.2015,78.101166,176.0,79.71
2023-07-21 11:00:00,89.16,3320.0,7895.5,50500.0,51583.0,18.2515,72.62735,258.0,75.23
2023-07-21 12:00:00,79.19,3469.0,7931.75,50900.0,52318.0,19.4515,68.26712,356.0,73.9
2023-07-21 13:00:00,81.24,3328.0,7718.0,51000.0,52686.0,20.5015,58.175335,484.0,66.15
2023-07-21 14:00:00,76.42,3117.0,7547.25,49800.0,52891.0,16.9515,76.04832,579.0,62.19
2023-07-21 15:00:00,76.19,2936.0,7424.75,48550.0,52849.0,18.7515,61.718117,617.0,65.55
2023-07-21 16:00:00,75.72,2740.0,7412.5,47400.0,52252.0,20.0515,49.808655,595.0,56.98
2023-07-21 17:00:00,77.82,2516.0,7588.5,46300.0,52081.0,20.2515,43.24946,567.0,66.79
2023-07-21 18:00:00,83.2,1949.0,7824.75,46500.0,52433.0,19.8515,43.432907,491.0,78.17
2023-07-21 19:00:00,103.41,954.0,7874.25,46600.0,51629.0,19.7515,42.5202,427.0,92.23
2023-07-21 20:00:00,113.86,273.0,7861.75,44800.0,50584.0,19.1015,44.57909,370.0,106.91
2023-07-21 21:00:00,110.88,33.0,7828.0,43100.0,49734.0,17.7515,52.65925,353.0,100.02
2023-07-21 22:00:00,109.85,0.0,7912.75,43550.0,49669.0,15.1515,69.22424,330.0,95.47
2023-07-21 23:00:00,96.79,0.0,7677.25,45800.0,49324.0,14.5515,71.71054,330.0,81.0
2023-07-22 00:00:00,97.77,0.0,7390.5,42000.0,47304.0,14.3015,70.466934,439.0,72.17
2023-07-22 01:00:00,98.48,0.0,7137.25,38950.0,46005.0,14.5515,68.408134,485.0,52.66
2023-07-22 02:00:00,93.0,0.0,6944.25,37550.0,45232.0,13.9015,71.34734,539.0,29.15
2023-07-22 03:00:00,94.36,0.0,6867.75,34850.0,44838.0,13.2515,75.950294,574.0,19.95
2023-07-22 04:00:00,89.93,0.0,6856.75,33350.0,44470.0,12.6015,84.46563,614.0,10.0
2023-07-22 05:00:00,88.0,0.0,6891.0,33350.0,44326.0,12.4015,88.19089,703.0,13.69
2023-07-22 06:00:00,88.8,123.0,7056.75,33350.0,44275.0,12.1015,90.54819,820.0,19.74
2023-07-22 07:00:00,86.18,630.0,7276.0,34350.0,44486.0,12.8515,88.81755,947.0,22.6
2023-07-22 08:00:00,82.93,1243.0,7523.75,36750.0,45207.0,14.2015,85.48563,1142.0,29.95
2023-07-22 09:00:00,79.54,1894.0,7931.0,39550.0,44978.0,15.5015,81.51747,1430.0,17.41
2023-07-22 10:00:00,64.0,2514.0,8209.75,41500.0,45389.0,16.9015,75.049545,1671.0,4.6
2023-07-22 11:00:00,46.56,2958.0,8354.5,42750.0,44163.0,18.6515,63.770187,1926.0,0.0
2023-07-22 12:00:00,42.77,3105.0,8357.75,44450.0,43704.0,20.1015,53.452923,2197.0,-0.02
2023-07-22 13:00:00,22.34,3131.0,8187.25,44750.0,42596.0,20.8515,48.538216,2542.0,-0.18
2023-07-22 14:00:00,19.52,2910.0,8013.5,43200.0,42597.0,19.5515,55.49163,2731.0,-1.01
2023-07-22 15:00:00,29.05,2530.0,7925.5,42400.0,42880.0,20.3515,52.809196,2812.0,-0.1
2023-07-22 16:00:00,46.95,2009.0,7949.5,41450.0,46088.0,20.5015,51.62886,2848.0,-0.01
2023-07-22 17:00:00,71.05,1453.0,8096.75,40700.0,48062.0,20.5015,51.285023,2864.0,1.06
2023-07-22 18:00:00,81.6,973.0,8228.75,41400.0,49088.0,19.6515,54.59887,2797.0,42.0
2023-07-22 19:00:00,95.57,605.0,8156.75,41900.0,49171.0,19.3015,58.268173,2586.0,69.08
2023-07-22 20:00:00,97.79,228.0,8031.75,40900.0,48226.0,19.3515,58.474144,2272.0,88.65
2023-07-22 21:00:00,90.31,18.0,7914.0,40000.0,47238.0,18.1015,66.66369,1995.0,84.03
2023-07-22 22:00:00,95.7,0.0,7998.75,40700.0,47700.0,17.4515,75.3871,1875.0,83.03
2023-07-22 23:00:00,94.62,0.0,7763.0,43150.0,46766.0,17.4015,69.898575,1848.0,71.82
2023-07-23 00:00:00,84.88,0.0,7309.5,39350.0,45952.0,17.0015,71.92623,2149.0,57.1
2023-07-23 01:00:00,78.87,0.0,7055.75,36650.0,43948.0,16.8515,70.95527,2254.0,19.68
2023-07-23 02:00:00,54.18,0.0,6613.5,35150.0,42781.0,15.4515,72.35892,2419.0,1.52
2023-07-23 03:00:00,33.22,0.0,6536.25,33000.0,40338.0,16.0515,65.56726,2676.0,-0.09
2023-07-23 04:00:00,14.53,0.0,6533.0,32000.0,39408.0,17.3015,58.56121,2999.0,-0.14
2023-07-23 05:00:00,11.09,0.0,6482.5,31650.0,38460.0,16.7015,61.240917,3291.0,-0.42
2023-07-23 06:00:00,5.08,27.0,6486.5,31150.0,35975.0,16.7515,63.770462,3477.0,-4.4
2023-07-23 07:00:00,2.88,142.0,6644.75,31850.0,35661.0,16.5515,68.584114,3626.0,-11.01
2023-07-23 08:00:00,3.42,265.0,6924.5,33850.0,35795.0,16.5515,71.843216,3723.0,-10.7
2023-07-23 09:00:00,0.09,406.0,7276.25,36350.0,36274.0,17.0015,74.08749,3759.0,-14.7
2023-07-23 10:00:00,0.0,598.0,7570.75,38650.0,36923.0,16.8515,78.817024,3786.0,-19.66
2023-07-23 11:00:00,-0.03,783.0,7809.25,40200.0,37915.0,17.9015,76.94734,3866.0,-27.27
2023-07-23 12:00:00,-0.05,939.0,7897.75,41800.0,38228.0,17.3015,84.97991,3923.0,-37.21
2023-07-23 13:00:00,-11.62,1116.0,7786.0,42150.0,38570.0,18.4515,81.3702,3912.0,-65.43
2023-07-23 14:00:00,-20.0,1300.0,7586.75,39900.0,38164.0,20.0015,75.560326,3819.0,-73.76
2023-07-23 15:00:00,-11.67,1364.0,7375.5,38700.0,38010.0,19.5515,81.252235,3699.0,-49.26
2023-07-23 16:00:00,-4.8,1296.0,7442.75,37850.0,37026.0,19.7515,81.536964,3613.0,-26.21
2023-07-23 17:00:00,0.0,1055.0,7645.5,37900.0,36936.0,20.4015,77.82609,3514.0,-5.01
2023-07-23 18:00:00,31.64,739.0,7855.0,39100.0,41710.0,20.2515,79.05167,3362.0,31.04
2023-07-23 19:00:00,68.33,446.0,7910.5,40700.0,45454.0,19.6515,86.04042,3134.0,91.44
2023-07-23 20:00:00,88.0,165.0,7811.5,40750.0,46585.0,18.8015,91.58159,2924.0,99.7
2023-07-23 21:00:00,94.43,15.0,7693.75,40050.0,46856.0,18.7015,92.15579,2727.0,109.25
2023-07-23 22:00:00,100.34,0.0,7709.5,40800.0,47775.0,18.5515,90.12775,2546.0,114.35
2023-07-23 23:00:00,93.67,0.0,7352.5,42850.0,47915.0,18.1015,91.24805,2374.0,108.38
2023-07-24 00:00:00,77.14,0.0,6994.25,39400.0,45130.0,17.8015,92.985855,2211.0,83.0
2023-07-24 01:00:00,70.02,0.0,6775.25,37000.0,43363.0,17.5015,93.86181,1955.0,60.77
2023-07-24 02:00:00,68.99,0.0,7010.75,35950.0,42603.0,17.1515,95.96077,1789.0,53.28
2023-07-24 03:00:00,72.01,0.0,6897.0,33700.0,42428.0,17.5515,94.462425,1640.0,50.0
2023-07-24 04:00:00,72.09,0.0,6918.0,33050.0,42757.0,17.3515,94.45413,1480.0,54.74
2023-07-24 05:00:00,87.11,0.0,7132.0,34250.0,44423.0,17.1015,95.04741,1452.0,52.8
2023-07-24 06:00:00,88.64,78.0,7481.75,36400.0,45992.0,17.1015,95.04741,1479.0,77.21
2023-07-24 07:00:00,92.46,466.0,7892.5,39300.0,47621.0,17.1015,94.74515,1567.0,81.56
2023-07-24 08:00:00,108.67,931.0,8283.5,42900.0,49111.0,17.5015,90.62901,1611.0,108.28
2023-07-24 09:00:00,105.0,1357.0,8618.75,45900.0,50644.0,18.3015,85.086136,1597.0,96.39
2023-07-24 10:00:00,99.94,1742.0,8839.5,47900.0,52034.0,19.1515,78.89444,1628.0,74.47
2023-07-24 11:00:00,94.62,2133.0,8890.75,49050.0,51776.0,20.2515,72.051216,1811.0,33.78
2023-07-24 12:00:00,87.49,2443.0,8717.5,50050.0,51300.0,21.0015,69.46376,1916.0,68.8
2023-07-24 13:00:00,81.66,2644.0,8658.75,50100.0,51092.0,19.9015,70.8354,2045.0,0.52
2023-07-24 14:00:00,75.15,2737.0,8533.75,48850.0,50182.0,18.3515,79.28884,2168.0,-1.3
2023-07-24 15:00:00,66.51,2689.0,8436.25,47650.0,50024.0,20.4015,72.542656,2197.0,7.69
2023-07-24 16:00:00,64.76,2330.0,8407.0,46900.0,49173.0,18.1015,76.97846,2056.0,51.76
2023-07-24 17:00:00,77.3,1826.0,8488.75,45850.0,49432.0,19.4015,76.43945,1860.0,62.65
2023-07-24 18:00:00,84.38,1278.0,8513.25,46550.0,51109.0,17.4515,82.29823,1555.0,71.2
2023-07-24 19:00:00,96.12,747.0,8455.5,47900.0,51493.0,18.4515,79.0479,1227.0,97.41
2023-07-24 20:00:00,105.26,263.0,8126.75,46000.0,50166.0,17.7515,77.425476,951.0,109.21
2023-07-24 21:00:00,107.65,22.0,7907.0,44050.0,49356.0,16.6515,82.46645,746.0,124.31
2023-07-24 22:00:00,104.8,0.0,7854.0,44600.0,49437.0,15.3515,84.4926,626.0,125.72
2023-07-24 23:00:00,102.66,0.0,7489.0,45700.0,48827.0,14.2515,87.19663,548.0,110.81
2023-07-25 00:00:00,96.0,0.0,7054.25,42350.0,46826.0,13.3515,89.447685,443.0,99.98
2023-07-25 01:00:00,86.55,0.0,6800.0,39500.0,44999.0,13.3515,87.981705,447.0,68.46
2023-07-25 02:00:00,84.95,0.0,6626.75,38750.0,44253.0,12.6515,89.09648,421.0,61.19
2023-07-25 03:00:00,77.26,0.0,6592.0,36450.0,43263.0,12.6015,89.686226,417.0,61.04
2023-07-25 04:00:00,71.33,0.0,6662.75,35600.0,43019.0,12.4515,90.87403,438.0,62.98
2023-07-25 05:00:00,80.1,0.0,6853.5,36800.0,44205.0,12.8015,89.10859,474.0,77.43
2023-07-25 06:00:00,89.0,77.0,7292.5,38800.0,46952.0,12.6015,90.28349,504.0,87.3
2023-07-25 07:00:00,94.0,475.0,7867.75,41100.0,48568.0,13.5515,85.700874,520.0,99.34
2023-07-25 08:00:00,112.31,927.0,8314.75,44100.0,49633.0,14.1515,84.08052,518.0,110.0
2023-07-25 09:00:00,101.23,1358.0,8643.5,47050.0,51132.0,15.0015,79.85536,516.0,99.87
2023-07-25 10:00:00,96.86,1988.0,8794.0,48900.0,51358.0,16.3015,70.8509,497.0,86.89
2023-07-25 11:00:00,93.13,2824.0,8898.75,50000.0,52216.0,16.8015,66.8334,492.0,83.86
2023-07-25 12:00:00,101.64,3522.0,8793.0,51250.0,52794.0,17.3015,63.04612,486.0,81.51
2023-07-25 13:00:00,81.55,3914.0,8703.5,51350.0,52954.0,17.7515,59.86339,473.0,77.05
2023-07-25 14:00:00,75.26,3948.0,8587.0,49450.0,51696.0,17.3515,62.63765,454.0,68.83
2023-07-25 15:00:00,75.4,3772.0,8475.25,48250.0,51254.0,18.3515,60.20691,452.0,68.26
2023-07-25 16:00:00,74.02,3377.0,8439.5,47150.0,50639.0,18.5515,57.313057,459.0,74.86
2023-07-25 17:00:00,89.28,2774.0,8572.0,46500.0,51245.0,18.9515,53.51241,488.0,94.17
2023-07-25 18:00:00,104.13,1893.0,8614.25,47250.0,52260.0,18.6015,53.782635,547.0,122.37
2023-07-25 19:00:00,116.93,925.0,8444.0,48050.0,51993.0,17.9515,57.356373,497.0,168.23
2023-07-25 20:00:00,119.71,286.0,8147.0,45950.0,50913.0,17.4515,59.39129,442.0,187.97
2023-07-25 21:00:00,118.91,25.0,7958.5,43800.0,49833.0,15.9015,67.317154,408.0,164.19
2023-07-25 22:00:00,110.4,0.0,7997.75,44150.0,49929.0,14.9515,69.65093,396.0,139.26
2023-07-25 23:00:00,98.5,0.0,7602.5,46100.0,49304.0,14.7515,77.98912,424.0,112.58
2023-07-26 00:00:00,97.96,0.0,7159.75,40500.0,46110.0,14.6015,73.915794,501.0,108.11
2023-07-26 01:00:00,89.31,0.0,6896.25,37100.0,42918.0,13.2515,79.874985,552.0,101.1
2023-07-26 02:00:00,86.26,0.0,6646.75,36250.0,41726.0,12.9515,82.55254,628.0,97.25
2023-07-26 03:00:00,79.65,0.0,6541.0,33750.0,41172.0,12.4015,89.67089,681.0,88.06
2023-07-26 04:00:00,79.64,0.0,6582.0,32950.0,40918.0,12.2015,92.378654,729.0,75.59
2023-07-26 05:00:00,86.83,0.0,6880.5,34150.0,42080.0,11.9015,94.22115,744.0,80.0
2023-07-26 06:00:00,100.14,108.0,7476.25,35950.0,45444.0,11.8015,94.844406,714.0,73.0
2023-07-26 07:00:00,110.9,596.0,8031.75,38650.0,47039.0,12.3015,94.23872,670.0,107.54
2023-07-26 08:00:00,114.69,1429.0,8415.25,42150.0,47902.0,13.4515,90.64291,609.0,113.37
2023-07-26 09:00:00,106.56,2375.0,8651.0,44800.0,49040.0,14.9015,85.27845,554.0,99.9
2023-07-26 10:00:00,98.5,3108.0,8858.5,46150.0,49969.0,16.6015,76.743546,549.0,88.56
2023-07-26 11:00:00,91.83,3579.0,8944.0,47150.0,50186.0,17.9015,70.45655,558.0,81.19
2023-07-26 12:00:00,84.13,3955.0,8690.5,47950.0,49927.0,18.7015,64.84154,589.0,77.18
2023-07-26 13:00:00,82.74,4189.0,8593.0,47950.0,49787.0,19.2515,60.02118,616.0,69.36
2023-07-26 14:00:00,74.67,4199.0,8379.75,46750.0,49393.0,19.4015,56.95215,643.0,63.5
2023-07-26 15:00:00,74.8,3909.0,8384.75,45350.0,49229.0,20.0515,51.856052,629.0,62.95
2023-07-26 16:00:00,80.82,3307.0,8399.5,44250.0,49000.0,20.9015,47.26429,651.0,72.28
2023-07-26 17:00:00,90.46,2599.0,8434.5,43500.0,50113.0,20.7015,50.319153,764.0,76.42
2023-07-26 18:00:00,97.78,1756.0,8449.5,44300.0,50830.0,20.0515,53.618546,947.0,86.78
2023-07-26 19:00:00,115.77,907.0,8271.75,45600.0,50725.0,19.6015,56.812706,1060.0,105.0
2023-07-26 20:00:00,120.42,281.0,8088.25,44050.0,50061.0,19.2515,61.426517,1093.0,110.05
2023-07-26 21:00:00,118.03,22.0,7864.75,42750.0,48998.0,18.3015,64.7544,1104.0,115.98
2023-07-26 22:00:00,111.11,0.0,7951.5,43300.0,48794.0,17.2015,68.9424,1098.0,114.91
2023-07-26 23:00:00,97.09,0.0,7635.25,44550.0,48303.0,17.0515,69.37014,1238.0,101.73
2023-07-27 00:00:00,98.36,0.0,7164.25,41535.0,44502.0,17.1515,70.081,1387.0,98.55
2023-07-27 01:00:00,82.69,0.0,6831.0,38954.0,42611.0,16.5515,75.73435,1771.0,94.38
2023-07-27 02:00:00,76.0,0.0,6694.25,37834.0,41447.0,15.6515,88.18211,2220.0,81.08
2023-07-27 03:00:00,71.06,0.0,6653.0,35574.0,40686.0,15.5515,87.31703,2671.0,74.49
2023-07-27 04:00:00,66.56,0.0,6710.5,34510.0,40703.0,15.5015,87.8828,2924.0,74.4
2023-07-27 05:00:00,76.88,0.0,6965.5,35656.0,41354.0,15.7515,89.053406,3045.0,76.8
2023-07-27 06:00:00,74.23,14.0,7385.25,37698.0,43253.0,16.1015,90.532166,3124.0,98.81
2023-07-27 07:00:00,92.85,85.0,7916.25,40299.0,45349.0,16.4515,91.72919,3194.0,108.78
2023-07-27 08:00:00,104.3,174.0,8304.25,43706.0,47614.0,16.7015,92.92835,3315.0,111.45
2023-07-27 09:00:00,99.12,231.0,8577.25,46133.0,49926.0,17.1515,92.95197,3425.0,98.91
2023-07-27 10:00:00,96.8,311.0,8749.75,47509.0,51315.0,17.4515,92.37718,3505.0,86.91
2023-07-27 11:00:00,90.4,380.0,8913.0,48107.0,51488.0,17.8515,90.36471,3563.0,74.8
2023-07-27 12:00:00,86.45,428.0,8753.75,49069.0,52615.0,18.1515,88.95943,3570.0,71.6
2023-07-27 13:00:00,80.01,433.0,8720.25,49143.0,52788.0,18.4015,87.57521,3592.0,74.8
2023-07-27 14:00:00,78.33,438.0,8648.25,48108.0,51898.0,18.2015,85.075584,3614.0,72.64
2023-07-27 15:00:00,77.82,391.0,8609.0,46875.0,51260.0,18.2015,86.72311,3587.0,74.49
2023-07-27 16:00:00,80.46,302.0,8574.5,45706.0,50243.0,18.5015,84.56529,3510.0,75.62
2023-07-27 17:00:00,93.45,228.0,8653.75,44937.0,49747.0,18.5515,84.57073,3414.0,85.8
2023-07-27 18:00:00,104.57,168.0,8607.25,45472.0,50669.0,18.9015,83.00507,3349.0,103.31
2023-07-27 19:00:00,104.51,121.0,8435.0,46258.0,50573.0,18.6515,84.04319,3285.0,127.27
2023-07-27 20:00:00,110.14,47.0,8231.0,44299.0,49167.0,18.2515,85.35343,3190.0,144.29
2023-07-27 21:00:00,108.64,4.0,8025.75,42778.0,48211.0,17.9015,86.69457,3075.0,129.87
2023-07-27 22:00:00,107.41,0.0,8065.5,43686.0,47938.0,17.7515,88.07879,2971.0,122.41
2023-07-27 23:00:00,99.34,0.0,7762.75,45286.0,47566.0,17.7015,89.77944,2897.0,109.87
2023-07-28 00:00:00,88.63,0.0,7396.0,41550.0,45621.0,17.6015,90.63588,2380.0,101.16
2023-07-28 01:00:00,79.59,0.0,7080.25,38150.0,44170.0,17.5515,91.21265,2070.0,91.54
2023-07-28 02:00:00,78.13,0.0,6924.0,36950.0,43051.0,16.9515,93.537384,1768.0,86.99
2023-07-28 03:00:00,79.2,0.0,6771.25,34200.0,42534.0,16.9515,93.537384,1489.0,80.98
2023-07-28 04:00:00,80.02,0.0,6812.75,33200.0,42564.0,16.9515,93.83657,1269.0,78.27
2023-07-28 05:00:00,89.53,0.0,6935.5,34050.0,44422.0,17.0015,94.43961,1130.0,84.37
2023-07-28 06:00:00,98.26,38.0,7345.5,35750.0,46152.0,17.1015,94.44375,1021.0,88.29
2023-07-28 07:00:00,111.05,271.0,7920.75,38450.0,47565.0,17.3515,93.55659,942.0,104.51
2023-07-28 08:00:00,112.99,577.0,8371.25,41800.0,48659.0,17.7015,92.98065,916.0,111.51
2023-07-28 09:00:00,107.87,918.0,8739.25,44450.0,49361.0,18.6515,88.717384,920.0,103.09
2023-07-28 10:00:00,99.54,1449.0,8975.25,45700.0,49826.0,18.9015,87.89806,928.0,94.13
2023-07-28 11:00:00,93.0,2037.0,9222.0,46100.0,49143.0,19.4515,85.20696,939.0,89.16
2023-07-28 12:00:00,88.71,2462.0,9152.0,46350.0,49162.0,20.2015,82.37305,982.0,79.19
2023-07-28 13:00:00,80.0,2667.0,9067.5,46250.0,48415.0,20.9015,78.147804,1008.0,81.24
2023-07-28 14:00:00,75.65,2563.0,8984.0,45100.0,47989.0,20.9515,78.15516,1092.0,76.42
2023-07-28 15:00:00,76.1,2353.0,8854.25,44150.0,46888.0,21.7015,73.93754,1173.0,76.19
2023-07-28 16:00:00,80.0,2265.0,8697.75,43050.0,46153.0,22.9515,67.01767,1272.0,75.72
2023-07-28 17:00:00,88.43,2086.0,8727.0,42250.0,47159.0,23.5015,63.1966,1372.0,77.82
2023-07-28 18:00:00,91.59,1587.0,8582.25,42450.0,48102.0,23.0515,64.93774,1488.0,83.2
2023-07-28 19:00:00,105.92,844.0,8385.75,42850.0,48193.0,22.9015,67.22089,1522.0,103.41
2023-07-28 20:00:00,110.82,247.0,8253.75,41900.0,47292.0,22.3015,71.50759,1512.0,113.86
2023-07-28 21:00:00,116.39,17.0,8036.0,40800.0,46667.0,21.0015,75.72195,1394.0,110.88
2023-07-28 22:00:00,111.69,0.0,8035.0,41450.0,46007.0,19.9015,79.7606,1337.0,109.85
2023-07-28 23:00:00,101.67,0.0,7707.75,43950.0,45140.0,19.5015,82.02583,1408.0,96.79
2023-07-29 00:00:00,103.09,0.0,7348.25,39900.0,42799.0,19.1515,83.565445,1812.0,97.77
2023-07-29 01:00:00,94.0,0.0,7104.25,36900.0,42515.0,18.5515,88.42792,1993.0,98.48
2023-07-29 02:00:00,91.17,0.0,6859.5,35750.0,41501.0,18.5015,80.33754,1917.0,93.0
2023-07-29 03:00:00,85.66,0.0,6749.75,33350.0,40826.0,17.6015,82.849724,1855.0,94.36
2023-07-29 04:00:00,88.97,0.0,6716.75,32350.0,39479.0,16.5515,86.28547,1887.0,89.93
2023-07-29 05:00:00,87.03,0.0,6667.0,32200.0,39202.0,16.4515,84.61375,1863.0,88.0
2023-07-29 06:00:00,85.7,52.0,6698.75,32400.0,39394.0,16.2015,84.86179,1896.0,88.8
2023-07-29 07:00:00,87.91,380.0,6997.0,33300.0,39847.0,16.5515,83.804924,1977.0,86.18
2023-07-29 08:00:00,85.79,805.0,7376.0,35050.0,40764.0,17.5515,81.78054,1937.0,82.93
2023-07-29 09:00:00,81.71,1168.0,7871.5,37550.0,41926.0,18.8015,78.08673,1995.0,79.54
2023-07-29 10:00:00,75.5,1498.0,8154.5,39350.0,42081.0,19.4515,75.713875,2001.0,64.0
2023-07-29 11:00:00,63.75,1736.0,8270.5,40450.0,41239.0,20.6515,72.35508,2084.0,46.56
2023-07-29 12:00:00,58.14,1993.0,8274.25,42250.0,40909.0,21.0515,70.14541,2236.0,42.77
2023-07-29 13:00:00,39.96,2597.0,8106.25,42750.0,38863.0,18.4515,84.83053,2592.0,22.34
2023-07-29 14:00:00,13.5,3181.0,7943.75,40500.0,38655.0,21.2015,76.72108,2797.0,19.52
2023-07-29 15:00:00,19.21,3338.0,7762.75,39000.0,38390.0,19.3515,80.45214,3000.0,29.05
2023-07-29 16:00:00,4.62,3250.0,7883.25,37950.0,37930.0,20.6015,77.85591,3106.0,46.95
2023-07-29 17:00:00,48.64,2841.0,8069.25,37450.0,40895.0,21.8015,72.330154,3115.0,71.05
2023-07-29 18:00:00,72.08,2071.0,8085.0,38150.0,45041.0,19.6515,81.784,3051.0,81.6
2023-07-29 19:00:00,89.69,932.0,7947.0,39050.0,44750.0,20.9015,68.116455,2890.0,95.57
2023-07-29 20:00:00,100.19,221.0,7894.5,37900.0,44880.0,20.1515,68.85157,2742.0,97.79
2023-07-29 21:00:00,101.34,18.0,7786.75,36800.0,44343.0,18.7515,69.24918,2652.0,90.31
2023-07-29 22:00:00,100.81,0.0,7789.0,38100.0,44704.0,17.2515,73.16435,2603.0,95.7
2023-07-29 23:00:00,92.18,0.0,7511.25,40150.0,43901.0,16.4015,76.711975,2597.0,94.62
2023-07-30 00:00:00,84.5,0.0,7155.0,37400.0,41263.0,15.9515,78.169914,2473.0,84.88
2023-07-30 01:00:00,74.9,0.0,6863.25,34500.0,38891.0,15.8515,76.12069,2448.0,78.87
2023-07-30 02:00:00,67.81,0.0,6724.75,32950.0,37401.0,15.3515,77.309135,2360.0,54.18
2023-07-30 03:00:00,57.79,0.0,6657.0,30900.0,36237.0,14.8515,81.43291,2370.0,33.22
2023-07-30 04:00:00,51.6,0.0,6634.25,29650.0,35591.0,14.3515,86.066246,2581.0,14.53
2023-07-30 05:00:00,51.7,0.0,6622.5,29300.0,34123.0,13.9515,89.494385,2731.0,11.09
2023-07-30 06:00:00,47.34,84.0,6626.0,29000.0,32908.0,13.6515,91.55519,2865.0,5.08
2023-07-30 07:00:00,37.0,575.0,6835.0,29450.0,32916.0,14.0015,90.08797,2942.0,2.88
2023-07-30 08:00:00,29.82,1279.0,7177.75,31100.0,32071.0,15.3515,83.94103,3119.0,3.42
2023-07-30 09:00:00,8.48,1993.0,7586.75,33600.0,33794.0,16.4515,80.05714,3273.0,0.09
2023-07-30 10:00:00,-0.01,2622.0,7603.5,35650.0,34750.0,17.0515,77.065796,3269.0,0.0
2023-07-30 11:00:00,-14.62,3061.0,7765.5,37150.0,35592.0,17.7515,75.436516,3310.0,-0.03
2023-07-30 12:00:00,-28.03,3369.0,7836.0,39200.0,36207.0,19.1015,68.19669,3342.0,-0.05
2023-07-30 13:00:00,-84.07,3541.0,7727.25,39800.0,36165.0,19.9015,61.779285,3450.0,-11.62
2023-07-30 14:00:00,-85.58,3436.0,7598.0,36800.0,35591.0,20.4015,57.578625,3589.0,-20.0
2023-07-30 15:00:00,-67.59,2956.0,7593.0,35850.0,35257.0,20.8015,53.812237,3656.0,-11.67
2023-07-30 16:00:00,-26.91,2217.0,7532.0,34850.0,34534.0,21.2015,52.158627,3683.0,-4.8
2023-07-30 17:00:00,-7.86,1502.0,7569.0,35200.0,34842.0,20.0515,57.492622,3657.0,0.0
2023-07-30 18:00:00,7.45,882.0,7677.0,36500.0,39097.0,18.5515,69.20983,3576.0,31.64
2023-07-30 19:00:00,74.99,411.0,7736.5,38350.0,41333.0,18.2015,71.20929,3425.0,68.33
2023-07-30 20:00:00,84.99,123.0,7702.0,38050.0,41110.0,17.8015,74.46749,3381.0,88.0
2023-07-30 21:00:00,86.36,6.0,7625.0,37450.0,40088.0,16.8515,88.000946,3474.0,94.43
2023-07-30 22:00:00,86.19,0.0,7620.25,38500.0,40729.0,16.7015,90.283264,3550.0,100.34
2023-07-30 23:00:00,70.05,0.0,7259.25,40150.0,41665.0,16.8015,87.9966,3575.0,93.67
2023-07-31 00:00:00,61.03,0.0,6998.5,37600.0,39906.0,16.6515,85.46193,3700.0,77.14
2023-07-31 01:00:00,50.51,0.0,6808.0,34650.0,38175.0,16.4015,84.333954,3660.0,70.02
2023-07-31 02:00:00,44.09,0.0,6560.75,33500.0,36465.0,15.7015,87.900406,3593.0,68.99
2023-07-31 03:00:00,30.3,0.0,6503.75,31300.0,35464.0,15.9015,87.34915,3527.0,72.01
2023-07-31 04:00:00,28.91,0.0,6552.25,30650.0,36569.0,16.1015,85.68262,3454.0,72.09
2023-07-31 05:00:00,50.31,0.0,6755.75,31750.0,39170.0,16.3015,84.87258,3404.0,87.11
2023-07-31 06:00:00,73.6,19.0,7214.5,33700.0,42411.0,16.2515,88.23361,3398.0,88.64
2023-07-31 07:00:00,85.04,135.0,7727.25,36600.0,44223.0,16.5515,88.5444,3448.0,92.46
2023-07-31 08:00:00,87.69,285.0,8202.25,39850.0,46581.0,16.8515,86.314964,3551.0,108.67
2023-07-31 09:00:00,86.0,486.0,8743.5,42250.0,47545.0,16.8515,86.03674,3649.0,105.0
2023-07-31 10:00:00,74.22,747.0,9017.75,43900.0,48646.0,17.2515,83.075745,3729.0,99.94
2023-07-31 11:00:00,67.58,953.0,9075.0,44900.0,49353.0,17.6515,83.391525,3751.0,94.62
2023-07-31 12:00:00,65.42,994.0,8912.25,45850.0,49807.0,18.7515,81.14839,3752.0,87.49
2023-07-31 13:00:00,59.78,904.0,8885.75,46200.0,49312.0,19.2015,78.397224,3705.0,81.66
2023-07-31 14:00:00,59.3,816.0,8772.25,44600.0,48761.0,18.4515,82.95153,3659.0,75.15
2023-07-31 15:00:00,60.18,785.0,8676.25,43750.0,48577.0,19.1515,79.40183,3675.0,66.51
2023-07-31 16:00:00,67.66,575.0,8637.25,42700.0,48324.0,19.0515,83.55393,3696.0,64.76
2023-07-31 17:00:00,74.91,377.0,8724.5,42050.0,49182.0,18.0515,89.805466,3686.0,77.3
2023-07-31 18:00:00,82.09,261.0,8726.0,43000.0,49349.0,18.0015,90.66326,3645.0,84.38
2023-07-31 19:00:00,91.77,159.0,8679.75,44350.0,49846.0,18.2515,91.25768,3581.0,96.12
2023-07-31 20:00:00,97.77,52.0,8407.0,42900.0,49094.0,18.3515,91.26407,3492.0,105.26
2023-07-31 21:00:00,94.62,3.0,8215.25,41250.0,48542.0,18.1015,92.41371,3403.0,107.65
2023-07-31 22:00:00,95.13,0.0,8167.5,42200.0,48965.0,18.0015,91.24162,3303.0,104.8
2023-07-31 23:00:00,87.92,0.0,7766.0,43750.0,48337.0,17.6515,93.27409,3174.0,102.66
2023-08-01 00:00:00,68.47,0.0,7297.0,39850.0,43891.0,17.6015,92.97545,2841.0,96.0
2023-08-01 01:00:00,58.89,0.0,6999.25,36750.0,42414.0,17.3515,93.55659,2697.0,86.55
2023-08-01 02:00:00,57.86,0.0,6801.75,35400.0,40876.0,16.6515,92.03625,2587.0,84.95
2023-08-01 03:00:00,56.94,0.0,6742.0,33150.0,39747.0,15.9015,91.99184,2558.0,77.26
2023-08-01 04:00:00,57.9,0.0,6797.75,32100.0,39568.0,15.0515,93.44489,2599.0,71.33
2023-08-01 05:00:00,63.4,0.0,6986.5,32850.0,39912.0,14.5015,94.334076,2725.0,80.1
2023-08-01 06:00:00,75.34,67.0,7416.5,34750.0,42721.0,14.2515,94.93976,2819.0,89.0
2023-08-01 07:00:00,90.91,529.0,7972.5,37150.0,44457.0,14.5515,94.030014,2892.0,94.0
2023-08-01 08:00:00,90.58,1107.0,8432.25,40400.0,45494.0,15.5015,88.16921,2951.0,112.31
2023-08-01 09:00:00,88.18,1614.0,8850.75,42550.0,46806.0,16.5015,84.3451,2875.0,101.23
2023-08-01 10:00:00,77.0,2229.0,9018.5,44150.0,48082.0,17.3015,79.91427,2766.0,96.86
2023-08-01 11:00:00,67.07,2792.0,9135.75,45300.0,48681.0,18.3515,74.31883,2727.0,93.13
2023-08-01 12:00:00,67.1,3261.0,9023.75,46350.0,48532.0,19.0515,69.98871,2706.0,101.64
2023-08-01 13:00:00,61.96,3530.0,8959.75,46600.0,48243.0,20.0015,66.19213,2668.0,81.55
2023-08-01 14:00:00,53.09,3536.0,8861.0,45450.0,47366.0,19.8015,60.34998,2561.0,75.26
2023-08-01 15:00:00,48.26,3358.0,8741.75,44400.0,46524.0,20.2015,57.910812,2437.0,75.4
2023-08-01 16:00:00,54.6,2895.0,8684.5,43450.0,45482.0,19.6515,58.35343,2331.0,74.02
2023-08-01 17:00:00,67.94,2188.0,8801.5,42750.0,46905.0,19.6515,58.546993,2229.0,89.28
2023-08-01 18:00:00,79.59,1420.0,8823.5,43200.0,48164.0,18.7015,67.008675,2182.0,104.13
2023-08-01 19:00:00,95.05,760.0,8645.75,44450.0,48690.0,18.2515,76.256996,2068.0,116.93
2023-08-01 20:00:00,106.41,225.0,8341.5,43150.0,47119.0,18.3015,77.50947,2122.0,119.71
2023-08-01 21:00:00,112.42,11.0,8136.5,41650.0,46319.0,17.6515,76.161,2193.0,118.91
2023-08-01 22:00:00,102.55,0.0,8165.75,42000.0,46091.0,16.7515,80.09854,2335.0,110.4
2023-08-01 23:00:00,92.78,0.0,7745.25,43350.0,45933.0,16.5015,82.180046,2445.0,98.5
2023-08-02 00:00:00,89.38,0.0,7275.25,38900.0,44045.0,16.4015,84.06043,2412.0,97.96
2023-08-02 01:00:00,77.54,0.0,6999.25,36150.0,43786.0,15.8515,85.378456,2326.0,89.31
2023-08-02 02:00:00,69.62,0.0,6740.75,35050.0,42732.0,14.9515,85.28374,2206.0,86.26
2023-08-02 03:00:00,67.07,0.0,6616.0,32850.0,42097.0,15.6515,84.25013,2075.0,79.65
2023-08-02 04:00:00,67.53,0.0,6646.0,32100.0,41376.0,16.4515,82.173775,2137.0,79.64
2023-08-02 05:00:00,71.49,0.0,6869.5,32650.0,41184.0,16.3515,85.15393,2626.0,86.83
2023-08-02 06:00:00,59.82,10.0,7379.0,34700.0,41835.0,16.1515,88.22504,3117.0,100.14
2023-08-02 07:00:00,59.07,86.0,8035.0,37250.0,43781.0,16.2015,91.713875,3494.0,110.9
2023-08-02 08:00:00,74.1,233.0,8470.75,40600.0,46437.0,17.0015,90.01546,3755.0,114.69
2023-08-02 09:00:00,74.04,587.0,8774.75,42800.0,48412.0,17.8515,90.36471,3861.0,106.56
2023-08-02 10:00:00,70.2,1159.0,8933.0,44200.0,49884.0,18.9015,89.584435,3828.0,98.5
2023-08-02 11:00:00,64.5,1810.0,9044.75,45250.0,50637.0,19.3015,88.770164,3767.0,91.83
2023-08-02 12:00:00,52.02,2542.0,8930.0,46300.0,49584.0,20.1015,85.54395,3772.0,84.13
2023-08-02 13:00:00,33.08,3048.0,8881.25,46700.0,49014.0,21.2015,71.07807,3827.0,82.74
2023-08-02 14:00:00,24.04,3047.0,8664.0,45300.0,47101.0,21.6015,63.797188,3852.0,74.67
2023-08-02 15:00:00,18.72,2869.0,8578.5,44250.0,46921.0,22.1515,57.068214,3840.0,74.8
2023-08-02 16:00:00,28.29,2152.0,8553.75,43300.0,45585.0,20.2515,69.76701,3831.0,80.82
2023-08-02 17:00:00,52.03,1389.0,8684.0,42650.0,46874.0,19.9515,66.61378,3834.0,90.46
2023-08-02 18:00:00,65.15,820.0,8695.0,43250.0,49667.0,19.0515,69.5343,3878.0,97.78
2023-08-02 19:00:00,71.29,425.0,8498.0,44350.0,49767.0,19.2515,70.02721,4009.0,115.77
2023-08-02 20:00:00,74.1,121.0,8295.75,43100.0,47754.0,17.6515,80.22197,4130.0,120.42
2023-08-02 21:00:00,65.3,5.0,8060.5,41700.0,47333.0,17.4015,80.709366,4182.0,118.03
2023-08-02 22:00:00,65.7,0.0,8109.75,41800.0,47002.0,16.9515,81.43921,4191.0,111.11
2023-08-02 23:00:00,39.58,0.0,7750.25,42850.0,44857.0,16.5515,84.350655,4175.0,97.09
2023-08-03 00:00:00,20.26,0.0,7244.5,39350.0,41820.0,16.1515,85.687744,4030.0,98.36
2023-08-03 01:00:00,9.52,0.0,6898.75,36400.0,40864.0,15.8015,91.09857,3973.0,82.69
2023-08-03 02:00:00,3.44,0.0,6762.25,35200.0,39168.0,16.3015,89.96413,3730.0,76.0
2023-08-03 03:00:00,5.61,0.0,6727.75,33000.0,38751.0,16.001501,90.81803,3536.0,71.06
2023-08-03 04:00:00,1.05,0.0,6735.5,31650.0,38683.0,15.8015,90.80448,3567.0,66.56
2023-08-03 05:00:00,12.98,0.0,6897.0,32550.0,39023.0,15.7515,89.63265,3632.0,76.88
2023-08-03 06:00:00,40.34,29.0,7423.75,34550.0,42647.0,15.5015,89.61362,3648.0,74.23
2023-08-03 07:00:00,59.97,272.0,8056.75,37100.0,44103.0,15.3515,90.186325,3615.0,92.85
2023-08-03 08:00:00,70.13,617.0,8478.5,40450.0,45421.0,15.9015,88.2036,3504.0,104.3
2023-08-03 09:00:00,60.5,867.0,8767.75,42650.0,46451.0,16.7515,84.09997,3275.0,99.12
2023-08-03 10:00:00,45.68,1059.0,8945.0,44150.0,46575.0,17.5515,79.94887,2871.0,96.8
2023-08-03 11:00:00,34.64,1177.0,9123.25,45200.0,46711.0,18.0515,76.97068,2406.0,90.4
2023-08-03 12:00:00,30.0,1296.0,8977.75,46300.0,45825.0,17.5015,81.77419,1977.0,86.45
2023-08-03 13:00:00,26.75,1556.0,8926.0,46650.0,45234.0,17.8515,80.50894,1613.0,80.01
2023-08-03 14:00:00,21.7,1811.0,8858.5,45150.0,45159.0,16.6015,83.539024,1328.0,78.33
2023-08-03 15:00:00,24.09,2015.0,8813.75,43950.0,43716.0,16.7515,84.37288,1082.0,77.82
2023-08-03 16:00:00,25.11,2080.0,8750.25,42650.0,43416.0,17.5015,82.30443,897.0,80.46
2023-08-03 17:00:00,49.63,1921.0,8804.25,41700.0,44121.0,17.5515,80.46847,734.0,93.45
2023-08-03 18:00:00,80.05,1468.0,8767.75,42500.0,47188.0,17.6515,77.91485,574.0,104.57
2023-08-03 19:00:00,96.43,789.0,8555.25,43750.0,47479.0,17.7015,73.00475,434.0,104.51
2023-08-03 20:00:00,97.88,207.0,8337.25,42050.0,46301.0,17.6015,72.986946,319.0,110.14
2023-08-03 21:00:00,101.38,9.0,8133.25,40450.0,45875.0,16.3515,77.97358,258.0,108.64
2023-08-03 22:00:00,100.46,0.0,8164.75,40700.0,45665.0,14.7515,85.54307,232.0,107.41
2023-08-03 23:00:00,88.92,0.0,7831.75,42400.0,45453.0,14.0515,89.79646,238.0,99.34
2023-08-04 00:00:00,90.14,0.0,7397.25,38850.0,42800.0,13.6515,92.15845,297.0,88.63
2023-08-04 01:00:00,83.85,0.0,7076.25,35850.0,41421.0,13.4515,93.05945,353.0,79.59
2023-08-04 02:00:00,80.92,0.0,6932.25,34850.0,40272.0,13.6015,92.762474,422.0,78.13
2023-08-04 03:00:00,79.25,0.0,6800.0,32500.0,39385.0,13.2515,93.04898,486.0,79.2
2023-08-04 04:00:00,78.85,0.0,6874.75,31600.0,39209.0,12.9515,93.03321,537.0,80.02
2023-08-04 05:00:00,82.05,0.0,7034.25,32200.0,39520.0,13.1515,92.433014,575.0,89.53
2023-08-04 06:00:00,86.36,50.0,7477.5,33950.0,41438.0,12.9015,93.64598,618.0,98.26
2023-08-04 07:00:00,91.29,470.0,8062.25,36550.0,43089.0,12.9515,93.95732,620.0,111.05
2023-08-04 08:00:00,114.94,1097.0,8479.25,39350.0,44722.0,14.3015,90.40546,597.0,112.99
2023-08-04 09:00:00,101.6,1631.0,8774.5,41800.0,45720.0,15.7015,85.92103,552.0,107.87
2023-08-04 10:00:00,95.16,2080.0,8960.75,43150.0,46170.0,16.7015,80.35317,525.0,99.54
2023-08-04 11:00:00,90.68,2281.0,9223.5,43800.0,46786.0,17.2015,77.5937,542.0,93.0
2023-08-04 12:00:00,86.92,2494.0,9194.0,44800.0,47702.0,18.4515,75.06301,574.0,88.71
2023-08-04 13:00:00,80.81,2827.0,9125.25,44750.0,47400.0,19.4515,69.16123,591.0,80.0
2023-08-04 14:00:00,77.84,2977.0,9032.25,43050.0,46583.0,18.0515,75.24076,580.0,75.65
2023-08-04 15:00:00,76.15,2831.0,8895.75,41500.0,46829.0,19.4015,66.93466,563.0,76.1
2023-08-04 16:00:00,76.2,2561.0,8719.0,39950.0,46427.0,20.3015,67.77606,550.0,80.0
2023-08-04 17:00:00,80.0,2093.0,8734.0,39100.0,46913.0,19.0015,67.511215,521.0,88.43
2023-08-04 18:00:00,98.11,1491.0,8581.75,40150.0,47046.0,19.0515,69.08249,441.0,91.59
2023-08-04 19:00:00,116.0,809.0,8393.75,40650.0,46770.0,18.8515,69.268814,343.0,105.92
2023-08-04 20:00:00,123.98,213.0,8275.5,38950.0,45203.0,18.1015,72.83774,247.0,110.82
2023-08-04 21:00:00,124.24,8.0,8073.75,38150.0,44920.0,16.6515,80.084755,180.0,116.39
2023-08-04 22:00:00,107.89,0.0,8074.75,38650.0,44135.0,14.7515,89.55618,145.0,111.69
2023-08-04 23:00:00,98.49,0.0,7721.75,40300.0,43762.0,13.6515,93.0699,116.0,101.67
2023-08-05 00:00:00,101.55,0.0,7308.5,37700.0,41787.0,13.3515,93.66759,63.0,103.09
2023-08-05 01:00:00,94.9,0.0,7068.25,34450.0,40878.0,12.1515,96.12131,57.0,94.0
2023-08-05 02:00:00,92.58,0.0,6810.0,33250.0,40232.0,12.0015,96.435265,83.0,91.17
2023-08-05 03:00:00,90.3,0.0,6698.0,30600.0,39820.0,12.0515,96.75589,147.0,85.66
2023-08-05 04:00:00,90.24,0.0,6658.5,29350.0,38743.0,12.2015,96.759636,259.0,88.97
2023-08-05 05:00:00,90.54,0.0,6606.0,29250.0,38735.0,12.3015,96.12577,407.0,87.03
2023-08-05 06:00:00,91.77,51.0,6676.0,29600.0,38935.0,12.5515,95.81699,598.0,85.7
2023-08-05 07:00:00,88.66,480.0,6989.25,30450.0,38409.0,13.0015,95.51717,824.0,87.91
2023-08-05 08:00:00,87.21,1097.0,7376.25,32300.0,39511.0,14.0015,92.7842,1049.0,85.79
2023-08-05 09:00:00,85.1,1617.0,7835.0,34800.0,40949.0,15.1015,89.00118,1286.0,81.71
2023-08-05 10:00:00,80.1,2062.0,8094.0,36600.0,41716.0,15.7015,84.80765,1505.0,75.5
2023-08-05 11:00:00,70.54,2153.0,8255.5,37550.0,42118.0,16.2015,78.46439,1721.0,63.75
2023-08-05 12:00:00,65.01,1807.0,8282.5,39450.0,42813.0,16.9015,74.07023,1977.0,58.14
2023-08-05 13:00:00,58.91,1326.0,8072.0,39900.0,42171.0,17.1015,71.00255,2212.0,39.96
2023-08-05 14:00:00,58.04,1023.0,7884.75,37450.0,41594.0,15.1515,80.93702,2270.0,13.5
2023-08-05 15:00:00,51.24,886.0,7747.0,36250.0,40354.0,14.9515,83.8952,2267.0,19.21
2023-08-05 16:00:00,51.76,775.0,7803.0,34950.0,39923.0,16.2015,74.93214,2249.0,4.62
2023-08-05 17:00:00,61.45,682.0,7998.0,34550.0,40111.0,16.2015,76.17723,2336.0,48.64
2023-08-05 18:00:00,66.81,531.0,7983.5,35400.0,40454.0,16.7515,80.35999,2406.0,72.08
2023-08-05 19:00:00,70.0,312.0,7893.5,36500.0,41192.0,16.5515,79.809944,2299.0,89.69
2023-08-05 20:00:00,90.34,88.0,7882.0,35650.0,42928.0,15.9015,87.34915,2041.0,100.19
2023-08-05 21:00:00,96.65,2.0,7778.0,34600.0,43617.0,15.1015,89.29169,1646.0,101.34
2023-08-05 22:00:00,94.07,0.0,7850.75,35700.0,44297.0,15.1515,89.29561,1351.0,100.81
2023-08-05 23:00:00,86.24,0.0,7585.75,37700.0,44785.0,14.8515,90.15006,1125.0,92.18
2023-08-06 00:00:00,78.7,0.0,7152.5,35700.0,42027.0,14.6015,90.72248,1367.0,84.5
2023-08-06 01:00:00,30.0,0.0,6835.75,32850.0,41111.0,14.7515,91.923035,1738.0,74.9
2023-08-06 02:00:00,31.5,0.0,6616.5,31450.0,38890.0,14.4515,92.20527,2046.0,67.81
2023-08-06 03:00:00,22.59,0.0,6535.25,29450.0,37512.0,14.6015,93.42269,2298.0,57.79
2023-08-06 04:00:00,22.66,0.0,6538.5,28150.0,34985.0,14.3015,96.811516,2492.0,51.6
2023-08-06 05:00:00,11.28,0.0,6497.25,27650.0,34228.0,14.0015,96.804184,2709.0,51.7
2023-08-06 06:00:00,0.1,15.0,6491.5,27850.0,34247.0,14.0515,96.490944,2857.0,47.34
2023-08-06 07:00:00,41.05,166.0,6648.25,27900.0,34183.0,13.9515,95.23844,2928.0,37.0
2023-08-06 08:00:00,26.59,448.0,6934.5,29450.0,35959.0,13.9515,92.7815,2893.0,29.82
2023-08-06 09:00:00,22.23,677.0,7289.5,31750.0,36661.0,13.8515,91.567795,2977.0,8.48
2023-08-06 10:00:00,0.0,957.0,7583.5,34050.0,37802.0,14.1015,90.09531,3103.0,-0.01
2023-08-06 11:00:00,-10.0,1178.0,7817.25,35750.0,38923.0,15.4515,82.04807,3236.0,-14.62
2023-08-06 12:00:00,-10.0,1386.0,7877.25,37700.0,38992.0,15.2515,74.275925,3363.0,-28.03
2023-08-06 13:00:00,1.9,1564.0,7750.5,37750.0,38921.0,15.9515,76.64071,3487.0,-84.07
2023-08-06 14:00:00,-0.9,1475.0,7587.5,35100.0,37887.0,14.9015,80.903625,3631.0,-85.58
2023-08-06 15:00:00,0.2,1347.0,7346.5,33550.0,38307.0,14.7015,79.02363,3761.0,-67.59
2023-08-06 16:00:00,0.0,1124.0,7405.75,32250.0,38369.0,14.6515,80.33662,3844.0,-26.91
2023-08-06 17:00:00,0.0,906.0,7603.25,32100.0,38028.0,14.5015,83.017494,3825.0,-7.86
2023-08-06 18:00:00,40.0,693.0,7796.0,33300.0,41859.0,15.1515,76.767426,3702.0,7.45
2023-08-06 19:00:00,63.25,423.0,7916.75,35350.0,42429.0,15.7515,66.38882,3503.0,74.99
2023-08-06 20:00:00,76.85,116.0,7923.75,35300.0,41529.0,15.4015,66.987175,3266.0,84.99
2023-08-06 21:00:00,77.41,3.0,7860.5,35150.0,40913.0,14.5015,70.03238,3025.0,86.36
2023-08-06 22:00:00,71.86,0.0,7831.5,35750.0,40909.0,13.7015,74.757484,2862.0,86.19
2023-08-06 23:00:00,59.85,0.0,7434.25,37500.0,39991.0,13.3015,78.029366,2747.0,70.05
2023-08-07 00:00:00,54.51,0.0,7113.0,35550.0,36817.0,12.8515,80.35639,2380.0,61.03
2023-08-07 01:00:00,49.49,0.0,6893.0,33000.0,34290.0,12.4015,82.48395,2383.0,50.51
2023-08-07 02:00:00,36.81,0.0,6701.5,31950.0,32299.0,12.2015,82.18196,2358.0,44.09
2023-08-07 03:00:00,7.22,0.0,6655.0,30150.0,32064.0,11.9515,84.392494,2292.0,30.3
2023-08-07 04:00:00,14.4,0.0,6729.0,29450.0,32095.0,11.9015,85.24184,2113.0,28.91
2023-08-07 05:00:00,65.03,0.0,6981.25,30250.0,36270.0,11.7015,86.9556,1894.0,50.31
2023-08-07 06:00:00,72.22,44.0,7514.5,32050.0,37641.0,11.7015,87.24782,1658.0,73.6
2023-08-07 07:00:00,96.66,428.0,8081.75,33850.0,39908.0,12.0015,86.9843,1429.0,85.04
2023-08-07 08:00:00,104.47,1243.0,8540.25,36550.0,41614.0,13.3015,81.7734,1296.0,87.69
2023-08-07 09:00:00,85.0,2109.0,8936.25,38550.0,42797.0,14.9515,75.47068,1254.0,86.0
2023-08-07 10:00:00,-8.55,2732.0,9218.0,40000.0,43295.0,15.9515,69.15211,1245.0,74.22
2023-08-07 11:00:00,-13.03,3217.0,9294.75,40600.0,44463.0,17.0015,63.189213,1203.0,67.58
2023-08-07 12:00:00,55.9,3576.0,9171.25,42100.0,44736.0,17.8015,59.27668,1215.0,65.42
2023-08-07 13:00:00,-21.52,3849.0,9200.0,42850.0,44338.0,17.9515,61.532814,1222.0,59.78
2023-08-07 14:00:00,-51.42,3970.0,9075.0,41500.0,44247.0,17.9515,62.150814,1235.0,59.3
2023-08-07 15:00:00,47.66,3707.0,8906.0,40500.0,44325.0,18.3015,58.60868,1240.0,60.18
2023-08-07 16:00:00,74.55,3252.0,8842.75,39450.0,43714.0,18.8015,55.115845,1210.0,67.66
2023-08-07 17:00:00,84.03,2623.0,8979.0,38800.0,44131.0,18.9515,53.51241,1203.0,74.91
2023-08-07 18:00:00,85.1,1798.0,8939.25,39600.0,44249.0,18.7015,53.267414,1148.0,82.09
2023-08-07 19:00:00,107.02,817.0,8819.0,40950.0,44203.0,18.1515,57.986492,1131.0,91.77
2023-08-07 20:00:00,134.16,173.0,8525.5,39900.0,43472.0,17.3515,63.904446,1166.0,97.77
2023-08-07 21:00:00,144.0,5.0,8326.0,38600.0,42742.0,15.8015,70.28544,1176.0,94.62
2023-08-07 22:00:00,138.5,0.0,8295.25,38850.0,42141.0,14.3015,75.36242,1134.0,95.13
2023-08-07 23:00:00,127.17,0.0,7891.5,40250.0,41900.0,13.9515,77.34862,1158.0,87.92
2023-08-08 00:00:00,107.52,0.0,7376.25,37450.0,39589.0,13.7515,79.67903,1281.0,68.47
2023-08-08 01:00:00,88.0,0.0,7047.5,34850.0,37983.0,13.3515,84.26877,1343.0,58.89
2023-08-08 02:00:00,85.0,0.0,6965.75,34100.0,36701.0,13.0015,90.91146,1374.0,57.86
2023-08-08 03:00:00,63.69,0.0,6932.5,32250.0,36198.0,12.8515,93.95273,1334.0,56.94
2023-08-08 04:00:00,63.61,0.0,7019.25,30900.0,36145.0,12.7515,95.194695,1257.0,57.9
2023-08-08 05:00:00,99.0,0.0,7252.25,31600.0,36961.0,12.7015,95.506874,1175.0,63.4
2023-08-08 06:00:00,98.87,35.0,7749.5,33050.0,38320.0,12.5515,95.5017,1130.0,75.34
2023-08-08 07:00:00,97.57,404.0,8367.75,35100.0,40441.0,12.5515,95.81699,1120.0,90.91
2023-08-08 08:00:00,123.21,980.0,8866.0,38250.0,42787.0,13.7515,91.86247,1146.0,90.58
2023-08-08 09:00:00,123.54,1466.0,9263.5,40350.0,44465.0,15.2515,83.65482,1196.0,88.18
2023-08-08 10:00:00,113.08,2081.0,9411.25,41750.0,46095.0,16.3015,75.44454,1345.0,77.0
2023-08-08 11:00:00,73.59,2668.0,9523.75,42900.0,46513.0,17.2015,68.9424,1559.0,67.07
2023-08-08 12:00:00,-46.69,3118.0,9394.25,44550.0,46268.0,18.3515,61.42115,1767.0,67.1
2023-08-08 13:00:00,45.69,3502.0,9350.25,44650.0,45493.0,18.5515,58.669506,1942.0,61.96
2023-08-08 14:00:00,48.9,3432.0,9254.0,42900.0,45799.0,17.9515,64.89253,2131.0,53.09
2023-08-08 15:00:00,60.0,2906.0,9123.25,41650.0,45913.0,18.4015,61.637177,2410.0,48.26
2023-08-08 16:00:00,89.07,2144.0,9051.25,40500.0,45914.0,18.2515,63.892376,2472.0,54.6
2023-08-08 17:00:00,115.03,1333.0,9157.0,39900.0,45618.0,17.7015,69.727066,2550.0,67.94
2023-08-08 18:00:00,100.0,725.0,9172.75,40700.0,45677.0,18.1015,66.66369,2491.0,79.59
2023-08-08 19:00:00,89.23,329.0,9001.25,41850.0,45345.0,17.2515,75.600914,2431.0,95.05
2023-08-08 20:00:00,100.21,76.0,8701.0,40250.0,44177.0,16.6515,83.27409,2306.0,106.41
2023-08-08 21:00:00,94.49,1.0,8496.0,39200.0,43737.0,15.9515,89.64785,2060.0,112.42
2023-08-08 22:00:00,97.28,0.0,8485.0,39500.0,44288.0,15.7015,90.21161,1801.0,102.55
2023-08-08 23:00:00,75.78,0.0,8010.0,41150.0,44301.0,15.4015,91.07218,1645.0,92.78
2023-08-09 00:00:00,82.48,0.0,7491.25,38300.0,40705.0,15.4515,91.965004,1370.0,89.38
2023-08-09 01:00:00,74.7,0.0,7211.0,35150.0,39451.0,15.4015,93.46207,1091.0,77.54
2023-08-09 02:00:00,71.74,0.0,6954.0,34250.0,38100.0,15.3515,94.67557,857.0,69.62
2023-08-09 03:00:00,68.67,0.0,6840.5,32100.0,37926.0,15.4515,95.599976,695.0,67.07
2023-08-09 04:00:00,74.12,0.0,6891.5,31150.0,38283.0,15.5515,95.60331,581.0,67.53
2023-08-09 05:00:00,83.95,0.0,7153.75,31550.0,39139.0,15.5515,96.220795,515.0,71.49
2023-08-09 06:00:00,98.16,30.0,7716.5,33250.0,41278.0,15.5515,96.53085,463.0,59.82
2023-08-09 07:00:00,105.7,357.0,8417.75,35350.0,42785.0,15.6015,96.84301,416.0,59.07
2023-08-09 08:00:00,106.44,1049.0,8852.5,38300.0,44766.0,15.8015,96.84781,380.0,74.1
2023-08-09 09:00:00,99.63,1893.0,9126.75,40800.0,46591.0,16.5015,92.02739,353.0,74.04
2023-08-09 10:00:00,88.9,2645.0,9256.75,42250.0,47180.0,17.6015,84.19532,355.0,70.2
2023-08-09 11:00:00,55.0,3233.0,9358.5,43450.0,48098.0,18.7015,76.823166,381.0,64.5
2023-08-09 12:00:00,80.19,3812.0,9236.5,44800.0,48193.0,19.9015,68.80214,432.0,52.02
2023-08-09 13:00:00,68.13,4345.0,9186.25,44750.0,47209.0,20.7015,62.980717,452.0,33.08
2023-08-09 14:00:00,8.62,4633.0,8947.0,43000.0,46630.0,20.6515,57.073006,445.0,24.04
2023-08-09 15:00:00,80.32,4487.0,8833.25,41950.0,46674.0,20.8515,55.269257,413.0,18.72
2023-08-09 16:00:00,70.44,3891.0,8778.25,41200.0,46569.0,20.8515,54.54297,393.0,28.29
2023-08-09 17:00:00,68.73,3070.0,8893.0,40500.0,46523.0,20.5515,55.559986,369.0,52.03
2023-08-09 18:00:00,95.05,1998.0,8908.5,41600.0,47375.0,20.1515,56.199776,319.0,65.15
2023-08-09 19:00:00,118.73,871.0,8726.0,42750.0,47274.0,19.3015,59.046825,250.0,71.29
2023-08-09 20:00:00,127.26,178.0,8529.75,41150.0,46218.0,18.0515,64.48588,190.0,74.1
2023-08-09 21:00:00,131.14,4.0,8283.25,40000.0,46151.0,15.4515,76.81492,160.0,65.3
2023-08-09 22:00:00,122.47,0.0,8307.0,40600.0,45229.0,15.8015,69.12221,131.0,65.7
2023-08-09 23:00:00,100.96,0.0,7922.0,42450.0,44308.0,16.2515,64.95398,107.0,39.58
2023-08-10 00:00:00,96.27,0.0,7406.5,39400.0,43760.0,15.7515,66.6121,80.0,20.26
2023-08-10 01:00:00,91.99,0.0,7063.5,36200.0,42946.0,14.4015,73.14148,77.0,9.52
2023-08-10 02:00:00,89.15,0.0,6927.75,35100.0,41785.0,11.7015,86.9556,90.0,3.44
2023-08-10 03:00:00,79.98,0.0,6900.75,32600.0,40999.0,11.3015,88.09449,102.0,5.61
2023-08-10 04:00:00,75.42,0.0,6931.75,31200.0,40048.0,11.8015,85.805695,121.0,1.05
2023-08-10 05:00:00,88.65,0.0,7137.75,31900.0,41363.0,13.4515,79.90316,143.0,12.98
2023-08-10 06:00:00,90.0,38.0,7725.0,33850.0,42881.0,13.8015,77.84448,165.0,40.34
2023-08-10 07:00:00,103.32,379.0,8405.75,36050.0,44188.0,13.6515,79.13428,178.0,59.97
2023-08-10 08:00:00,104.2,1426.0,8834.0,39100.0,45658.0,14.7015,76.69597,179.0,70.13
2023-08-10 09:00:00,98.0,2742.0,9104.0,41600.0,46439.0,16.7015,70.69254,131.0,60.5
2023-08-10 10:00:00,91.04,3847.0,9251.0,43200.0,45621.0,18.6515,58.498386,82.0,45.68
2023-08-10 11:00:00,47.25,4740.0,9388.0,44350.0,46167.0,20.0515,55.618103,59.0,34.64
2023-08-10 12:00:00,50.0,5346.0,9192.0,45700.0,46790.0,21.2515,55.00655,42.0,30.0
2023-08-10 13:00:00,20.56,5801.0,9157.0,45950.0,46759.0,22.2015,54.706497,34.0,26.75
2023-08-10 14:00:00,59.7,5786.0,9117.5,44950.0,46521.0,22.5515,50.1452,28.0,21.7
2023-08-10 15:00:00,35.98,5175.0,9099.75,43600.0,46514.0,23.1515,49.81084,27.0,24.09
2023-08-10 16:00:00,74.79,4212.0,9020.75,42650.0,46645.0,23.4515,51.04871,32.0,25.11
2023-08-10 17:00:00,89.99,3247.0,9049.75,42000.0,47037.0,23.5515,52.08606,42.0,49.63
2023-08-10 18:00:00,99.3,2090.0,8963.5,42800.0,48012.0,23.4015,53.597366,64.0,80.05
2023-08-10 19:00:00,109.25,854.0,8778.5,43800.0,48040.0,23.0515,56.55079,111.0,96.43
2023-08-10 20:00:00,139.51,160.0,8531.0,42500.0,47327.0,22.0515,68.128006,197.0,97.88
2023-08-10 21:00:00,132.1,4.0,8281.75,41800.0,47343.0,19.7015,75.028076,328.0,101.38
2023-08-10 22:00:00,115.46,0.0,8262.5,42000.0,47444.0,18.6515,78.06442,467.0,100.46
2023-08-10 23:00:00,101.11,0.0,7902.5,43450.0,46529.0,18.0015,80.52915,559.0,88.92
2023-08-11 00:00:00,111.24,0.0,7466.0,39350.0,44807.0,17.5515,80.7294,629.0,90.14
2023-08-11 01:00:00,106.27,0.0,7151.5,36200.0,43442.0,17.0515,80.66249,659.0,83.85
2023-08-11 02:00:00,104.03,0.0,7006.5,35000.0,42222.0,16.5515,81.12256,693.0,80.92
2023-08-11 03:00:00,90.41,0.0,6879.75,32600.0,41320.0,16.1515,85.409836,739.0,79.25
2023-08-11 04:00:00,84.74,0.0,6972.75,31600.0,40463.0,16.0515,84.56986,764.0,78.85
2023-08-11 05:00:00,82.02,0.0,7163.5,32350.0,41351.0,16.2515,75.43627,789.0,82.05
2023-08-11 06:00:00,104.0,34.0,7647.25,34150.0,43588.0,16.4015,70.86989,802.0,86.36
2023-08-11 07:00:00,114.88,386.0,8279.0,36200.0,44545.0,16.8015,71.88937,808.0,91.29
2023-08-11 08:00:00,114.98,1377.0,8709.5,39000.0,45816.0,18.3515,72.64529,780.0,114.94
2023-08-11 09:00:00,100.93,2564.0,8993.25,41550.0,46236.0,20.3515,73.94278,587.0,101.6
2023-08-11 10:00:00,87.66,3573.0,9159.25,43250.0,45175.0,22.2015,69.6952,468.0,95.16
2023-08-11 11:00:00,77.16,4371.0,9397.75,44600.0,45024.0,23.6015,66.93788,509.0,90.68
2023-08-11 12:00:00,34.18,4714.0,9348.75,46200.0,44607.0,24.5515,66.71029,644.0,86.92
2023-08-11 13:00:00,19.48,4560.0,9314.75,46250.0,44315.0,25.2515,67.4828,795.0,80.81
2023-08-11 14:00:00,27.05,3947.0,9226.0,44750.0,44239.0,26.3015,62.037167,1022.0,77.84
2023-08-11 15:00:00,58.01,3246.0,9080.25,43500.0,43887.0,25.8515,63.910324,1262.0,76.15
2023-08-11 16:00:00,84.58,2626.0,8901.75,42300.0,44182.0,25.7015,65.49758,1480.0,76.2
2023-08-11 17:00:00,97.98,1860.0,8932.5,41500.0,45966.0,25.6515,65.0788,1540.0,80.0
2023-08-11 18:00:00,108.16,1153.0,8793.75,42200.0,47061.0,24.4015,72.337265,1441.0,98.11
2023-08-11 19:00:00,121.57,625.0,8630.5,42750.0,46213.0,23.7015,74.04329,1302.0,116.0
2023-08-11 20:00:00,138.87,144.0,8532.75,41650.0,45590.0,21.9015,83.87756,1083.0,123.98
2023-08-11 21:00:00,131.31,1.0,8337.0,41200.0,45616.0,20.7515,91.98627,853.0,124.24
2023-08-11 22:00:00,118.56,0.0,8300.25,41350.0,44885.0,20.1515,93.106415,685.0,107.89
2023-08-11 23:00:00,104.16,0.0,7904.5,42500.0,44636.0,19.8515,92.80055,612.0,98.49
2023-08-12 00:00:00,103.54,0.0,7520.25,39200.0,42265.0,19.1515,93.936584,675.0,101.55
2023-08-12 01:00:00,98.19,0.0,7276.75,36000.0,41867.0,18.8515,94.5158,635.0,94.9
2023-08-12 02:00:00,97.63,0.0,7017.25,34900.0,41120.0,18.7015,92.73939,620.0,92.58
2023-08-12 03:00:00,94.93,0.0,6901.25,32050.0,39523.0,18.7515,93.32869,586.0,90.3
2023-08-12 04:00:00,93.91,0.0,6833.25,30800.0,39215.0,18.7515,93.32869,571.0,90.24
2023-08-12 05:00:00,95.05,0.0,6739.0,30600.0,39063.0,18.9015,93.04267,667.0,90.54
2023-08-12 06:00:00,94.2,11.0,6809.5,30950.0,39472.0,19.1515,93.936584,746.0,91.77
2023-08-12 07:00:00,99.45,162.0,7079.75,31200.0,38824.0,19.1515,93.936584,823.0,88.66
2023-08-12 08:00:00,102.05,447.0,7469.75,33400.0,40042.0,19.3515,94.832664,969.0,87.21
2023-08-12 09:00:00,89.29,735.0,7984.0,36100.0,41439.0,19.8515,94.26173,1081.0,85.1
2023-08-12 10:00:00,78.69,1092.0,8267.25,38250.0,41667.0,20.2015,87.45918,1171.0,80.1
2023-08-12 11:00:00,67.46,1526.0,8399.0,39600.0,40870.0,21.0015,78.16251,1241.0,70.54
2023-08-12 12:00:00,52.04,1911.0,8374.25,41650.0,41290.0,21.0515,75.48973,1375.0,65.01
2023-08-12 13:00:00,24.64,2314.0,8164.0,42250.0,38188.0,22.2515,67.95079,1595.0,58.91
2023-08-12 14:00:00,6.0,2701.0,7964.25,40650.0,36944.0,22.0015,69.43512,1932.0,58.04
2023-08-12 15:00:00,6.92,2906.0,7738.75,39650.0,37217.0,22.6515,64.23235,2211.0,51.24
2023-08-12 16:00:00,20.4,2831.0,7760.0,38300.0,39396.0,23.1015,57.859516,2434.0,51.76
2023-08-12 17:00:00,67.58,2435.0,7957.75,38000.0,42766.0,22.8015,54.32394,2544.0,61.45
2023-08-12 18:00:00,87.6,1741.0,8022.25,38850.0,44235.0,22.3015,55.09119,2549.0,66.81
2023-08-12 19:00:00,106.47,804.0,7997.75,39700.0,44127.0,21.8015,57.35584,2469.0,70.0
2023-08-12 20:00:00,111.16,151.0,8046.0,39000.0,43564.0,20.6015,62.549072,2387.0,90.34
2023-08-12 21:00:00,112.28,2.0,7969.25,38300.0,43479.0,19.2515,67.12253,2334.0,96.65
2023-08-12 22:00:00,108.07,0.0,8012.5,38750.0,43529.0,18.3515,71.23732,2292.0,94.07
2023-08-12 23:00:00,101.69,0.0,7715.25,40050.0,43237.0,17.4015,77.12017,2275.0,86.24
2023-08-13 00:00:00,90.1,0.0,7283.75,38000.0,40117.0,16.9515,79.60603,2273.0,78.7
2023-08-13 01:00:00,84.7,0.0,6961.25,35050.0,38904.0,17.0015,79.354256,2245.0,30.0
2023-08-13 02:00:00,78.8,0.0,6735.0,33700.0,37795.0,15.9015,80.50732,2221.0,31.5
2023-08-13 03:00:00,69.66,0.0,6658.5,31150.0,36876.0,15.9015,81.836624,2136.0,22.59
2023-08-13 04:00:00,69.0,0.0,6669.75,29800.0,36416.0,15.6515,83.97527,2029.0,22.66
2023-08-13 05:00:00,72.02,0.0,6633.25,29250.0,36366.0,15.5015,85.06342,1912.0,11.28
2023-08-13 06:00:00,77.89,24.0,6659.5,29750.0,36794.0,15.4515,85.05808,1759.0,0.1
2023-08-13 07:00:00,77.15,371.0,6852.75,29950.0,36616.0,15.9515,82.649574,1550.0,41.05
2023-08-13 08:00:00,71.59,1023.0,7071.75,31600.0,37314.0,17.2015,79.124886,1348.0,26.59
2023-08-13 09:00:00,49.74,1606.0,7418.5,34050.0,38624.0,18.4015,77.52467,1159.0,22.23
2023-08-13 10:00:00,28.31,2248.0,7718.5,36450.0,36457.0,20.0515,71.09253,1035.0,0.0
2023-08-13 11:00:00,14.12,2829.0,7958.25,38100.0,36276.0,20.8515,67.016685,1026.0,-10.0
2023-08-13 12:00:00,3.64,3183.0,8017.75,40250.0,36178.0,21.3015,66.03699,1031.0,-10.0
2023-08-13 13:00:00,-0.95,3337.0,7893.5,40400.0,36385.0,21.6015,65.675865,1110.0,1.9
2023-08-13 14:00:00,1.45,3299.0,7731.5,37950.0,35221.0,21.9515,63.05554,1279.0,-0.9
2023-08-13 15:00:00,6.76,3078.0,7486.75,36950.0,35232.0,21.5015,66.505585,1482.0,0.2
2023-08-13 16:00:00,17.45,2756.0,7542.75,36000.0,36974.0,21.8515,63.85205,1718.0,0.0
2023-08-13 17:00:00,70.91,2228.0,7726.75,35800.0,42016.0,21.9015,62.63855,1853.0,0.0
2023-08-13 18:00:00,89.56,1571.0,7908.5,37300.0,42568.0,22.1015,60.886875,1803.0,40.0
2023-08-13 19:00:00,100.0,762.0,8011.5,39300.0,42569.0,21.3515,64.57216,1632.0,63.25
2023-08-13 20:00:00,110.9,144.0,8004.5,39200.0,42894.0,20.5015,70.719955,1455.0,76.85
2023-08-13 21:00:00,120.0,1.0,7944.0,39400.0,43383.0,18.6515,78.316376,1268.0,77.41
2023-08-13 22:00:00,120.05,0.0,7879.75,39300.0,44124.0,17.1015,85.784744,1144.0,71.86
2023-08-13 23:00:00,114.0,0.0,7469.25,40550.0,44224.0,16.3515,89.389305,1073.0,59.85
2023-08-14 00:00:00,98.02,0.0,7174.0,37250.0,43486.0,15.7015,91.683105,759.0,54.51
2023-08-14 01:00:00,89.63,0.0,6971.0,34600.0,41626.0,15.0515,93.44489,621.0,49.49
2023-08-14 02:00:00,83.19,0.0,6603.5,33600.0,40777.0,14.1015,93.09332,497.0,36.81
2023-08-14 03:00:00,75.59,0.0,6545.25,31350.0,39671.0,13.4015,93.36297,428.0,7.22
2023-08-14 04:00:00,74.02,0.0,6577.25,30450.0,39386.0,13.4515,92.45005,404.0,14.4
2023-08-14 05:00:00,83.1,0.0,6719.75,30800.0,40071.0,13.4515,93.05945,435.0,65.03
2023-08-14 06:00:00,95.94,24.0,7090.5,31900.0,41673.0,14.1015,91.28415,516.0,72.22
2023-08-14 07:00:00,110.0,369.0,7586.75,32750.0,42892.0,14.7515,89.84907,640.0,96.66
2023-08-14 08:00:00,112.86,1210.0,8029.25,35050.0,44267.0,16.3515,84.87797,712.0,104.47
2023-08-14 09:00:00,99.33,2316.0,8389.5,37900.0,45321.0,18.3015,81.87546,719.0,85.0
2023-08-14 10:00:00,82.4,3414.0,8574.25,39900.0,44858.0,20.8515,74.264656,674.0,-8.55
2023-08-14 11:00:00,75.96,4245.0,8728.0,41050.0,45713.0,22.6015,60.414803,647.0,-13.03
2023-08-14 12:00:00,69.93,4793.0,8651.0,42850.0,45890.0,23.5515,56.857193,575.0,55.9
2023-08-14 13:00:00,63.59,4951.0,8550.0,43350.0,46056.0,24.3515,55.60439,522.0,-21.52
2023-08-14 14:00:00,67.04,4885.0,8418.25,41550.0,45643.0,24.7515,52.22777,539.0,-51.42
2023-08-14 15:00:00,74.1,4324.0,8301.75,40250.0,45936.0,25.2515,51.353344,648.0,47.66
2023-08-14 16:00:00,78.63,3391.0,8258.75,39400.0,46646.0,25.5515,51.4314,779.0,74.55
2023-08-14 17:00:00,88.66,2518.0,8399.75,39300.0,46980.0,25.6515,51.789616,939.0,84.03
2023-08-14 18:00:00,97.15,1635.0,8499.0,40400.0,47350.0,25.0015,55.944477,1122.0,85.1
2023-08-14 19:00:00,119.26,747.0,8415.25,41400.0,47349.0,25.0015,58.688656,1135.0,107.02
2023-08-14 20:00:00,126.26,137.0,8265.25,40350.0,47037.0,23.8515,75.232056,1104.0,134.16
2023-08-14 21:00:00,126.2,1.0,8149.25,40000.0,47264.0,21.7015,75.35607,1006.0,144.0
2023-08-14 22:00:00,110.99,0.0,8147.25,40200.0,47117.0,21.2015,80.95278,952.0,138.5
2023-08-14 23:00:00,101.06,0.0,7820.5,41950.0,46697.0,21.4015,80.21841,895.0,127.17
2023-08-15 00:00:00,99.6,0.0,7184.25,38750.0,44235.0,20.6015,83.20518,538.0,107.52
2023-08-15 01:00:00,92.65,0.0,6858.0,35150.0,43017.0,18.3015,81.61276,577.0,88.0
2023-08-15 02:00:00,92.15,0.0,6666.25,33700.0,41203.0,16.9015,88.858795,651.0,85.0
2023-08-15 03:00:00,89.96,0.0,6571.0,30900.0,39728.0,16.9015,87.4403,764.0,63.69
2023-08-15 04:00:00,87.67,0.0,6566.25,29550.0,39151.0,16.4515,89.39705,803.0,63.61
2023-08-15 05:00:00,90.02,0.0,6673.5,29550.0,39494.0,16.3515,89.67813,760.0,99.0
2023-08-15 06:00:00,87.56,19.0,6792.75,30400.0,40790.0,15.8015,91.09857,667.0,98.87
2023-08-15 07:00:00,95.8,328.0,6963.0,30400.0,41634.0,15.9015,89.9346,561.0,97.57
2023-08-15 08:00:00,109.24,1068.0,7285.75,32550.0,43391.0,17.1515,87.18209,451.0,123.21
2023-08-15 09:00:00,89.69,1833.0,7637.5,35350.0,44127.0,19.0515,81.708176,380.0,123.54
2023-08-15 10:00:00,79.54,2502.0,7835.75,37600.0,43386.0,20.5515,76.37626,378.0,113.08
2023-08-15 11:00:00,72.73,3114.0,8030.0,38700.0,43510.0,21.7515,73.013695,409.0,73.59
2023-08-15 12:00:00,60.46,3731.0,8039.75,40100.0,43758.0,21.9015,71.88994,427.0,-46.69
2023-08-15 13:00:00,25.98,4132.0,7865.5,40350.0,42627.0,22.5515,68.88162,413.0,45.69
2023-08-15 14:00:00,23.54,4165.0,7686.5,38350.0,42045.0,23.5015,63.1966,408.0,48.9
2023-08-15 15:00:00,45.85,3959.0,7572.5,37200.0,42293.0,23.6515,62.22957,405.0,60.0
2023-08-15 16:00:00,70.26,3444.0,7565.5,36550.0,44004.0,23.7015,61.4509,427.0,89.07
2023-08-15 17:00:00,82.53,2664.0,7698.75,36450.0,44874.0,23.7015,61.254803,460.0,115.03
2023-08-15 18:00:00,94.09,1696.0,7909.25,38500.0,46501.0,23.5015,61.602108,478.0,100.0
2023-08-15 19:00:00,120.32,735.0,7881.75,40550.0,47100.0,23.2515,60.95589,450.0,89.23
2023-08-15 20:00:00,130.78,127.0,7812.25,39700.0,46751.0,22.2515,68.603935,416.0,100.21
2023-08-15 21:00:00,133.04,0.0,7891.0,39400.0,46743.0,20.0015,77.02475,387.0,94.49
2023-08-15 22:00:00,125.38,0.0,7775.5,39650.0,46896.0,18.6015,78.81519,354.0,97.28
2023-08-15 23:00:00,107.89,0.0,7420.25,41600.0,46722.0,18.0015,79.23914,322.0,75.78
2023-08-16 00:00:00,106.78,0.0,7135.25,37950.0,42835.0,18.3515,77.26683,171.0,82.48
2023-08-16 01:00:00,97.45,0.0,6853.5,34850.0,42936.0,18.4015,78.27948,125.0,74.7
2023-08-16 02:00:00,91.51,0.0,6713.0,33900.0,42306.0,17.0515,85.77967,93.0,71.74
2023-08-16 03:00:00,85.0,0.0,6660.75,31600.0,41390.0,17.1015,85.784744,79.0,68.67
2023-08-16 04:00:00,81.28,0.0,6822.75,30650.0,41306.0,16.5515,89.11718,78.0,74.12
2023-08-16 05:00:00,90.56,0.0,7167.75,31250.0,41912.0,16.8015,87.7135,85.0,83.95
2023-08-16 06:00:00,110.62,17.0,7726.25,33050.0,43907.0,16.2015,91.713875,93.0,98.16
2023-08-16 07:00:00,127.12,337.0,8300.75,35100.0,44932.0,16.0515,92.00073,95.0,105.7
2023-08-16 08:00:00,125.78,1066.0,8895.0,38200.0,45599.0,16.7015,90.283264,83.0,106.44
2023-08-16 09:00:00,109.49,1900.0,9255.25,41500.0,46897.0,17.8515,86.6898,61.0,99.63
2023-08-16 10:00:00,99.21,2797.0,9434.0,43550.0,47681.0,19.2515,80.43871,58.0,88.9
2023-08-16 11:00:00,93.97,3596.0,9623.75,45050.0,47020.0,20.6015,73.74932,65.0,55.0
2023-08-16 12:00:00,87.56,4029.0,9511.25,46800.0,47253.0,21.7515,68.94471,68.0,80.19
2023-08-16 13:00:00,84.57,4003.0,9478.0,47100.0,48335.0,22.8515,63.865757,75.0,68.13
2023-08-16 14:00:00,80.18,3675.0,9261.25,46000.0,47836.0,21.7015,67.84035,89.0,8.62
2023-08-16 15:00:00,80.48,3128.0,9173.0,44850.0,47476.0,22.6015,66.73297,114.0,80.32
2023-08-16 16:00:00,88.8,2534.0,9135.25,43650.0,47792.0,22.6515,69.12029,160.0,70.44
2023-08-16 17:00:00,103.57,1889.0,9263.0,43000.0,49560.0,22.8515,67.854774,231.0,68.73
2023-08-16 18:00:00,126.32,1236.0,9286.5,43500.0,50494.0,23.0015,65.1345,337.0,95.05
2023-08-16 19:00:00,151.11,586.0,9110.75,44100.0,50574.0,22.4015,67.76447,470.0,118.73
2023-08-16 20:00:00,138.92,102.0,8915.0,42600.0,50236.0,21.5015,74.13849,635.0,127.26
2023-08-16 21:00:00,136.1,0.0,8666.5,41950.0,50114.0,20.5515,76.37626,784.0,131.14
2023-08-16 22:00:00,119.9,0.0,8633.0,41900.0,49757.0,19.7515,77.48053,882.0,122.47
2023-08-16 23:00:00,99.99,0.0,8193.5,43200.0,50300.0,18.9515,79.37367,946.0,100.96
2023-08-17 00:00:00,104.88,0.0,7657.0,39350.0,47934.0,18.4015,80.58281,1346.0,96.27
2023-08-17 01:00:00,98.38,0.0,7273.0,36300.0,45200.0,17.6515,82.323,1269.0,91.99
2023-08-17 02:00:00,97.95,0.0,7102.0,35100.0,44117.0,16.8515,84.657455,1187.0,89.15
2023-08-17 03:00:00,94.42,0.0,7055.75,32450.0,43127.0,16.8015,84.926384,1122.0,79.98
2023-08-17 04:00:00,83.43,0.0,7091.25,31600.0,42835.0,17.0515,84.67925,1066.0,75.42
2023-08-17 05:00:00,91.07,0.0,7324.0,32150.0,42836.0,17.4515,83.36814,1001.0,88.65
2023-08-17 06:00:00,93.4,14.0,7943.75,33950.0,45014.0,17.3015,85.25418,939.0,90.0
2023-08-17 07:00:00,113.25,301.0,8648.0,36050.0,47436.0,17.3015,85.805046,874.0,103.32
2023-08-17 08:00:00,123.57,1003.0,9103.75,38900.0,48664.0,17.6015,82.849724,806.0,104.2
2023-08-17 09:00:00,110.81,1746.0,9382.75,41900.0,49748.0,17.7015,81.53592,761.0,98.0
2023-08-17 10:00:00,100.09,2391.0,9540.5,43750.0,50041.0,17.8515,81.03057,756.0,91.04
2023-08-17 11:00:00,95.21,2695.0,9720.25,45000.0,48905.0,18.1015,81.324936,788.0,47.25
2023-08-17 12:00:00,91.62,2661.0,9570.75,46650.0,49465.0,19.6015,77.95535,821.0,50.0
2023-08-17 13:00:00,89.98,2553.0,9495.75,46950.0,49698.0,21.1015,73.60022,826.0,20.56
2023-08-17 14:00:00,89.98,2375.0,9424.75,45850.0,49477.0,20.3015,75.85093,849.0,59.7
2023-08-17 15:00:00,89.26,2167.0,9376.75,44550.0,49183.0,20.7015,75.19283,845.0,35.98
2023-08-17 16:00:00,89.99,1986.0,9268.0,43300.0,48453.0,21.0515,74.772964,832.0,74.79
2023-08-17 17:00:00,96.52,1661.0,9307.75,43000.0,48946.0,21.4515,72.49804,809.0,89.99
2023-08-17 18:00:00,103.6,1206.0,9244.75,43750.0,50017.0,21.9015,69.85998,752.0,99.3
2023-08-17 19:00:00,128.92,601.0,9138.75,44300.0,49827.0,21.4015,70.66229,684.0,109.25
2023-08-17 20:00:00,133.54,103.0,8947.0,43050.0,49099.0,20.8015,74.731384,643.0,139.51
2023-08-17 21:00:00,128.52,0.0,8731.0,42250.0,48748.0,19.0515,83.55393,579.0,132.1
2023-08-17 22:00:00,116.63,0.0,8692.0,42100.0,48577.0,17.7515,90.93545,506.0,115.46
2023-08-17 23:00:00,105.07,0.0,8303.5,42850.0,48581.0,17.3515,92.666565,448.0,101.11
2023-08-18 00:00:00,104.04,0.0,7815.25,40300.0,46232.0,17.4015,93.2616,529.0,111.24
2023-08-18 01:00:00,91.24,0.0,7482.5,37300.0,45072.0,16.9015,94.43545,476.0,106.27
2023-08-18 02:00:00,97.28,0.0,7340.0,36150.0,42758.0,16.6515,95.63969,439.0,104.03
2023-08-18 03:00:00,79.07,0.0,7212.5,33700.0,41657.0,16.6515,96.25218,399.0,90.41
2023-08-18 04:00:00,80.9,0.0,7333.75,32700.0,40690.0,16.7015,96.56102,363.0,84.74
2023-08-18 05:00:00,87.52,0.0,7567.0,33200.0,41689.0,16.8015,96.87166,317.0,82.02
2023-08-18 06:00:00,104.72,7.0,8096.75,35050.0,43949.0,16.8515,96.5649,278.0,104.0
2023-08-18 07:00:00,105.19,219.0,8750.25,37100.0,45474.0,16.5515,97.17523,259.0,114.88
2023-08-18 08:00:00,113.8,822.0,9188.75,40100.0,47285.0,17.4015,94.45621,220.0,114.98
2023-08-18 09:00:00,106.83,1775.0,9465.5,42950.0,48635.0,18.3515,90.9752,167.0,100.93
2023-08-18 10:00:00,95.85,2876.0,9624.0,44700.0,48832.0,19.9015,86.33705,141.0,87.66
2023-08-18 11:00:00,89.05,3701.0,9862.25,46050.0,48465.0,22.1515,79.319336,147.0,77.16
2023-08-18 12:00:00,86.28,4234.0,9793.0,47750.0,49078.0,23.7015,75.20778,154.0,34.18
2023-08-18 13:00:00,82.85,4273.0,9735.0,47900.0,49341.0,25.1515,69.16868,143.0,19.48
2023-08-18 14:00:00,84.16,3894.0,9667.0,46350.0,49124.0,23.3015,78.98659,159.0,27.05
2023-08-18 15:00:00,86.72,3236.0,9529.75,45350.0,48562.0,24.4015,75.789345,176.0,58.01
2023-08-18 16:00:00,95.39,2553.0,9356.0,44100.0,48787.0,25.2515,72.93727,206.0,84.58
2023-08-18 17:00:00,108.07,1880.0,9381.5,43500.0,49313.0,26.5015,67.52255,263.0,97.98
2023-08-18 18:00:00,116.15,1220.0,9231.75,44250.0,48969.0,26.8515,67.59217,343.0,108.16
2023-08-18 19:00:00,125.78,546.0,9077.75,44700.0,48762.0,26.1515,72.64454,426.0,121.57
2023-08-18 20:00:00,132.54,89.0,8999.75,43100.0,48513.0,25.0515,78.746414,561.0,138.87
2023-08-18 21:00:00,118.69,0.0,8808.0,42750.0,48627.0,23.7015,82.79298,728.0,131.31
2023-08-18 22:00:00,100.0,0.0,8727.25,42400.0,47716.0,23.1015,84.5316,924.0,118.56
2023-08-18 23:00:00,89.49,0.0,8307.25,43800.0,46905.0,22.9015,85.56101,1087.0,104.16
2023-08-19 00:00:00,97.48,0.0,7861.25,40850.0,43671.0,22.3515,89.287964,1000.0,103.54
2023-08-19 01:00:00,90.19,0.0,7615.5,37600.0,41688.0,22.2015,90.10671,973.0,98.19
2023-08-19 02:00:00,67.0,0.0,7432.5,36350.0,40672.0,23.3515,81.23001,900.0,97.63
2023-08-19 03:00:00,64.39,0.0,7288.0,33700.0,39133.0,23.7015,77.82638,825.0,94.93
2023-08-19 04:00:00,57.79,0.0,7201.5,32550.0,38962.0,24.1015,74.8058,786.0,93.91
2023-08-19 05:00:00,64.96,0.0,7157.0,32450.0,38756.0,24.7015,70.82949,820.0,95.05
2023-08-19 06:00:00,78.95,9.0,7254.25,32750.0,39052.0,24.9015,70.20719,811.0,94.2
2023-08-19 07:00:00,82.4,238.0,7611.0,33350.0,40045.0,25.0515,69.36542,787.0,99.45
2023-08-19 08:00:00,83.02,756.0,8034.25,35600.0,41423.0,24.8015,74.22761,940.0,102.05
2023-08-19 09:00:00,79.37,1194.0,8501.0,38300.0,42974.0,24.6015,80.14863,1126.0,89.29
2023-08-19 10:00:00,69.4,1594.0,8752.25,40400.0,42874.0,24.9015,79.45395,1258.0,78.69
2023-08-19 11:00:00,41.83,2093.0,8905.0,41900.0,42935.0,25.1015,72.91125,1461.0,67.46
2023-08-19 12:00:00,25.45,2658.0,8914.75,44150.0,41121.0,25.3515,70.50998,1617.0,52.04
2023-08-19 13:00:00,14.86,3249.0,8677.25,44750.0,40993.0,25.7015,66.52807,1762.0,24.64
2023-08-19 14:00:00,12.59,3694.0,8446.5,43100.0,40676.0,23.3515,74.449,1941.0,6.0
2023-08-19 15:00:00,25.01,3698.0,8274.5,42600.0,42156.0,22.7515,75.05312,1991.0,6.92
2023-08-19 16:00:00,53.3,3423.0,8312.5,41800.0,44173.0,24.4515,65.029465,2033.0,20.4
2023-08-19 17:00:00,72.16,2853.0,8490.0,41550.0,45395.0,25.5515,59.005577,2012.0,67.58
2023-08-19 18:00:00,91.83,1818.0,8503.75,42150.0,46303.0,25.8515,57.416256,1837.0,87.6
2023-08-19 19:00:00,118.89,677.0,8374.5,42600.0,45505.0,25.7515,59.993305,1514.0,106.47
2023-08-19 20:00:00,129.36,89.0,8378.5,41650.0,45080.0,24.4015,72.563034,1216.0,111.16
2023-08-19 21:00:00,132.53,0.0,8298.5,41000.0,44915.0,22.5015,74.77648,975.0,112.28
2023-08-19 22:00:00,123.71,0.0,8339.75,41400.0,45001.0,21.3515,75.29911,796.0,108.07
2023-08-19 23:00:00,112.54,0.0,8089.5,42950.0,44624.0,19.2515,87.65074,655.0,101.69
2023-08-20 00:00:00,113.99,0.0,7649.75,39750.0,43724.0,18.2015,93.30149,404.0,90.1
2023-08-20 01:00:00,110.59,0.0,7311.5,36750.0,43220.0,17.4015,95.05856,341.0,84.7
2023-08-20 02:00:00,105.17,0.0,7121.75,35250.0,42693.0,18.4515,88.983406,313.0,78.8
2023-08-20 03:00:00,104.97,0.0,6952.5,33000.0,41402.0,18.9015,87.61973,292.0,69.66
2023-08-20 04:00:00,102.68,0.0,6964.0,31600.0,40726.0,19.4515,86.566826,274.0,69.0
2023-08-20 05:00:00,104.12,0.0,6894.25,31200.0,40747.0,18.8515,87.89371,263.0,72.02
2023-08-20 06:00:00,103.95,12.0,6907.75,31200.0,40669.0,17.9515,92.405304,253.0,77.89
2023-08-20 07:00:00,99.69,299.0,7004.75,31350.0,40476.0,16.7015,94.42709,231.0,77.15
2023-08-20 08:00:00,98.99,1272.0,7346.5,32850.0,40941.0,18.0515,91.82624,187.0,71.59
2023-08-20 09:00:00,86.62,2480.0,7737.75,35350.0,42026.0,19.9015,79.7606,119.0,49.74
2023-08-20 10:00:00,73.23,3584.0,8057.0,37450.0,42620.0,21.3515,68.20651,81.0,28.31
2023-08-20 11:00:00,44.0,4572.0,8293.5,39300.0,42153.0,22.6515,62.203766,63.0,14.12
2023-08-20 12:00:00,28.27,5118.0,8353.25,41250.0,41732.0,23.7015,58.378727,46.0,3.64
2023-08-20 13:00:00,13.25,5149.0,8221.75,41700.0,40734.0,24.6515,55.857964,32.0,-0.95
2023-08-20 14:00:00,13.84,4606.0,8043.75,40000.0,41061.0,25.3015,52.707947,30.0,1.45
2023-08-20 15:00:00,33.81,3986.0,7781.25,39150.0,41902.0,25.8515,52.67973,34.0,6.76
2023-08-20 16:00:00,78.98,3471.0,7848.0,38500.0,44641.0,26.4015,51.32207,45.0,17.45
2023-08-20 17:00:00,95.1,2710.0,8045.0,38600.0,45810.0,26.3515,51.47373,61.0,70.91
2023-08-20 18:00:00,112.0,1688.0,8229.5,39650.0,46401.0,26.2515,52.27821,88.0,89.56
2023-08-20 19:00:00,128.8,644.0,8330.25,40900.0,45857.0,25.9515,55.8221,128.0,100.0
2023-08-20 20:00:00,138.62,85.0,8317.0,40750.0,46155.0,24.8015,69.3175,178.0,110.9
2023-08-20 21:00:00,139.54,0.0,8273.5,41300.0,46190.0,22.0515,73.06615,205.0,120.0
2023-08-20 22:00:00,126.71,0.0,8240.75,41800.0,46033.0,20.4015,75.625145,207.0,120.05
2023-08-20 23:00:00,111.95,0.0,7872.0,43450.0,45976.0,19.6515,78.46305,208.0,114.0
2023-08-21 00:00:00,111.95,0.0,7469.75,40300.0,45235.0,19.3015,77.41215,241.0,98.02
2023-08-21 01:00:00,101.67,0.0,7291.25,37550.0,44126.0,18.8515,78.59817,224.0,89.63
2023-08-21 02:00:00,98.71,0.0,7073.75,36900.0,42841.0,18.7015,78.07187,209.0,83.19
2023-08-21 03:00:00,94.92,0.0,7000.25,34550.0,41892.0,18.4515,79.81543,189.0,75.59
2023-08-21 04:00:00,95.49,0.0,7075.25,33550.0,41514.0,17.1015,88.022644,165.0,74.02
2023-08-21 05:00:00,105.42,0.0,7433.5,34150.0,42761.0,16.7515,90.86864,142.0,83.1
2023-08-21 06:00:00,129.57,10.0,8082.75,36000.0,44474.0,16.4515,92.3205,120.0,95.94
2023-08-21 07:00:00,150.02,286.0,8736.75,37650.0,45097.0,16.2515,91.42212,103.0,110.0
2023-08-21 08:00:00,136.01,1292.0,9262.0,40400.0,46288.0,17.4515,85.82024,86.0,112.86
2023-08-21 09:00:00,115.05,2568.0,9647.0,43350.0,47217.0,19.0015,80.66297,61.0,99.33
2023-08-21 10:00:00,104.02,3675.0,9867.25,45100.0,47773.0,20.4515,73.01837,52.0,82.4
2023-08-21 11:00:00,101.51,4630.0,9951.0,46900.0,47227.0,21.8515,66.15221,51.0,75.96
2023-08-21 12:00:00,101.1,5204.0,9832.25,48950.0,48008.0,23.0515,60.519386,46.0,69.93
2023-08-21 13:00:00,101.1,5437.0,9829.25,49750.0,47866.0,23.9515,57.32281,48.0,63.59
2023-08-21 14:00:00,98.02,5399.0,9700.25,48700.0,47488.0,24.6515,52.201904,53.0,67.04
2023-08-21 15:00:00,96.81,4985.0,9557.5,48000.0,46977.0,25.1015,50.00211,47.0,74.1
2023-08-21 16:00:00,100.66,4094.0,9505.0,47100.0,47173.0,25.2515,48.60145,44.0,78.63
2023-08-21 17:00:00,118.69,3055.0,9619.75,46550.0,48382.0,25.2515,48.918316,48.0,88.66
2023-08-21 18:00:00,139.65,1805.0,9612.0,47250.0,49648.0,25.1015,49.35718,53.0,97.15
2023-08-21 19:00:00,173.23,634.0,9456.5,47900.0,49768.0,24.5515,51.67117,65.0,119.26
2023-08-21 20:00:00,184.1,76.0,9115.5,46550.0,49028.0,22.7015,70.68073,82.0,126.26
2023-08-21 21:00:00,160.21,0.0,8947.5,45900.0,48837.0,22.3515,59.387463,109.0,126.2
2023-08-21 22:00:00,136.01,0.0,8853.25,46550.0,47993.0,19.4015,73.541855,147.0,110.99
2023-08-21 23:00:00,115.0,0.0,8417.0,47350.0,47044.0,20.2515,66.67621,185.0,101.06
2023-08-22 00:00:00,113.69,0.0,7934.0,42450.0,45438.0,17.2015,83.608635,355.0,99.6
2023-08-22 01:00:00,103.83,0.0,7627.0,39500.0,43678.0,16.8515,93.23397,365.0,92.65
2023-08-22 02:00:00,101.61,0.0,7406.25,38550.0,42733.0,17.0515,92.05977,323.0,92.15
2023-08-22 03:00:00,101.04,0.0,7344.25,36350.0,42157.0,16.6015,94.4229,303.0,89.96
2023-08-22 04:00:00,94.97,0.0,7407.25,35600.0,41779.0,16.2015,96.239395,285.0,87.67
2023-08-22 05:00:00,106.93,0.0,7702.75,36350.0,42066.0,14.4015,98.71469,273.0,90.02
2023-08-22 06:00:00,120.0,7.0,8340.75,38250.0,44128.0,14.5515,98.079704,265.0,87.56
2023-08-22 07:00:00,143.59,266.0,9005.75,40100.0,46211.0,14.7015,95.26549,269.0,95.8
2023-08-22 08:00:00,136.4,1115.0,9487.25,43150.0,47508.0,16.6015,87.13118,264.0,109.24
2023-08-22 09:00:00,115.91,2175.0,9790.0,46350.0,49030.0,19.0015,80.66297,241.0,89.69
2023-08-22 10:00:00,102.4,3237.0,9911.25,48850.0,48952.0,19.8015,78.73589,233.0,79.54
2023-08-22 11:00:00,99.67,4167.0,10058.0,50600.0,48654.0,21.0515,68.146515,233.0,72.73
2023-08-22 12:00:00,98.17,4844.0,9937.25,52400.0,49527.0,21.6515,62.5824,228.0,60.46
2023-08-22 13:00:00,96.17,5176.0,9889.0,52700.0,49711.0,22.4015,60.36822,214.0,25.98
2023-08-22 14:00:00,96.31,5190.0,9785.75,51750.0,49269.0,22.9015,56.697525,192.0,23.54
2023-08-22 15:00:00,99.41,4777.0,9630.25,50650.0,49160.0,23.8515,54.589783,156.0,45.85
2023-08-22 16:00:00,100.06,3882.0,9537.25,49750.0,49247.0,23.6015,55.597183,131.0,70.26
2023-08-22 17:00:00,108.83,2863.0,9666.5,49350.0,50215.0,23.8015,55.28837,125.0,82.53
2023-08-22 18:00:00,137.0,1675.0,9715.75,49450.0,50652.0,23.9015,55.31337,114.0,94.09
2023-08-22 19:00:00,191.03,579.0,9539.25,49850.0,50360.0,23.7515,57.08991,106.0,120.32
2023-08-22 20:00:00,192.08,62.0,9223.75,47500.0,49667.0,22.4515,78.61988,133.0,130.78
2023-08-22 21:00:00,165.63,0.0,9042.25,46050.0,49311.0,20.0015,77.27123,172.0,133.04
2023-08-22 22:00:00,145.8,0.0,8975.0,45300.0,48480.0,19.2015,79.408875,215.0,125.38
2023-08-22 23:00:00,127.6,0.0,8487.75,46450.0,47850.0,19.7015,76.73223,268.0,107.89
2023-08-23 00:00:00,123.89,0.0,7959.0,43700.0,45328.0,17.5515,87.779884,374.0,106.78
2023-08-23 01:00:00,112.67,0.0,7646.25,40600.0,44340.0,16.8015,93.23145,308.0,97.45
2023-08-23 02:00:00,109.9,0.0,7391.25,39600.0,43049.0,16.6515,92.03625,229.0,91.51
2023-08-23 03:00:00,105.46,0.0,7279.25,37400.0,42048.0,16.6015,92.03327,176.0,85.0
2023-08-23 04:00:00,102.21,0.0,7315.75,36500.0,41519.0,15.3015,94.67355,124.0,81.28
2023-08-23 05:00:00,109.43,0.0,7692.75,37550.0,43159.0,15.1515,94.05693,88.0,90.56
2023-08-23 06:00:00,139.82,6.0,8387.5,39800.0,45060.0,14.2015,96.181755,64.0,110.62
2023-08-23 07:00:00,159.22,243.0,9062.0,41900.0,46153.0,13.3015,100.0,53.0,127.12
2023-08-23 08:00:00,157.41,1005.0,9548.0,45000.0,47384.0,14.8515,98.71914,38.0,125.78
2023-08-23 09:00:00,136.5,2013.0,9806.75,48100.0,47541.0,17.5015,90.91882,19.0,109.49
2023-08-23 10:00:00,121.43,3234.0,9887.25,50150.0,47972.0,19.5015,82.2873,12.0,99.21
2023-08-23 11:00:00,115.06,4260.0,10004.5,51400.0,48005.0,21.4515,74.13002,14.0,93.97
2023-08-23 12:00:00,110.24,4890.0,9920.0,53150.0,48677.0,23.1515,65.79181,22.0,87.56
2023-08-23 13:00:00,107.82,5165.0,9898.0,53650.0,48891.0,24.5015,59.51221,29.0,84.57
2023-08-23 14:00:00,105.66,5144.0,9758.75,53150.0,48279.0,25.0515,46.3791,36.0,80.18
2023-08-23 15:00:00,110.82,4789.0,9690.75,52500.0,48072.0,25.7515,45.5186,47.0,80.48
2023-08-23 16:00:00,117.88,3989.0,9586.25,51700.0,47895.0,26.0515,45.304295,55.0,88.8
2023-08-23 17:00:00,144.74,2912.0,9657.75,51100.0,48449.0,26.1015,45.46581,53.0,103.57
2023-08-23 18:00:00,225.5,1652.0,9643.5,51250.0,50587.0,25.8515,46.90042,59.0,126.32
2023-08-23 19:00:00,276.12,556.0,9378.5,51450.0,50639.0,25.5515,48.99822,81.0,151.11
2023-08-23 20:00:00,286.17,58.0,9163.0,49000.0,49889.0,23.9015,63.89093,110.0,138.92
2023-08-23 21:00:00,240.79,0.0,8919.0,48350.0,48879.0,21.6015,65.46476,137.0,136.1
2023-08-23 22:00:00,172.82,0.0,8871.75,47550.0,47802.0,21.0015,63.04783,159.0,119.9
2023-08-23 23:00:00,138.67,0.0,8503.0,48150.0,46750.0,20.3015,63.51006,184.0,99.99
2023-08-24 00:00:00,133.82,0.0,7901.25,44200.0,46521.0,20.0515,64.28918,360.0,104.88
2023-08-24 01:00:00,124.95,0.0,7529.25,41150.0,45843.0,19.1515,68.206764,371.0,98.38
2023-08-24 02:00:00,118.05,0.0,7380.75,39850.0,44360.0,18.3515,78.77904,364.0,97.95
2023-08-24 03:00:00,110.47,0.0,7346.75,37250.0,43641.0,18.1015,78.48859,379.0,94.42
2023-08-24 04:00:00,105.23,0.0,7370.5,36400.0,43651.0,18.2015,79.52382,426.0,83.43
2023-08-24 05:00:00,111.83,0.0,7644.5,37200.0,44344.0,18.3015,81.350815,453.0,91.07
2023-08-24 06:00:00,137.56,4.0,8291.75,39800.0,45194.0,19.1515,85.44656,469.0,93.4
2023-08-24 07:00:00,152.53,224.0,8967.0,42000.0,46457.0,18.7015,90.13852,434.0,113.25
2023-08-24 08:00:00,150.7,901.0,9467.25,45150.0,47660.0,19.9015,86.33705,411.0,123.57
2023-08-24 09:00:00,131.97,1405.0,9729.0,48150.0,48772.0,21.4515,85.14748,397.0,110.81
2023-08-24 10:00:00,130.02,1367.0,9870.5,49950.0,49214.0,22.4015,81.615616,280.0,100.09
2023-08-24 11:00:00,115.73,1389.0,10049.75,52300.0,49735.0,23.5015,76.83444,212.0,95.21
2023-08-24 12:00:00,119.85,1568.0,9885.0,53800.0,50174.0,25.0515,67.654,235.0,91.62
2023-08-24 13:00:00,114.65,1689.0,9815.0,54050.0,50362.0,26.2515,61.060875,264.0,89.98
2023-08-24 14:00:00,112.0,1774.0,9736.0,53350.0,49983.0,23.2515,77.759895,256.0,89.98
2023-08-24 15:00:00,116.76,1813.0,9674.5,52950.0,49714.0,23.2515,75.84281,233.0,89.26
2023-08-24 16:00:00,123.89,1553.0,9535.5,51950.0,49598.0,22.7515,76.00121,243.0,89.99
2023-08-24 17:00:00,159.04,1055.0,9568.5,51600.0,50628.0,22.9015,78.9301,300.0,96.52
2023-08-24 18:00:00,212.07,729.0,9499.75,51300.0,52974.0,22.0515,83.37321,265.0,103.6
2023-08-24 19:00:00,265.1,331.0,9347.5,51600.0,52333.0,22.5515,81.38065,258.0,128.92
2023-08-24 20:00:00,249.66,36.0,9132.25,49800.0,51799.0,21.9515,88.432434,267.0,133.54
2023-08-24 21:00:00,187.92,0.0,8937.5,48750.0,50443.0,20.0015,91.94229,287.0,128.52
2023-08-24 22:00:00,159.51,0.0,8871.5,47300.0,48674.0,20.1515,91.95111,333.0,116.63
2023-08-24 23:00:00,130.22,0.0,8523.0,48000.0,47734.0,19.9515,92.51622,408.0,105.07
2023-08-25 00:00:00,105.24,0.0,8027.75,43500.0,46023.0,20.4515,90.262886,394.0,104.04
2023-08-25 01:00:00,96.56,0.0,7687.25,40800.0,44804.0,19.7515,91.63989,408.0,91.24
2023-08-25 02:00:00,95.71,0.0,7529.5,39700.0,43389.0,19.2515,89.89395,377.0,97.28
2023-08-25 03:00:00,95.9,0.0,7366.5,37400.0,42862.0,18.7515,90.427795,341.0,79.07
2023-08-25 04:00:00,96.77,0.0,7455.0,36750.0,42767.0,18.4515,93.31387,293.0,80.9
2023-08-25 05:00:00,103.09,0.0,7742.0,37200.0,43834.0,18.5515,95.40079,273.0,87.52
2023-08-25 06:00:00,124.22,2.0,8307.5,39500.0,46015.0,18.4015,97.82755,259.0,104.72
2023-08-25 07:00:00,135.12,106.0,8881.5,41400.0,47324.0,18.1515,98.75109,253.0,105.19
2023-08-25 08:00:00,139.42,428.0,9407.0,44200.0,48537.0,19.2015,94.82691,249.0,113.8
2023-08-25 09:00:00,129.03,821.0,9746.5,47100.0,49400.0,19.6515,91.34671,234.0,106.83
2023-08-25 10:00:00,116.67,1278.0,9904.5,49050.0,49308.0,20.3515,85.839035,237.0,95.85
2023-08-25 11:00:00,110.62,1833.0,10106.5,50450.0,49546.0,21.8015,79.27039,269.0,89.05
2023-08-25 12:00:00,102.13,2380.0,9997.5,52500.0,49872.0,22.6515,74.09856,318.0,86.28
2023-08-25 13:00:00,100.02,2690.0,9921.0,53100.0,50028.0,23.6015,69.962166,366.0,82.85
2023-08-25 14:00:00,96.09,2878.0,9818.5,52400.0,49617.0,22.6015,71.562294,415.0,84.16
2023-08-25 15:00:00,93.03,2623.0,9672.25,51300.0,49292.0,22.1015,73.074875,480.0,86.72
2023-08-25 16:00:00,94.04,2155.0,9497.25,49850.0,48873.0,22.1015,71.244446,552.0,95.39
2023-08-25 17:00:00,100.75,1636.0,9507.25,48650.0,49748.0,20.9515,74.5186,595.0,108.07
2023-08-25 18:00:00,108.46,1042.0,9303.5,48200.0,50809.0,21.3515,72.9435,634.0,116.15
2023-08-25 19:00:00,139.12,422.0,9097.75,48550.0,51142.0,20.6015,74.69804,770.0,125.78
2023-08-25 20:00:00,142.41,42.0,8975.25,46500.0,49916.0,19.9015,76.51816,987.0,132.54
2023-08-25 21:00:00,138.18,0.0,8804.0,45900.0,49026.0,18.4015,84.82515,1233.0,118.69
2023-08-25 22:00:00,127.65,0.0,8696.5,44250.0,47822.0,17.4015,84.71727,1534.0,100.0
2023-08-25 23:00:00,107.77,0.0,8329.0,45250.0,47585.0,16.3515,74.21954,1711.0,89.49
2023-08-26 00:00:00,109.9,0.0,7962.75,41150.0,46080.0,14.8515,77.48822,1609.0,97.48
2023-08-26 01:00:00,104.1,0.0,7686.0,37950.0,45220.0,14.1515,77.89793,1569.0,90.19
2023-08-26 02:00:00,101.91,0.0,7366.5,36850.0,43684.0,14.1515,78.15816,1556.0,67.0
2023-08-26 03:00:00,99.52,0.0,7218.5,34400.0,43081.0,13.6015,81.26873,1594.0,64.39
2023-08-26 04:00:00,92.93,0.0,7204.0,33250.0,42537.0,13.3515,83.154465,1756.0,57.79
2023-08-26 05:00:00,86.5,0.0,7160.5,33150.0,42434.0,13.2015,83.69246,1869.0,64.96
2023-08-26 06:00:00,95.48,4.0,7261.75,33750.0,42712.0,13.3015,82.59599,1920.0,78.95
2023-08-26 07:00:00,95.9,215.0,7486.75,34300.0,43443.0,13.4015,81.513885,1891.0,82.4
2023-08-26 08:00:00,98.3,1163.0,7879.0,36400.0,44659.0,14.1515,78.68092,1813.0,83.02
2023-08-26 09:00:00,92.64,2311.0,8399.25,39550.0,44535.0,15.4015,75.79613,1772.0,79.37
2023-08-26 10:00:00,85.14,3215.0,8613.25,41850.0,43787.0,16.9515,70.50687,1834.0,69.4
2023-08-26 11:00:00,81.25,3560.0,8763.25,42850.0,43849.0,18.3015,61.614025,1740.0,41.83
2023-08-26 12:00:00,81.92,3717.0,8723.25,44450.0,44448.0,19.3015,56.92729,1499.0,25.45
2023-08-26 13:00:00,72.22,3935.0,8526.25,45100.0,44481.0,20.0015,54.32538,1254.0,14.86
2023-08-26 14:00:00,70.47,3857.0,8368.5,43250.0,43874.0,20.1015,59.044106,1096.0,12.59
2023-08-26 15:00:00,80.53,3385.0,8239.0,42250.0,43480.0,20.6015,52.874405,954.0,25.01
2023-08-26 16:00:00,87.13,2770.0,8252.75,41250.0,43901.0,19.4515,60.46689,864.0,53.3
2023-08-26 17:00:00,94.44,2131.0,8354.25,40800.0,45701.0,19.4515,60.46689,825.0,72.16
2023-08-26 18:00:00,101.0,1337.0,8452.5,41650.0,47043.0,18.8015,65.2915,767.0,91.83
2023-08-26 19:00:00,120.0,470.0,8352.75,41750.0,46735.0,18.7015,65.4851,744.0,118.89
2023-08-26 20:00:00,123.64,41.0,8284.5,40450.0,46479.0,17.7515,71.593056,730.0,129.36
2023-08-26 21:00:00,131.2,0.0,8256.5,40400.0,46226.0,16.5515,77.24069,722.0,132.53
2023-08-26 22:00:00,122.98,0.0,8107.0,40050.0,45962.0,15.5515,81.79193,697.0,123.71
2023-08-26 23:00:00,110.63,0.0,7775.75,41650.0,45952.0,15.1015,84.18824,681.0,112.54
2023-08-27 00:00:00,102.39,0.0,7293.5,37900.0,45611.0,14.5515,87.51118,1164.0,113.99
2023-08-27 01:00:00,95.85,0.0,7010.75,35250.0,42690.0,13.9515,90.975586,1109.0,110.59
2023-08-27 02:00:00,94.43,0.0,6788.75,34250.0,41791.0,13.7515,85.438385,1088.0,105.17
2023-08-27 03:00:00,93.99,0.0,6672.25,32200.0,40484.0,14.1515,83.52625,1034.0,104.97
2023-08-27 04:00:00,91.21,0.0,6655.0,31000.0,39908.0,13.5015,87.12643,978.0,102.68
2023-08-27 05:00:00,93.29,0.0,6722.5,30900.0,39824.0,13.3015,87.686554,946.0,104.12
2023-08-27 06:00:00,87.69,3.0,6779.5,31250.0,40178.0,13.1015,88.83817,950.0,103.95
2023-08-27 07:00:00,90.78,206.0,7030.0,31200.0,40478.0,12.7015,91.49492,905.0,99.69
2023-08-27 08:00:00,94.1,994.0,7384.5,32950.0,41986.0,13.6015,88.00372,861.0,98.99
2023-08-27 09:00:00,94.92,1909.0,7715.75,35600.0,42979.0,14.8515,82.24273,838.0,86.62
2023-08-27 10:00:00,93.2,2788.0,8005.0,38000.0,44440.0,15.9515,75.38658,857.0,73.23
2023-08-27 11:00:00,93.93,3437.0,8155.75,39500.0,45233.0,16.7515,70.23565,941.0,44.0
2023-08-27 12:00:00,87.38,3889.0,8315.0,41200.0,45970.0,17.8015,66.38088,1090.0,28.27
2023-08-27 13:00:00,74.5,4027.0,8091.0,41550.0,45164.0,18.7015,60.893482,1185.0,13.25
2023-08-27 14:00:00,47.67,3834.0,7873.75,39150.0,43329.0,19.4015,55.82494,1257.0,13.84
2023-08-27 15:00:00,43.54,3510.0,7680.0,37900.0,42947.0,16.8515,73.33431,1215.0,33.81
2023-08-27 16:00:00,68.36,3024.0,7641.5,36600.0,42422.0,18.4515,60.03041,1111.0,78.98
2023-08-27 17:00:00,76.04,2276.0,7835.75,36550.0,42478.0,18.9515,54.60202,965.0,95.1
2023-08-27 18:00:00,94.11,1387.0,8093.5,37850.0,45182.0,18.9015,59.146687,783.0,112.0
2023-08-27 19:00:00,110.0,464.0,8134.25,39300.0,46294.0,18.3515,57.648384,561.0,128.8
2023-08-27 20:00:00,123.94,37.0,8076.5,39150.0,46932.0,17.2015,64.29856,403.0,138.62
2023-08-27 21:00:00,127.3,0.0,8115.0,39500.0,46865.0,15.1515,73.03158,334.0,139.54
2023-08-27 22:00:00,119.0,0.0,8008.75,39250.0,46967.0,14.4515,76.65613,329.0,126.71
2023-08-27 23:00:00,102.99,0.0,7622.25,40450.0,46229.0,13.9515,79.44221,353.0,111.95
2023-08-28 00:00:00,93.31,0.0,7286.75,37250.0,44477.0,13.3515,82.60219,700.0,111.95
2023-08-28 01:00:00,88.52,0.0,7020.75,34550.0,43260.0,12.8015,85.6229,658.0,101.67
2023-08-28 02:00:00,85.0,0.0,6896.0,33850.0,42374.0,13.1015,87.959625,597.0,98.71
2023-08-28 03:00:00,80.66,0.0,6849.5,32050.0,41920.0,12.6515,91.49174,536.0,94.92
2023-08-28 04:00:00,81.5,0.0,6912.5,31600.0,41819.0,12.1515,94.544716,486.0,95.49
2023-08-28 05:00:00,91.78,0.0,7326.0,32750.0,43538.0,11.8015,95.79283,431.0,105.42
2023-08-28 06:00:00,110.13,2.0,8028.5,35350.0,46771.0,11.4515,96.74081,356.0,129.57
2023-08-28 07:00:00,122.44,191.0,8696.25,37500.0,47386.0,11.5515,96.74333,266.0,150.02
2023-08-28 08:00:00,127.75,948.0,9209.75,40650.0,47609.0,12.6515,93.63393,170.0,136.01
2023-08-28 09:00:00,123.69,1831.0,9533.5,43500.0,49239.0,14.5015,87.79417,104.0,115.05
2023-08-28 10:00:00,101.9,2492.0,9753.0,44900.0,49529.0,16.6515,78.01874,65.0,104.02
2023-08-28 11:00:00,100.0,2867.0,9881.25,46350.0,50714.0,17.6015,71.33065,57.0,101.51
2023-08-28 12:00:00,101.34,3039.0,9765.5,48050.0,51438.0,18.3015,68.93412,57.0,101.1
2023-08-28 13:00:00,102.24,2960.0,9688.0,48350.0,51195.0,19.1015,64.928375,77.0,101.1
2023-08-28 14:00:00,102.61,2619.0,9531.5,46650.0,50284.0,18.9515,60.951992,127.0,98.02
2023-08-28 15:00:00,80.52,2262.0,9413.25,45450.0,48835.0,19.8015,56.862446,187.0,96.81
2023-08-28 16:00:00,85.77,1948.0,9324.0,44450.0,48557.0,19.9015,55.39566,229.0,100.66
2023-08-28 17:00:00,101.9,1466.0,9474.5,43550.0,49208.0,18.6015,65.6795,245.0,118.69
2023-08-28 18:00:00,114.7,909.0,9508.25,43750.0,50054.0,18.3515,73.35841,234.0,139.65
2023-08-28 19:00:00,141.39,349.0,9281.0,44800.0,50635.0,17.6015,74.19066,213.0,173.23
2023-08-28 20:00:00,154.15,27.0,8969.0,43350.0,50583.0,16.2015,80.547966,203.0,184.1
2023-08-28 21:00:00,140.59,0.0,8839.75,43200.0,50294.0,15.3515,89.02132,203.0,160.21
2023-08-28 22:00:00,123.72,0.0,8623.25,42000.0,49429.0,15.5515,87.033165,194.0,136.01
2023-08-28 23:00:00,107.94,0.0,8277.0,43250.0,49038.0,13.8515,93.69147,173.0,115.0
2023-08-29 00:00:00,103.14,0.0,7769.75,39700.0,46440.0,13.1015,95.834595,84.0,113.69
2023-08-29 01:00:00,96.97,0.0,7503.5,37650.0,44602.0,13.2515,95.213,80.0,103.83
2023-08-29 02:00:00,95.04,0.0,7287.5,36850.0,43850.0,13.5515,94.60253,76.0,101.61
2023-08-29 03:00:00,92.81,0.0,7208.25,34750.0,42874.0,12.9015,96.143585,72.0,101.04
2023-08-29 04:00:00,92.43,0.0,7278.5,34000.0,43152.0,12.3015,97.0817,65.0,94.97
2023-08-29 05:00:00,95.97,0.0,7669.25,34800.0,44013.0,11.8515,97.393166,63.0,106.93
2023-08-29 06:00:00,116.62,1.0,8321.5,37350.0,45969.0,10.9515,98.02539,56.0,120.0
2023-08-29 07:00:00,138.61,170.0,9019.5,40100.0,47322.0,11.2015,97.379974,56.0,143.59
2023-08-29 08:00:00,143.95,925.0,9531.0,42950.0,48399.0,12.6515,95.50516,62.0,136.4
2023-08-29 09:00:00,133.85,1929.0,9768.75,44900.0,50011.0,14.2515,92.193596,52.0,115.91
2023-08-29 10:00:00,117.29,2783.0,9820.75,46100.0,50313.0,16.3015,82.42328,61.0,102.4
2023-08-29 11:00:00,105.71,3307.0,9923.75,46750.0,50810.0,17.6515,75.42006,69.0,99.67
2023-08-29 12:00:00,104.66,3539.0,9752.5,48150.0,51311.0,18.7015,69.013374,73.0,98.17
2023-08-29 13:00:00,95.04,3549.0,9668.25,48200.0,51459.0,19.2015,65.807434,79.0,96.17
2023-08-29 14:00:00,92.86,3388.0,9576.5,47150.0,50411.0,18.7515,64.85241,99.0,96.31
2023-08-29 15:00:00,84.82,2984.0,9542.25,45850.0,49561.0,19.4515,62.083427,138.0,99.41
2023-08-29 16:00:00,89.3,2450.0,9478.75,44700.0,49267.0,19.1515,61.20074,187.0,100.06
2023-08-29 17:00:00,94.16,1803.0,9568.75,43900.0,49657.0,19.3015,59.242924,246.0,108.83
2023-08-29 18:00:00,125.42,1144.0,9572.75,44100.0,50403.0,19.1515,59.206867,342.0,137.0
2023-08-29 19:00:00,145.59,402.0,9450.5,45050.0,50250.0,18.8015,59.51724,449.0,191.03
2023-08-29 20:00:00,148.0,28.0,9154.75,43550.0,49578.0,17.7515,64.84893,589.0,192.08
2023-08-29 21:00:00,136.68,0.0,9004.75,42550.0,49074.0,15.7015,73.37329,768.0,165.63
2023-08-29 22:00:00,122.08,0.0,8803.75,41400.0,48070.0,15.7515,71.933716,959.0,145.8
2023-08-29 23:00:00,102.81,0.0,8336.0,43050.0,47667.0,14.2515,80.01528,1014.0,127.6
2023-08-30 00:00:00,100.12,0.0,7781.0,39900.0,46535.0,12.7515,87.05564,827.0,123.89
2023-08-30 01:00:00,98.6,0.0,7465.5,37500.0,44417.0,13.8015,83.20848,825.0,112.67
2023-08-30 02:00:00,96.36,0.0,7270.75,36250.0,43514.0,14.1015,79.72861,881.0,109.9
2023-08-30 03:00:00,91.8,0.0,7195.5,34350.0,43042.0,13.0015,82.283226,926.0,105.46
2023-08-30 04:00:00,89.38,0.0,7257.5,33700.0,42441.0,12.0015,85.82639,918.0,102.21
2023-08-30 05:00:00,93.23,0.0,7616.75,34900.0,43508.0,12.5015,85.87792,957.0,109.43
2023-08-30 06:00:00,105.0,1.0,8287.0,38100.0,46084.0,13.8015,80.75565,1016.0,139.82
2023-08-30 07:00:00,126.1,100.0,8967.5,40850.0,47570.0,14.3015,77.66153,918.0,159.22
2023-08-30 08:00:00,131.81,452.0,9488.5,43950.0,48962.0,14.3015,82.44602,870.0,157.41
2023-08-30 09:00:00,123.5,794.0,9775.75,46150.0,50413.0,14.3015,86.62959,818.0,136.5
2023-08-30 10:00:00,110.29,1171.0,9894.25,47400.0,50714.0,15.9515,83.463135,874.0,121.43
2023-08-30 11:00:00,99.45,1743.0,10000.25,48200.0,50313.0,15.5015,83.13755,954.0,115.06
2023-08-30 12:00:00,97.62,2351.0,9895.75,49200.0,51953.0,17.0015,81.97606,993.0,110.24
2023-08-30 13:00:00,95.47,2850.0,9828.0,49350.0,52546.0,17.3015,70.8067,1025.0,107.82
2023-08-30 14:00:00,93.34,3057.0,9699.25,48000.0,52475.0,16.1015,76.41242,1050.0,105.66
2023-08-30 15:00:00,93.75,2940.0,9619.75,46800.0,51607.0,18.2015,62.001823,1074.0,110.82
2023-08-30 16:00:00,92.7,2472.0,9520.5,45500.0,51561.0,18.4015,56.70269,1107.0,117.88
2023-08-30 17:00:00,96.5,1785.0,9559.0,44650.0,50256.0,18.1015,55.870434,1074.0,144.74
2023-08-30 18:00:00,115.7,1132.0,9489.25,45050.0,51484.0,17.6015,59.02982,943.0,225.5
2023-08-30 19:00:00,140.5,397.0,9299.5,46300.0,51187.0,16.9515,58.871742,685.0,276.12
2023-08-30 20:00:00,147.72,27.0,9064.75,45150.0,50656.0,16.1515,61.942978,580.0,286.17
2023-08-30 21:00:00,134.4,0.0,8910.25,43850.0,50589.0,14.6015,69.347664,518.0,240.79
2023-08-30 22:00:00,119.49,0.0,8697.75,42450.0,49597.0,13.9015,76.31212,554.0,172.82
2023-08-30 23:00:00,101.59,0.0,8331.0,43650.0,49164.0,13.5015,80.17767,588.0,138.67
2023-08-31 00:00:00,96.31,0.0,7796.5,40450.0,47242.0,12.7515,80.07303,725.0,133.82
2023-08-31 01:00:00,91.76,0.0,7461.0,37650.0,46392.0,12.3515,85.29,814.0,124.95
2023-08-31 02:00:00,91.43,0.0,7337.0,36850.0,45157.0,11.7015,86.37376,902.0,118.05
2023-08-31 03:00:00,90.8,0.0,7307.75,34700.0,44863.0,11.7015,88.12969,925.0,110.47
2023-08-31 04:00:00,88.33,0.0,7319.75,33850.0,45216.0,11.7515,90.82604,891.0,105.23
2023-08-31 05:00:00,91.59,0.0,7656.5,34600.0,45621.0,11.5515,93.2693,830.0,111.83
2023-08-31 06:00:00,105.14,1.0,8313.0,37600.0,47847.0,11.4515,93.88798,759.0,137.56
2023-08-31 07:00:00,119.58,162.0,8937.5,41250.0,49634.0,11.3015,94.50914,684.0,152.53
2023-08-31 08:00:00,128.01,869.0,9437.0,43500.0,51248.0,12.0515,92.06355,602.0,150.7
2023-08-31 09:00:00,114.54,1686.0,9782.25,45500.0,51979.0,13.6015,86.27545,503.0,131.97
2023-08-31 10:00:00,97.18,2387.0,9946.25,46950.0,51591.0,15.4515,79.39351,469.0,130.02
2023-08-31 11:00:00,92.23,2768.0,10092.25,47700.0,50632.0,17.0515,72.41073,500.0,115.73
2023-08-31 12:00:00,90.06,2823.0,9882.25,48600.0,51696.0,18.1515,68.00449,521.0,119.85
2023-08-31 13:00:00,89.94,2522.0,9788.5,48650.0,52291.0,18.1015,68.44306,529.0,114.65
2023-08-31 14:00:00,89.11,2039.0,9731.25,47000.0,51746.0,18.6515,58.88981,520.0,112.0
2023-08-31 15:00:00,87.68,1609.0,9712.75,45800.0,51431.0,17.5015,68.09678,477.0,116.76
2023-08-31 16:00:00,89.77,1232.0,9601.5,44650.0,51341.0,16.9015,71.90782,445.0,123.89
2023-08-31 17:00:00,100.29,895.0,9610.5,43700.0,51076.0,16.9015,70.730675,439.0,159.04
2023-08-31 18:00:00,116.49,546.0,9514.5,44200.0,52118.0,16.8015,70.24529,461.0,212.07
2023-08-31 19:00:00,141.06,198.0,9328.75,46150.0,51807.0,15.7015,77.61898,461.0,265.1
2023-08-31 20:00:00,138.31,12.0,9173.25,45050.0,51623.0,15.1015,80.93034,471.0,249.66
2023-08-31 21:00:00,125.83,0.0,8984.0,43950.0,51014.0,14.3015,84.65455,536.0,187.92
2023-08-31 22:00:00,106.09,0.0,8726.5,42600.0,49904.0,13.5015,89.459404,640.0,159.51
2023-08-31 23:00:00,96.89,0.0,8373.5,44100.0,49031.0,13.4515,91.241806,765.0,130.22
2023-09-01 00:00:00,98.9,0.0,7974.5,40750.0,48075.0,13.3015,93.66519,602.0,105.24
2023-09-01 01:00:00,95.97,0.0,7676.0,38250.0,46096.0,14.1515,92.48962,625.0,96.56
2023-09-01 02:00:00,93.29,0.0,7451.5,37200.0,44942.0,14.0515,92.78691,587.0,95.71
2023-09-01 03:00:00,91.01,0.0,7313.5,35150.0,44082.0,14.5515,92.51207,577.0,95.9
2023-09-01 04:00:00,87.5,0.0,7384.75,34350.0,44081.0,15.1015,93.144966,641.0,96.77
2023-09-01 05:00:00,92.0,0.0,7641.75,35200.0,45005.0,15.7515,94.387215,720.0,103.09
2023-09-01 06:00:00,109.25,0.0,8263.0,38350.0,48080.0,16.4015,95.63145,782.0,124.22
2023-09-01 07:00:00,125.25,31.0,8978.75,41750.0,49566.0,16.4515,96.5545,913.0,135.12
2023-09-01 08:00:00,126.84,135.0,9545.25,44200.0,51296.0,16.3515,95.93629,1031.0,139.42
2023-09-01 09:00:00,111.28,276.0,9821.75,46150.0,52936.0,16.3015,95.93478,1123.0,129.03
2023-09-01 10:00:00,102.21,497.0,10014.5,47600.0,53332.0,16.5015,95.63477,1100.0,116.67
2023-09-01 11:00:00,96.52,780.0,10219.5,47900.0,52801.0,17.0015,95.04369,1104.0,110.62
2023-09-01 12:00:00,92.02,1198.0,10037.75,48600.0,53032.0,17.3015,94.45208,1117.0,102.13
2023-09-01 13:00:00,88.9,1697.0,9909.25,48550.0,52502.0,18.1515,87.83262,1090.0,100.02
2023-09-01 14:00:00,85.63,2029.0,9724.0,46650.0,51295.0,19.9015,81.81544,1028.0,96.09
2023-09-01 15:00:00,88.51,2052.0,9548.5,45350.0,50319.0,21.2515,73.39203,903.0,93.03
2023-09-01 16:00:00,85.73,1760.0,9361.75,43850.0,49768.0,21.7515,72.551414,753.0,94.04
2023-09-01 17:00:00,99.81,1316.0,9317.25,43000.0,51076.0,22.2015,71.48932,627.0,100.75
2023-09-01 18:00:00,118.6,858.0,9250.0,43600.0,51729.0,21.7015,70.04495,506.0,108.46
2023-09-01 19:00:00,132.32,307.0,9021.5,44600.0,51196.0,21.2515,72.23161,400.0,139.12
2023-09-01 20:00:00,133.57,16.0,8893.25,43900.0,50538.0,19.7515,79.73988,322.0,142.41
2023-09-01 21:00:00,127.8,0.0,8734.75,43350.0,50205.0,18.3015,86.456276,276.0,138.18
2023-09-01 22:00:00,118.56,0.0,8622.0,42300.0,49603.0,18.1015,86.9911,244.0,127.65
2023-09-01 23:00:00,114.65,0.0,8231.5,44150.0,48398.0,17.2515,92.0715,214.0,107.77
2023-09-02 00:00:00,107.46,0.0,7694.5,40500.0,47736.0,16.7015,94.12565,143.0,109.9
2023-09-02 01:00:00,102.7,0.0,7378.5,37250.0,47072.0,16.3515,95.93629,134.0,104.1
2023-09-02 02:00:00,100.0,0.0,7069.5,36100.0,46714.0,16.9015,94.73728,112.0,101.91
2023-09-02 03:00:00,94.78,0.0,6902.75,34200.0,45576.0,15.8515,96.84901,81.0,99.52
2023-09-02 04:00:00,87.83,0.0,6944.5,33150.0,44898.0,14.7515,98.08267,59.0,92.93
2023-09-02 05:00:00,81.96,0.0,6926.5,33050.0,45013.0,14.6515,98.39871,47.0,86.5
2023-09-02 06:00:00,99.09,0.0,7054.25,33750.0,45282.0,14.7015,97.76542,49.0,95.48
2023-09-02 07:00:00,101.09,90.0,7371.75,34550.0,45902.0,14.3015,98.076,47.0,95.9
2023-09-02 08:00:00,100.22,469.0,7705.25,36350.0,46674.0,15.8015,95.919365,39.0,98.3
2023-09-02 09:00:00,94.58,917.0,8104.25,39150.0,47316.0,17.8515,90.94209,28.0,92.64
2023-09-02 10:00:00,89.77,1429.0,8386.75,41050.0,45984.0,19.4515,86.29334,17.0,85.14
2023-09-02 11:00:00,79.9,2070.0,8574.0,42100.0,45991.0,20.2515,84.22134,15.0,81.25
2023-09-02 12:00:00,76.0,2796.0,8556.5,44250.0,45557.0,21.8515,75.14253,18.0,81.92
2023-09-02 13:00:00,62.99,3197.0,8250.75,44450.0,45053.0,22.5515,71.101715,23.0,72.22
2023-09-02 14:00:00,55.35,3377.0,8078.75,41350.0,44619.0,23.5515,72.41305,28.0,70.47
2023-09-02 15:00:00,69.4,3222.0,8078.75,40550.0,45205.0,23.9515,70.690704,30.0,80.53
2023-09-02 16:00:00,80.01,2716.0,8217.25,39800.0,45803.0,22.5015,72.684135,35.0,87.13
2023-09-02 17:00:00,93.45,1948.0,8280.25,39950.0,48385.0,23.1015,70.755226,57.0,94.44
2023-09-02 18:00:00,110.0,1179.0,8387.25,40400.0,48609.0,23.1515,70.09774,104.0,101.0
2023-09-02 19:00:00,121.86,364.0,8315.5,41350.0,49112.0,22.3515,74.75166,189.0,120.0
2023-09-02 20:00:00,126.9,17.0,8324.75,41150.0,49519.0,21.0015,81.952934,305.0,123.64
2023-09-02 21:00:00,115.19,0.0,8163.0,41150.0,49276.0,19.5515,87.40088,413.0,131.2
2023-09-02 22:00:00,105.64,0.0,8000.75,40050.0,48919.0,18.8015,88.7296,480.0,122.98
2023-09-02 23:00:00,97.34,0.0,7717.5,42050.0,48890.0,18.0515,90.95534,506.0,110.63
2023-09-03 00:00:00,105.28,0.0,7263.75,39050.0,46859.0,17.3015,93.256584,491.0,102.39
2023-09-03 01:00:00,100.81,0.0,7018.75,36700.0,45719.0,16.7015,94.12565,457.0,95.85
2023-09-03 02:00:00,101.94,0.0,6855.25,35450.0,44146.0,16.1515,94.70754,425.0,94.43
2023-09-03 03:00:00,101.64,0.0,6715.0,33050.0,42769.0,15.7015,95.608284,351.0,93.99
2023-09-03 04:00:00,96.25,0.0,6642.0,31650.0,42182.0,15.3015,96.52425,269.0,91.21
2023-09-03 05:00:00,96.67,0.0,6698.5,31350.0,41915.0,14.9515,97.14056,200.0,93.29
2023-09-03 06:00:00,97.04,0.0,6797.25,32200.0,41563.0,14.5515,98.079704,160.0,87.69
2023-09-03 07:00:00,93.17,131.0,6943.0,32100.0,41415.0,13.9015,98.70972,141.0,90.78
2023-09-03 08:00:00,87.04,757.0,7258.25,33500.0,42149.0,15.0015,97.77057,127.0,94.1
2023-09-03 09:00:00,81.85,1599.0,7636.75,36250.0,43920.0,16.6015,93.52047,107.0,94.92
2023-09-03 10:00:00,60.3,2699.0,7822.5,38800.0,43889.0,18.6015,87.59304,91.0,93.2
2023-09-03 11:00:00,43.43,3796.0,7892.75,40450.0,41875.0,20.5515,80.8678,78.0,93.93
2023-09-03 12:00:00,21.37,4409.0,7972.25,42750.0,41503.0,21.9015,71.434395,62.0,87.38
2023-09-03 13:00:00,11.33,4571.0,7860.0,43050.0,40773.0,23.0515,62.694344,44.0,74.5
2023-09-03 14:00:00,4.94,4502.0,7654.75,41100.0,40390.0,23.0515,63.097095,42.0,47.67
2023-09-03 15:00:00,15.71,4045.0,7561.75,40200.0,40559.0,23.6515,59.31213,57.0,43.54
2023-09-03 16:00:00,53.66,3244.0,7561.75,39850.0,43976.0,23.9015,57.86627,89.0,68.36
2023-09-03 17:00:00,91.61,2186.0,7762.5,40600.0,46700.0,23.9015,57.310658,142.0,76.04
2023-09-03 18:00:00,105.86,1211.0,8067.25,41200.0,47472.0,23.5015,59.467495,212.0,94.11
2023-09-03 19:00:00,123.15,350.0,8223.75,42250.0,46759.0,22.6015,66.52043,290.0,110.0
2023-09-03 20:00:00,134.8,14.0,8236.0,42750.0,47101.0,20.5515,73.270226,414.0,123.94
2023-09-03 21:00:00,119.32,0.0,8248.25,42700.0,47881.0,18.9015,77.35112,541.0,127.3
2023-09-03 22:00:00,108.66,0.0,8024.25,41700.0,47786.0,18.0015,79.752945,587.0,119.0
2023-09-03 23:00:00,99.88,0.0,7643.5,42800.0,46956.0,17.0515,82.78338,588.0,102.99
2023-09-04 00:00:00,97.18,0.0,7339.5,38950.0,45866.0,16.5515,84.350655,659.0,93.31
2023-09-04 01:00:00,89.08,0.0,7069.25,36000.0,44809.0,15.9515,87.353745,649.0,88.52
2023-09-04 02:00:00,86.19,0.0,6891.5,34850.0,43935.0,15.7515,90.21519,615.0,85.0
2023-09-04 03:00:00,87.17,0.0,6805.0,32700.0,43016.0,15.4015,91.96201,558.0,80.66
2023-09-04 04:00:00,86.44,0.0,6868.5,31950.0,43405.0,14.8015,93.12954,518.0,81.5
2023-09-04 05:00:00,92.28,0.0,7291.5,33000.0,44761.0,14.0515,94.00743,492.0,91.78
2023-09-04 06:00:00,121.21,0.0,8066.0,36100.0,47440.0,13.3515,95.21664,506.0,110.13
2023-09-04 07:00:00,140.1,138.0,8751.75,39400.0,48984.0,12.9515,95.20203,526.0,122.44
2023-09-04 08:00:00,129.92,922.0,9285.25,42200.0,50376.0,13.8015,93.68909,517.0,127.75
2023-09-04 09:00:00,109.36,2145.0,9604.5,44750.0,51956.0,15.8015,89.63645,434.0,123.69
2023-09-04 10:00:00,92.88,3368.0,9817.5,46400.0,52156.0,18.3515,82.40918,341.0,101.9
2023-09-04 11:00:00,82.07,4285.0,9975.75,47750.0,52109.0,20.7515,75.20103,284.0,100.0
2023-09-04 12:00:00,77.65,4892.0,9770.0,49200.0,51992.0,22.5515,67.57901,224.0,101.34
2023-09-04 13:00:00,72.51,5050.0,9728.5,49550.0,51122.0,23.9515,59.192955,210.0,102.24
2023-09-04 14:00:00,72.0,4861.0,9670.0,48900.0,51308.0,24.9015,52.605167,250.0,102.61
2023-09-04 15:00:00,76.71,4283.0,9561.75,48000.0,50985.0,25.5015,48.196583,339.0,80.52
2023-09-04 16:00:00,82.33,3357.0,9533.5,47350.0,51234.0,25.8015,44.502575,496.0,85.77
2023-09-04 17:00:00,103.91,2171.0,9712.0,46550.0,51323.0,25.6515,45.491272,708.0,101.9
2023-09-04 18:00:00,128.0,1155.0,9729.0,47050.0,52245.0,24.9515,51.94276,936.0,114.7
2023-09-04 19:00:00,163.53,321.0,9471.75,48250.0,52108.0,23.7015,59.133823,1139.0,141.39
2023-09-04 20:00:00,164.92,11.0,9215.25,46950.0,52002.0,22.3515,64.58035,1294.0,154.15
2023-09-04 21:00:00,125.08,0.0,9074.0,46150.0,51553.0,21.3515,69.754524,1305.0,140.59
2023-09-04 22:00:00,104.99,0.0,8762.75,44800.0,50721.0,20.3515,73.00077,1196.0,123.72
2023-09-04 23:00:00,94.98,0.0,8282.5,45900.0,50116.0,19.0515,78.123856,1057.0,107.94
2023-09-05 00:00:00,85.57,0.0,7767.5,42050.0,48562.0,18.1515,81.59359,886.0,103.14
2023-09-05 01:00:00,80.86,0.0,7546.0,39750.0,46758.0,17.3515,83.896286,847.0,96.97
2023-09-05 02:00:00,79.69,0.0,7379.5,38900.0,45151.0,17.0015,80.918335,789.0,95.04
2023-09-05 03:00:00,81.91,0.0,7389.0,36550.0,44256.0,16.3515,80.30539,758.0,92.81
2023-09-05 04:00:00,72.0,0.0,7433.5,35550.0,44089.0,16.1515,77.687744,716.0,92.43
2023-09-05 05:00:00,88.91,0.0,7747.5,36000.0,44817.0,15.9015,76.632774,689.0,95.97
2023-09-05 06:00:00,102.48,0.0,8453.0,38900.0,47358.0,15.7515,75.85341,706.0,116.62
2023-09-05 07:00:00,124.34,129.0,9143.75,42950.0,50572.0,15.9015,74.38775,746.0,138.61
2023-09-05 08:00:00,118.11,1023.0,9563.5,45400.0,52019.0,16.9515,71.68029,741.0,143.95
2023-09-05 09:00:00,97.78,2472.0,9831.0,47500.0,52810.0,19.0515,68.63326,644.0,133.85
2023-09-05 10:00:00,88.0,3781.0,9905.75,49050.0,53069.0,21.3515,64.57216,414.0,117.29
2023-09-05 11:00:00,81.85,4694.0,10002.75,50550.0,51545.0,23.5015,58.518898,276.0,105.71
2023-09-05 12:00:00,78.65,5216.0,9835.75,51850.0,51783.0,25.3515,55.14246,245.0,104.66
2023-09-05 13:00:00,75.2,5369.0,9857.75,52100.0,51676.0,27.0015,52.97327,241.0,95.04
2023-09-05 14:00:00,79.53,5210.0,9810.25,51300.0,51455.0,28.1015,49.51401,267.0,92.86
2023-09-05 15:00:00,83.0,4733.0,9744.5,50250.0,51209.0,28.8015,50.01242,272.0,84.82
2023-09-05 16:00:00,88.51,3875.0,9681.25,49500.0,52161.0,29.1015,51.69116,272.0,89.3
2023-09-05 17:00:00,103.26,2685.0,9774.75,48650.0,53014.0,29.0515,53.49103,295.0,94.16
2023-09-05 18:00:00,129.1,1351.0,9821.5,48700.0,52942.0,28.5515,58.06091,319.0,125.42
2023-09-05 19:00:00,177.73,327.0,9630.5,49100.0,53240.0,27.2015,66.421646,370.0,145.59
2023-09-05 20:00:00,153.13,9.0,9465.0,47750.0,52503.0,24.6515,73.97275,469.0,148.0
2023-09-05 21:00:00,121.95,0.0,9209.25,46650.0,51274.0,22.9515,80.17577,567.0,136.68
2023-09-05 22:00:00,107.61,0.0,8931.25,45150.0,50514.0,22.0515,83.633415,607.0,122.08
2023-09-05 23:00:00,96.03,0.0,8432.5,46100.0,50606.0,21.4515,84.881935,598.0,102.81
2023-09-06 00:00:00,88.89,0.0,7925.0,42500.0,47642.0,20.8015,86.42387,499.0,100.12
2023-09-06 01:00:00,85.52,0.0,7666.75,39500.0,46825.0,20.4515,83.18767,496.0,98.6
2023-09-06 02:00:00,80.27,0.0,7473.25,38600.0,45389.0,20.1515,79.54184,492.0,96.36
2023-09-06 03:00:00,76.5,0.0,7440.0,36350.0,44186.0,19.5515,76.4631,466.0,91.8
2023-09-06 04:00:00,74.24,0.0,7455.75,35450.0,44319.0,19.0015,75.15415,413.0,89.38
2023-09-06 05:00:00,83.96,0.0,7786.0,36550.0,45504.0,18.3515,76.02622,346.0,93.23
2023-09-06 06:00:00,113.92,0.0,8565.75,39900.0,48805.0,17.4015,79.15352,279.0,105.0
2023-09-06 07:00:00,137.72,119.0,9194.0,44100.0,50203.0,16.6515,81.93187,221.0,126.1
2023-09-06 08:00:00,119.19,1015.0,9617.5,46500.0,50995.0,17.5515,80.208305,173.0,131.81
2023-09-06 09:00:00,97.73,2521.0,9928.5,48650.0,52385.0,19.5515,76.95525,134.0,123.5
2023-09-06 10:00:00,88.65,3813.0,10048.75,49800.0,52924.0,21.9015,74.20607,79.0,110.29
2023-09-06 11:00:00,82.1,4685.0,10203.5,51100.0,51906.0,24.3515,66.66937,40.0,99.45
2023-09-06 12:00:00,75.31,5210.0,10014.0,52500.0,52630.0,26.4515,58.108128,30.0,97.62
2023-09-06 13:00:00,76.43,5373.0,9932.25,53000.0,52582.0,27.9015,52.533703,29.0,95.47
2023-09-06 14:00:00,75.48,5235.0,9829.0,52250.0,51949.0,28.9015,44.62846,30.0,93.34
2023-09-06 15:00:00,82.5,4782.0,9735.25,51350.0,52416.0,29.4015,41.85381,32.0,93.75
2023-09-06 16:00:00,91.44,3928.0,9619.0,50550.0,54049.0,29.5015,41.479492,39.0,92.7
2023-09-06 17:00:00,105.87,2795.0,9676.0,49650.0,54831.0,29.2015,43.441124,62.0,96.5
2023-09-06 18:00:00,145.83,1425.0,9755.25,49600.0,54905.0,28.5015,48.529007,130.0,115.7
2023-09-06 19:00:00,184.97,319.0,9583.25,50100.0,55058.0,26.8515,62.743725,246.0,140.5
2023-09-06 20:00:00,166.04,8.0,9378.0,48850.0,54624.0,23.4515,73.53918,412.0,147.72
2023-09-06 21:00:00,123.13,0.0,9142.25,46950.0,52441.0,21.6515,78.50462,573.0,134.4
2023-09-06 22:00:00,105.5,0.0,8986.75,45100.0,51776.0,21.2515,81.2144,675.0,119.49
2023-09-06 23:00:00,95.72,0.0,8540.0,46650.0,51489.0,20.4015,81.10454,702.0,101.59
2023-09-07 00:00:00,95.42,0.0,8080.0,42650.0,49181.0,19.1515,84.099174,637.0,96.31
2023-09-07 01:00:00,91.37,0.0,7776.5,39650.0,48293.0,18.4515,88.13882,584.0,91.76
2023-09-07 02:00:00,89.07,0.0,7584.5,38650.0,46817.0,18.8515,81.68279,524.0,91.43
2023-09-07 03:00:00,83.88,0.0,7464.25,36550.0,46699.0,18.1515,77.989815,469.0,90.8
2023-09-07 04:00:00,85.65,0.0,7505.25,35600.0,46455.0,17.3515,80.18092,421.0,88.33
2023-09-07 05:00:00,91.17,0.0,7869.25,36500.0,47574.0,16.6515,82.7349,386.0,91.59
2023-09-07 06:00:00,113.19,0.0,8623.5,40000.0,49192.0,16.0515,85.12209,366.0,105.14
2023-09-07 07:00:00,130.0,112.0,9272.75,43800.0,50586.0,15.5015,87.31243,366.0,119.58
2023-09-07 08:00:00,126.0,1011.0,9730.25,46100.0,51553.0,16.3515,83.78194,380.0,128.01
2023-09-07 09:00:00,102.68,2556.0,10018.75,48500.0,52346.0,18.7515,77.57784,348.0,114.54
2023-09-07 10:00:00,88.5,3871.0,10137.5,49950.0,52516.0,21.3515,70.87909,245.0,97.18
2023-09-07 11:00:00,85.57,4753.0,10230.75,51150.0,52338.0,23.6015,63.420395,172.0,92.23
2023-09-07 12:00:00,78.04,5268.0,9999.0,52500.0,53151.0,25.3515,59.33366,154.0,90.06
2023-09-07 13:00:00,72.76,5412.0,9904.0,52800.0,52621.0,26.8015,56.56432,152.0,89.94
2023-09-07 14:00:00,79.0,5254.0,9894.0,52350.0,52596.0,28.0015,48.551205,162.0,89.11
2023-09-07 15:00:00,82.0,4788.0,9894.5,51350.0,52038.0,28.6515,45.862965,166.0,87.68
2023-09-07 16:00:00,88.3,3917.0,9863.25,50350.0,52049.0,28.7015,49.046104,164.0,89.77
2023-09-07 17:00:00,103.14,2771.0,9976.25,49500.0,53164.0,28.7015,53.570827,159.0,100.29
2023-09-07 18:00:00,133.53,1394.0,9961.5,49600.0,53484.0,28.5015,53.857582,159.0,116.49
2023-09-07 19:00:00,167.27,300.0,9830.0,49850.0,53398.0,27.2015,62.044037,189.0,141.06
2023-09-07 20:00:00,146.74,6.0,9656.0,48650.0,52538.0,24.4015,71.21765,262.0,138.31
2023-09-07 21:00:00,118.0,0.0,9357.25,46700.0,50387.0,22.7015,77.92161,344.0,125.83
2023-09-07 22:00:00,101.4,0.0,9148.5,44950.0,49637.0,21.8015,82.309044,396.0,106.09
2023-09-07 23:00:00,88.95,0.0,8697.0,46750.0,49478.0,21.2515,84.06753,421.0,96.89
2023-09-08 00:00:00,84.62,0.0,8199.5,42450.0,48033.0,20.6515,85.5999,387.0,98.9
2023-09-08 01:00:00,81.52,0.0,7846.0,39550.0,46961.0,20.1015,86.35641,383.0,95.97
2023-09-08 02:00:00,82.06,0.0,7739.75,38600.0,46290.0,19.7515,83.63429,377.0,93.29
2023-09-08 03:00:00,82.1,0.0,7595.5,36500.0,46071.0,19.3015,83.84893,352.0,91.01
2023-09-08 04:00:00,81.44,0.0,7672.0,35450.0,45896.0,19.0515,83.55393,325.0,87.5
2023-09-08 05:00:00,86.6,0.0,8005.25,36350.0,46572.0,18.6015,84.84661,298.0,92.0
2023-09-08 06:00:00,106.38,0.0,8683.5,39850.0,48791.0,18.3015,85.63189,278.0,109.25
2023-09-08 07:00:00,125.67,105.0,9336.75,44050.0,50159.0,18.1515,85.89084,251.0,125.25
2023-09-08 08:00:00,122.49,978.0,9830.0,46300.0,51295.0,19.0015,82.75246,220.0,126.84
2023-09-08 09:00:00,100.15,2482.0,10138.5,48350.0,51753.0,20.9515,79.150856,172.0,111.28
2023-09-08 10:00:00,90.14,3762.0,10251.0,49650.0,52066.0,23.1515,73.950424,87.0,102.21
2023-09-08 11:00:00,82.48,4618.0,10363.25,50700.0,51166.0,25.3015,67.28234,39.0,96.52
2023-09-08 12:00:00,77.31,5140.0,10170.0,52150.0,51857.0,26.9015,61.78416,29.0,92.02
2023-09-08 13:00:00,71.33,5271.0,10067.0,52600.0,51281.0,28.1015,56.701485,30.0,88.9
2023-09-08 14:00:00,72.83,5093.0,9884.75,51850.0,51258.0,28.7515,50.316277,36.0,85.63
2023-09-08 15:00:00,80.23,4597.0,9742.5,51100.0,52178.0,29.2015,48.406635,43.0,88.51
2023-09-08 16:00:00,88.41,3730.0,9645.0,49800.0,52890.0,29.3515,47.837467,51.0,85.73
2023-09-08 17:00:00,107.9,2599.0,9679.5,48850.0,54269.0,29.2015,49.177395,54.0,99.81
2023-09-08 18:00:00,162.3,1304.0,9582.25,48800.0,54266.0,28.8515,51.46496,57.0,118.6
2023-09-08 19:00:00,211.65,275.0,9418.0,48700.0,53736.0,27.5515,74.0034,75.0,132.32
2023-09-08 20:00:00,187.39,5.0,9349.5,47850.0,52949.0,27.4015,58.33354,96.0,133.57
2023-09-08 21:00:00,132.08,0.0,9150.5,46050.0,50973.0,26.2515,62.220627,101.0,127.8
2023-09-08 22:00:00,113.93,0.0,8851.25,44750.0,49259.0,24.1515,70.50665,98.0,118.56
2023-09-08 23:00:00,105.98,0.0,8470.0,45650.0,49192.0,21.5015,81.50196,91.0,114.65
2023-09-09 00:00:00,105.2,0.0,7922.25,42750.0,48916.0,19.7515,88.806496,70.0,107.46
2023-09-09 01:00:00,102.47,0.0,7642.5,38400.0,48581.0,19.2015,90.17429,62.0,102.7
2023-09-09 02:00:00,100.01,0.0,7392.5,37450.0,47646.0,19.9015,87.70804,50.0,100.0
2023-09-09 03:00:00,100.0,0.0,7266.75,35000.0,46218.0,19.8015,87.14822,42.0,94.78
2023-09-09 04:00:00,95.94,0.0,7234.0,33800.0,46197.0,18.7015,89.85352,41.0,87.83
2023-09-09 05:00:00,92.5,0.0,7220.0,33700.0,45860.0,19.8515,85.51841,39.0,81.96
2023-09-09 06:00:00,103.45,0.0,7385.0,35050.0,46411.0,19.9515,84.18815,39.0,99.09
2023-09-09 07:00:00,103.38,97.0,7589.5,36050.0,47200.0,17.8015,91.22877,42.0,101.09
2023-09-09 08:00:00,96.09,868.0,7933.0,37700.0,48075.0,19.0515,89.87927,51.0,100.22
2023-09-09 09:00:00,89.77,2248.0,8269.75,40750.0,48369.0,21.8015,83.084496,54.0,94.58
2023-09-09 10:00:00,79.02,3561.0,8522.5,42800.0,47610.0,24.4515,74.86312,44.0,89.77
2023-09-09 11:00:00,65.53,4447.0,8830.0,43850.0,46528.0,26.3015,68.96117,35.0,79.9
2023-09-09 12:00:00,37.82,4989.0,8783.0,46200.0,46215.0,27.8515,64.53721,38.0,76.0
2023-09-09 13:00:00,21.69,5106.0,8522.75,47100.0,45791.0,29.0515,60.748653,36.0,62.99
2023-09-09 14:00:00,17.08,4870.0,8396.5,45500.0,45467.0,29.2015,59.48624,36.0,55.35
2023-09-09 15:00:00,57.89,4308.0,8220.75,45000.0,46536.0,29.8515,57.83032,38.0,69.4
2023-09-09 16:00:00,78.8,3487.0,8262.5,43900.0,48844.0,30.1515,55.11461,45.0,80.01
2023-09-09 17:00:00,95.63,2438.0,8508.75,43750.0,51099.0,30.4015,51.699978,56.0,93.45
2023-09-09 18:00:00,118.2,1234.0,8664.75,44500.0,50942.0,30.4015,49.028465,65.0,110.0
2023-09-09 19:00:00,144.57,254.0,8653.0,45050.0,50746.0,29.1015,62.081482,88.0,121.86
2023-09-09 20:00:00,152.8,3.0,8640.25,44150.0,50821.0,26.4015,70.26959,139.0,126.9
2023-09-09 21:00:00,131.78,0.0,8528.75,43750.0,50572.0,25.3515,73.86178,196.0,115.19
2023-09-09 22:00:00,110.9,0.0,8309.25,42300.0,49940.0,24.7515,74.21928,242.0,105.64
2023-09-09 23:00:00,103.16,0.0,8017.5,44100.0,49924.0,24.4015,73.24405,273.0,97.34
2023-09-10 00:00:00,105.85,0.0,7691.25,40100.0,48547.0,23.9015,72.2486,216.0,105.28
2023-09-10 01:00:00,103.44,0.0,7371.75,37400.0,47463.0,23.4515,71.71655,223.0,100.81
2023-09-10 02:00:00,101.98,0.0,7159.0,36200.0,44977.0,23.0515,70.96954,231.0,101.94
2023-09-10 03:00:00,98.6,0.0,7017.5,33650.0,44015.0,22.3515,72.65764,220.0,101.64
2023-09-10 04:00:00,90.63,0.0,6890.0,32200.0,43551.0,21.9515,73.51307,195.0,96.25
2023-09-10 05:00:00,92.2,0.0,6902.0,32000.0,43671.0,21.7515,73.94605,176.0,96.67
2023-09-10 06:00:00,93.23,0.0,7060.25,32800.0,43649.0,21.5515,74.61887,174.0,97.04
2023-09-10 07:00:00,95.65,92.0,7219.75,33250.0,43926.0,21.2515,75.28279,186.0,93.17
2023-09-10 08:00:00,91.65,896.0,7529.25,34650.0,44793.0,21.6515,74.39937,195.0,87.04
2023-09-10 09:00:00,88.66,2262.0,7927.75,37550.0,46020.0,23.5515,71.28543,168.0,81.85
2023-09-10 10:00:00,56.02,3421.0,8175.25,40250.0,44902.0,25.7015,68.41884,106.0,60.3
2023-09-10 11:00:00,18.0,4200.0,8339.5,41750.0,43130.0,27.7515,63.527622,77.0,43.43
2023-09-10 12:00:00,8.28,4781.0,8419.5,44000.0,42158.0,29.3015,56.63801,68.0,21.37
2023-09-10 13:00:00,0.03,4945.0,8210.25,44500.0,42413.0,30.4015,48.875168,63.0,11.33
2023-09-10 14:00:00,0.0,4718.0,7981.75,42250.0,42055.0,30.8015,44.57555,72.0,4.94
2023-09-10 15:00:00,26.38,4127.0,7936.5,41250.0,43051.0,31.2515,42.22634,82.0,15.71
2023-09-10 16:00:00,79.0,3330.0,7953.0,40900.0,47535.0,31.2015,42.212692,98.0,53.66
2023-09-10 17:00:00,98.86,2306.0,8201.0,40550.0,49187.0,30.8515,44.73003,123.0,91.61
2023-09-10 18:00:00,119.97,1165.0,8582.25,41750.0,50028.0,30.2515,47.176598,160.0,105.86
2023-09-10 19:00:00,140.62,233.0,8741.0,43450.0,50118.0,28.7515,54.770077,243.0,123.15
2023-09-10 20:00:00,146.96,2.0,8804.75,43950.0,50030.0,26.6015,60.949097,361.0,134.8
2023-09-10 21:00:00,131.57,0.0,8708.75,43150.0,50210.0,25.2515,65.40337,473.0,119.32
2023-09-10 22:00:00,113.93,0.0,8416.75,41500.0,49625.0,24.4015,68.59241,515.0,108.66
2023-09-10 23:00:00,100.86,0.0,7999.25,42800.0,49526.0,23.1515,75.35392,489.0,99.88
2023-09-11 00:00:00,105.0,0.0,7646.75,39000.0,46592.0,22.5015,74.30699,571.0,97.18
2023-09-11 01:00:00,96.49,0.0,7465.0,36350.0,45360.0,22.1515,69.022896,478.0,89.08
2023-09-11 02:00:00,96.03,0.0,7292.0,35200.0,44153.0,22.6515,61.210773,429.0,86.19
2023-09-11 03:00:00,87.79,0.0,7244.0,33200.0,43376.0,22.3515,61.14181,435.0,87.17
2023-09-11 04:00:00,82.45,0.0,7340.5,32300.0,42899.0,21.5515,65.24356,449.0,86.44
2023-09-11 05:00:00,93.36,0.0,7756.75,33600.0,45198.0,20.8515,70.33275,489.0,92.28
2023-09-11 06:00:00,103.58,0.0,8505.5,36850.0,47569.0,20.0015,77.518394,488.0,121.21
2023-09-11 07:00:00,146.61,84.0,9187.75,40800.0,49444.0,19.2515,82.51912,444.0,140.1
2023-09-11 08:00:00,136.44,803.0,9689.25,43250.0,50037.0,19.3515,83.05839,374.0,129.92
2023-09-11 09:00:00,113.0,2026.0,10000.75,45450.0,50988.0,20.8015,79.38054,266.0,109.36
2023-09-11 10:00:00,95.16,3191.0,10130.75,47400.0,51202.0,22.6515,71.79797,158.0,92.88
2023-09-11 11:00:00,99.0,3978.0,10221.75,49200.0,51525.0,24.3015,64.38402,116.0,82.07
2023-09-11 12:00:00,92.92,4451.0,10123.25,51000.0,52372.0,25.5515,59.380543,95.0,77.65
2023-09-11 13:00:00,88.05,4535.0,10081.25,51300.0,52156.0,26.5015,56.31283,82.0,72.51
2023-09-11 14:00:00,89.8,4383.0,9948.25,50850.0,51522.0,26.4015,54.012203,73.0,72.0
2023-09-11 15:00:00,92.53,3844.0,9857.25,50100.0,51479.0,26.9015,53.795464,75.0,76.71
2023-09-11 16:00:00,100.18,2912.0,9812.75,49250.0,52438.0,27.0015,55.551273,82.0,82.33
2023-09-11 17:00:00,125.99,1865.0,9971.25,48500.0,53169.0,26.7015,57.258373,88.0,103.91
2023-09-11 18:00:00,247.99,924.0,10059.25,48500.0,53001.0,26.1515,59.33345,99.0,128.0
2023-09-11 19:00:00,325.84,186.0,9860.5,48650.0,52623.0,25.0515,68.93404,130.0,163.53
2023-09-11 20:00:00,330.36,1.0,9694.0,46900.0,52294.0,23.1015,78.223946,179.0,164.92
2023-09-11 21:00:00,189.52,0.0,9472.0,45500.0,51741.0,22.0515,82.08278,187.0,125.08
2023-09-11 22:00:00,143.48,0.0,9081.25,43750.0,50641.0,20.7015,91.98335,217.0,104.99
2023-09-11 23:00:00,119.94,0.0,8616.0,44950.0,50217.0,20.0015,93.68186,241.0,94.98
2023-09-12 00:00:00,103.52,0.0,8150.5,42100.0,47810.0,19.5515,96.33308,366.0,85.57
2023-09-12 01:00:00,90.89,0.0,7900.5,39300.0,46240.0,20.0515,94.270226,394.0,80.86
2023-09-12 02:00:00,89.29,0.0,7756.25,38350.0,44807.0,18.3015,94.19537,356.0,79.69
2023-09-12 03:00:00,85.16,0.0,7670.0,36200.0,43973.0,18.2515,94.79018,323.0,81.91
2023-09-12 04:00:00,83.46,0.0,7650.5,35200.0,43604.0,17.6515,97.5065,259.0,72.0
2023-09-12 05:00:00,87.3,0.0,7933.75,36250.0,43809.0,18.3015,95.09173,193.0,88.91
2023-09-12 06:00:00,112.47,0.0,8727.0,39650.0,47446.0,17.3515,98.1204,121.0,102.48
2023-09-12 07:00:00,167.89,62.0,9425.0,43900.0,49343.0,17.2015,99.055214,78.0,124.34
2023-09-12 08:00:00,144.32,513.0,9841.25,46350.0,50265.0,17.2015,99.36928,73.0,118.11
2023-09-12 09:00:00,123.22,1225.0,10104.0,48550.0,50828.0,18.3015,93.306435,68.0,97.78
2023-09-12 10:00:00,112.57,2008.0,10175.0,49350.0,51141.0,19.5015,87.12069,55.0,88.0
2023-09-12 11:00:00,101.59,2589.0,10291.5,50200.0,51099.0,21.0515,78.66603,49.0,81.85
2023-09-12 12:00:00,97.5,2981.0,10147.25,51100.0,51899.0,22.4015,71.52585,55.0,78.65
2023-09-12 13:00:00,97.97,2834.0,10123.5,51350.0,52198.0,23.4015,66.053566,73.0,75.2
2023-09-12 14:00:00,97.31,2362.0,10055.25,50600.0,51809.0,24.1515,60.194485,100.0,79.53
2023-09-12 15:00:00,99.9,1839.0,9972.25,49500.0,51965.0,24.8515,55.194626,113.0,83.0
2023-09-12 16:00:00,108.34,1360.0,9917.25,48400.0,52055.0,24.3515,56.143665,129.0,88.51
2023-09-12 17:00:00,135.0,903.0,10027.5,47400.0,53270.0,24.1015,58.100586,147.0,103.26
2023-09-12 18:00:00,177.8,474.0,10107.75,47750.0,53495.0,22.8015,64.264885,157.0,129.1
2023-09-12 19:00:00,227.57,110.0,9915.75,47950.0,53024.0,21.1515,75.02768,161.0,177.73
2023-09-12 20:00:00,178.05,0.0,9747.5,46700.0,52308.0,19.9515,89.102036,167.0,153.13
2023-09-12 21:00:00,136.62,0.0,9460.25,45350.0,51188.0,19.4515,92.48871,183.0,121.95
2023-09-12 22:00:00,115.55,0.0,9132.5,43450.0,50001.0,18.9015,92.16731,203.0,107.61
2023-09-12 23:00:00,93.77,0.0,8629.0,45100.0,50133.0,18.3015,94.19537,233.0,96.03
2023-09-13 00:00:00,106.45,0.0,8091.5,41300.0,48990.0,17.5015,95.66752,131.0,88.89
2023-09-13 01:00:00,99.9,0.0,7786.25,38750.0,48678.0,17.1515,96.266304,221.0,85.52
2023-09-13 02:00:00,97.81,0.0,7498.25,37650.0,47547.0,18.1015,95.68699,434.0,80.27
2023-09-13 03:00:00,93.62,0.0,7402.0,35550.0,46630.0,17.4015,96.579185,791.0,76.5
2023-09-13 04:00:00,78.7,0.0,7502.0,34400.0,46533.0,16.8515,96.5649,1242.0,74.24
2023-09-13 05:00:00,73.58,0.0,7918.5,35600.0,47438.0,16.3515,96.860954,1519.0,83.96
2023-09-13 06:00:00,87.58,0.0,8752.5,38900.0,49467.0,16.1515,97.1666,1853.0,113.92
2023-09-13 07:00:00,113.57,42.0,9409.0,42650.0,50226.0,16.1515,97.4779,1980.0,137.72
2023-09-13 08:00:00,137.72,337.0,9798.75,45500.0,51047.0,16.3015,97.16986,1957.0,119.19
2023-09-13 09:00:00,124.91,782.0,10057.5,47550.0,51855.0,17.3015,92.663864,1798.0,97.73
2023-09-13 10:00:00,103.21,1353.0,10156.5,48750.0,52887.0,18.7015,82.452065,1582.0,88.65
2023-09-13 11:00:00,96.86,1919.0,10330.0,49750.0,53550.0,20.0515,74.36719,1330.0,82.1
2023-09-13 12:00:00,95.36,2390.0,10160.75,51100.0,54271.0,20.8015,71.231804,1074.0,75.31
2023-09-13 13:00:00,93.01,2678.0,10096.0,51100.0,54297.0,21.2515,67.53208,922.0,76.43
2023-09-13 14:00:00,91.88,2672.0,10017.0,50050.0,53416.0,20.6015,65.25153,876.0,75.48
2023-09-13 15:00:00,87.65,2406.0,9901.75,48900.0,53259.0,21.0515,61.2392,862.0,82.5
2023-09-13 16:00:00,92.7,1972.0,9821.0,47450.0,52843.0,20.7015,61.962433,865.0,91.44
2023-09-13 17:00:00,101.42,1395.0,9868.0,46100.0,53499.0,20.4015,62.503864,863.0,105.87
2023-09-13 18:00:00,123.81,734.0,9927.25,46350.0,53288.0,20.2515,62.67454,910.0,145.83
2023-09-13 19:00:00,138.2,150.0,9707.0,47650.0,52681.0,19.5515,64.17954,897.0,184.97
2023-09-13 20:00:00,138.93,0.0,9514.0,46600.0,52476.0,18.2515,70.52335,882.0,166.04
2023-09-13 21:00:00,122.79,0.0,9189.5,44850.0,51915.0,17.0515,76.06447,836.0,123.13
2023-09-13 22:00:00,106.41,0.0,8905.75,43150.0,51461.0,15.9015,82.10479,766.0,105.5
2023-09-13 23:00:00,98.07,0.0,8412.75,44800.0,51500.0,15.2015,84.19953,705.0,95.72
2023-09-14 00:00:00,96.3,0.0,8048.0,40700.0,48510.0,14.7515,82.23021,186.0,95.42
2023-09-14 01:00:00,93.78,0.0,7741.75,38150.0,47371.0,14.1515,82.42737,160.0,91.37
2023-09-14 02:00:00,88.73,0.0,7585.25,37250.0,46029.0,12.9015,87.94191,139.0,89.07
2023-09-14 03:00:00,82.81,0.0,7515.0,35150.0,45173.0,11.8515,92.97502,120.0,83.88
2023-09-14 04:00:00,70.3,0.0,7567.25,34300.0,44798.0,11.4015,94.82858,109.0,85.65
2023-09-14 05:00:00,86.11,0.0,7942.0,35450.0,45297.0,11.4015,96.41871,109.0,91.17
2023-09-14 06:00:00,125.6,0.0,8755.25,38850.0,49147.0,11.5515,97.71037,117.0,113.19
2023-09-14 07:00:00,163.4,59.0,9385.75,43350.0,50537.0,11.6015,97.06588,112.0,130.0
2023-09-14 08:00:00,138.75,601.0,9795.5,45650.0,51856.0,12.2515,96.124275,94.0,126.0
2023-09-14 09:00:00,118.02,1680.0,10076.25,47350.0,53334.0,14.6015,87.803055,58.0,102.68
2023-09-14 10:00:00,96.82,2912.0,10185.25,48500.0,54233.0,17.0515,77.31795,29.0,88.5
2023-09-14 11:00:00,88.77,3740.0,10305.75,49400.0,53300.0,18.9015,64.459435,20.0,85.57
2023-09-14 12:00:00,85.0,4043.0,10109.0,50400.0,54506.0,20.1015,58.270035,16.0,78.04
2023-09-14 13:00:00,83.0,3924.0,10049.5,50650.0,54635.0,21.1015,53.88944,17.0,72.76
2023-09-14 14:00:00,87.82,3670.0,9990.25,49250.0,54233.0,21.3015,53.762913,16.0,79.0
2023-09-14 15:00:00,85.18,3282.0,9902.75,47850.0,53601.0,21.4515,53.44737,15.0,82.0
2023-09-14 16:00:00,93.75,2739.0,9856.5,46600.0,53183.0,21.8015,52.315582,18.0,88.3
2023-09-14 17:00:00,102.3,2003.0,9959.5,45550.0,53985.0,21.6515,52.10378,28.0,103.14
2023-09-14 18:00:00,139.21,993.0,9931.5,46450.0,54244.0,21.4515,52.745304,58.0,133.53
2023-09-14 19:00:00,167.56,171.0,9783.0,47800.0,53758.0,20.7515,57.474964,140.0,167.27
2023-09-14 20:00:00,159.72,0.0,9638.0,46950.0,53994.0,18.9515,64.258575,272.0,146.74
2023-09-14 21:00:00,128.0,0.0,9288.75,45150.0,53161.0,18.3015,65.61529,428.0,118.0
2023-09-14 22:00:00,114.11,0.0,9032.75,43700.0,52619.0,17.5515,67.434975,565.0,101.4
2023-09-14 23:00:00,99.37,0.0,8502.0,44650.0,52708.0,16.3015,71.559395,633.0,88.95
2023-09-15 00:00:00,100.89,0.0,8048.5,41250.0,50900.0,15.6015,73.84445,674.0,84.62
2023-09-15 01:00:00,97.01,0.0,7793.5,38600.0,48786.0,14.8515,76.719826,659.0,81.52
2023-09-15 02:00:00,95.75,0.0,7582.0,37650.0,47828.0,14.0515,78.66612,608.0,82.06
2023-09-15 03:00:00,88.92,0.0,7459.75,35900.0,47537.0,13.2015,83.13639,558.0,82.1
2023-09-15 04:00:00,84.3,0.0,7506.75,35050.0,47437.0,12.7015,85.89846,517.0,81.44
2023-09-15 05:00:00,94.39,0.0,7841.0,36150.0,47742.0,12.3015,88.18216,478.0,86.6
2023-09-15 06:00:00,100.68,0.0,8624.75,39600.0,50457.0,12.1015,88.755325,427.0,106.38
2023-09-15 07:00:00,130.56,67.0,9365.0,43700.0,52349.0,11.8515,90.22896,366.0,125.67
2023-09-15 08:00:00,125.07,768.0,9863.5,46050.0,53941.0,12.4015,89.07626,308.0,122.49
2023-09-15 09:00:00,104.38,2081.0,10121.0,47850.0,54930.0,14.7515,82.23021,243.0,100.15
2023-09-15 10:00:00,93.58,3260.0,10226.75,48950.0,55858.0,17.7015,75.67449,162.0,90.14
2023-09-15 11:00:00,89.46,4036.0,10347.75,49700.0,54958.0,20.2515,63.498962,111.0,82.48
2023-09-15 12:00:00,78.77,4527.0,10176.75,50950.0,55488.0,21.7015,57.33134,84.0,77.31
2023-09-15 13:00:00,63.32,4561.0,10058.75,51250.0,55686.0,22.7515,52.908504,67.0,71.33
2023-09-15 14:00:00,71.22,4124.0,9883.5,49450.0,55387.0,23.3015,49.850792,69.0,72.83
2023-09-15 15:00:00,82.7,3437.0,9679.25,48100.0,55666.0,23.8015,47.113842,75.0,80.23
2023-09-15 16:00:00,93.45,2653.0,9478.0,46500.0,54986.0,23.6515,48.64945,93.0,88.41
2023-09-15 17:00:00,110.15,1682.0,9507.25,45600.0,55488.0,23.1515,51.305183,139.0,107.9
2023-09-15 18:00:00,131.19,788.0,9518.25,46300.0,55506.0,23.1515,51.98191,197.0,162.3
2023-09-15 19:00:00,146.04,138.0,9334.5,46850.0,55218.0,22.2515,57.279064,257.0,211.65
2023-09-15 20:00:00,130.5,0.0,9277.0,46200.0,55179.0,20.1515,63.68442,349.0,187.39
2023-09-15 21:00:00,112.72,0.0,9023.0,44850.0,54117.0,19.2015,67.552155,439.0,132.08
2023-09-15 22:00:00,97.94,0.0,8745.25,43500.0,53118.0,18.6515,68.10586,509.0,113.93
2023-09-15 23:00:00,95.77,0.0,8337.5,44500.0,52504.0,18.2515,67.80159,537.0,105.98
2023-09-16 00:00:00,96.24,0.0,7812.25,39950.0,50719.0,17.7015,69.727066,652.0,105.2
2023-09-16 01:00:00,94.02,0.0,7504.5,37100.0,49200.0,16.6015,74.999306,615.0,102.47
2023-09-16 02:00:00,88.4,0.0,7251.75,35950.0,47871.0,15.6515,77.10067,560.0,100.01
2023-09-16 03:00:00,83.7,0.0,7195.75,33500.0,45600.0,14.9015,80.10574,487.0,100.0
2023-09-16 04:00:00,82.16,0.0,7143.75,32350.0,45267.0,14.4515,82.73768,406.0,95.94
2023-09-16 05:00:00,87.28,0.0,7207.75,32400.0,45292.0,13.9515,86.31028,328.0,92.5
2023-09-16 06:00:00,95.63,0.0,7417.75,33550.0,46659.0,13.5515,89.1688,273.0,103.45
2023-09-16 07:00:00,98.25,58.0,7633.75,34450.0,47376.0,13.1515,91.82581,252.0,103.38
2023-09-16 08:00:00,100.68,660.0,7996.75,36100.0,48810.0,13.9015,89.49052,243.0,96.09
2023-09-16 09:00:00,90.79,1699.0,8315.5,39050.0,50078.0,16.1515,81.868454,203.0,89.77
2023-09-16 10:00:00,79.0,2647.0,8544.75,41300.0,49169.0,19.0515,75.64902,156.0,79.02
2023-09-16 11:00:00,64.97,3353.0,8722.5,42600.0,49469.0,21.7515,66.344086,132.0,65.53
2023-09-16 12:00:00,54.48,3800.0,8746.75,44750.0,48014.0,23.7015,59.897488,123.0,37.82
2023-09-16 13:00:00,32.44,3990.0,8604.5,44950.0,47545.0,24.7515,57.15003,153.0,21.69
2023-09-16 14:00:00,34.4,3744.0,8454.0,42700.0,47433.0,25.0015,58.130535,203.0,17.08
2023-09-16 15:00:00,74.46,3103.0,8318.0,41650.0,48016.0,24.7515,60.71816,259.0,57.89
2023-09-16 16:00:00,79.83,2207.0,8200.25,40700.0,49141.0,25.1015,59.652657,327.0,78.8
2023-09-16 17:00:00,90.57,1293.0,8406.25,40100.0,49308.0,23.8515,63.475266,409.0,95.63
2023-09-16 18:00:00,113.35,618.0,8580.5,41250.0,49901.0,21.5015,77.498634,526.0,118.2
2023-09-16 19:00:00,145.0,109.0,8597.25,41750.0,50314.0,18.9015,94.51785,705.0,144.57
2023-09-16 20:00:00,131.0,0.0,8578.75,41300.0,50681.0,18.8515,92.74739,914.0,152.8
2023-09-16 21:00:00,116.8,0.0,8429.5,40500.0,50556.0,19.2015,92.766075,1091.0,131.78
2023-09-16 22:00:00,105.03,0.0,8119.0,39300.0,49895.0,19.1515,93.34837,1215.0,110.9
2023-09-16 23:00:00,99.21,0.0,7806.75,41300.0,49841.0,18.9515,93.92758,1248.0,103.16
2023-09-17 00:00:00,108.99,0.0,7426.0,38300.0,47822.0,18.7015,94.50971,981.0,105.85
2023-09-17 01:00:00,105.31,0.0,7173.0,35400.0,46368.0,18.5015,96.001595,944.0,103.44
2023-09-17 02:00:00,100.0,0.0,6908.0,34200.0,45176.0,18.2015,95.088066,890.0,101.98
2023-09-17 03:00:00,93.1,0.0,6789.25,31800.0,44015.0,18.5015,94.20401,817.0,98.6
2023-09-17 04:00:00,83.32,0.0,6735.0,30850.0,42582.0,18.2515,95.99408,772.0,90.63
2023-09-17 05:00:00,91.49,0.0,6792.0,30800.0,42924.0,18.2515,95.99408,751.0,92.2
2023-09-17 06:00:00,92.16,0.0,6960.0,31500.0,43456.0,17.9515,96.89878,648.0,93.23
2023-09-17 07:00:00,93.24,33.0,7111.25,32050.0,43576.0,17.7015,96.89291,578.0,95.65
2023-09-17 08:00:00,89.56,349.0,7423.5,33100.0,44270.0,17.1015,99.368774,528.0,91.65
2023-09-17 09:00:00,79.5,859.0,7818.25,35850.0,45983.0,18.1515,96.59848,411.0,88.66
2023-09-17 10:00:00,66.4,1431.0,8101.0,38400.0,46059.0,19.6515,89.07846,293.0,56.02
2023-09-17 11:00:00,38.57,1960.0,8292.75,40300.0,45291.0,21.1015,80.17795,206.0,18.0
2023-09-17 12:00:00,21.21,2422.0,8423.25,42500.0,44415.0,22.5515,73.15329,171.0,8.28
2023-09-17 13:00:00,4.08,2764.0,8253.25,42750.0,44470.0,23.5015,69.50374,142.0,0.03
2023-09-17 14:00:00,4.3,2871.0,8013.5,40150.0,44278.0,20.2515,83.95597,124.0,0.0
2023-09-17 15:00:00,38.7,2626.0,7909.25,38650.0,44324.0,19.8015,88.53155,107.0,26.38
2023-09-17 16:00:00,72.6,2034.0,7915.5,37700.0,45111.0,21.4515,84.881935,106.0,79.0
2023-09-17 17:00:00,100.96,1261.0,8137.25,37550.0,46560.0,21.8015,83.34441,124.0,98.86
2023-09-17 18:00:00,121.19,597.0,8425.75,38600.0,47988.0,22.3015,81.09536,185.0,119.97
2023-09-17 19:00:00,143.89,97.0,8594.75,40700.0,48766.0,22.2015,82.61479,317.0,140.62
2023-09-17 20:00:00,126.55,0.0,8726.5,41950.0,48920.0,21.4015,82.777794,515.0,146.96
2023-09-17 21:00:00,118.25,0.0,8585.5,40600.0,48482.0,21.2015,80.95278,703.0,131.57
2023-09-17 22:00:00,108.91,0.0,8266.0,39500.0,48500.0,21.1015,81.70789,818.0,113.93
2023-09-17 23:00:00,99.18,0.0,7848.5,41500.0,48275.0,21.1015,82.22352,905.0,100.86
2023-09-18 00:00:00,97.0,0.0,7461.25,38100.0,47385.0,21.1515,82.48847,1162.0,105.0
2023-09-18 01:00:00,86.72,0.0,7187.5,35650.0,46127.0,21.3015,81.990166,1349.0,96.49
2023-09-18 02:00:00,81.73,0.0,7033.75,34850.0,45161.0,19.9515,86.3419,1238.0,96.03
2023-09-18 03:00:00,72.76,0.0,7019.0,33050.0,44585.0,19.5015,90.76486,1165.0,87.79
2023-09-18 04:00:00,57.5,0.0,7113.0,32400.0,45003.0,19.4515,91.047386,1260.0,82.45
2023-09-18 05:00:00,70.21,0.0,7551.5,34050.0,45877.0,18.6515,93.618515,1499.0,93.36
2023-09-18 06:00:00,110.29,0.0,8432.25,37950.0,49257.0,18.5015,92.72867,1889.0,103.58
2023-09-18 07:00:00,129.11,38.0,9242.25,42850.0,50747.0,18.3515,91.55376,2219.0,146.61
2023-09-18 08:00:00,140.45,468.0,9787.0,45250.0,51154.0,18.4515,90.406845,2526.0,136.44
2023-09-18 09:00:00,105.85,1312.0,10093.25,46850.0,51626.0,18.7515,89.2898,2781.0,113.0
2023-09-18 10:00:00,90.65,2305.0,10469.0,47800.0,52360.0,19.8515,80.51911,3020.0,95.16
2023-09-18 11:00:00,74.3,3290.0,10409.0,48850.0,52471.0,20.2515,80.0627,3169.0,99.0
2023-09-18 12:00:00,57.03,4125.0,10081.25,50350.0,52108.0,20.7515,74.72306,3279.0,92.92
2023-09-18 13:00:00,39.01,4383.0,10004.0,50250.0,51421.0,22.1515,66.640205,3393.0,88.05
2023-09-18 14:00:00,17.45,4082.0,9798.25,49000.0,51358.0,21.6515,67.18077,3517.0,89.8
2023-09-18 15:00:00,3.4,3340.0,9666.5,47450.0,52064.0,22.8015,58.351032,3575.0,92.53
2023-09-18 16:00:00,38.31,2325.0,9653.25,46200.0,51825.0,21.6015,62.57114,3577.0,100.18
2023-09-18 17:00:00,70.24,1277.0,9879.0,45150.0,51562.0,21.6515,58.644783,3483.0,125.99
2023-09-18 18:00:00,106.9,534.0,9959.0,45950.0,53250.0,19.1515,74.454575,3319.0,247.99
2023-09-18 19:00:00,139.9,77.0,9767.5,47950.0,54113.0,18.9515,75.63277,3168.0,325.84
2023-09-18 20:00:00,125.68,0.0,9596.75,47450.0,53949.0,18.3015,75.7721,3089.0,330.36
2023-09-18 21:00:00,96.0,0.0,9272.0,44250.0,52578.0,17.6015,77.15115,3080.0,189.52
2023-09-18 22:00:00,89.36,0.0,8942.75,42150.0,51876.0,16.6515,75.0077,3156.0,143.48
2023-09-18 23:00:00,67.0,0.0,8449.5,43700.0,50418.0,15.9515,76.64071,3112.0,119.94
2023-09-19 00:00:00,1.14,0.0,7885.75,39950.0,45280.0,15.6515,79.161095,3369.0,103.52
2023-09-19 01:00:00,-0.09,0.0,7589.5,37700.0,44383.0,15.4015,80.43929,3291.0,90.89
2023-09-19 02:00:00,-0.08,0.0,7485.5,36850.0,43361.0,14.8015,73.95077,3194.0,89.29
2023-09-19 03:00:00,-0.12,0.0,7450.5,34950.0,42759.0,14.2515,77.1375,3107.0,85.16
2023-09-19 04:00:00,-0.82,0.0,7551.75,34100.0,43609.0,14.2515,76.88047,3035.0,83.46
2023-09-19 05:00:00,-1.05,0.0,7916.25,35200.0,43818.0,14.5015,72.42706,3035.0,87.3
2023-09-19 06:00:00,71.08,0.0,8815.25,38700.0,47794.0,14.3515,75.87629,3087.0,112.47
2023-09-19 07:00:00,105.38,36.0,9585.25,43300.0,49844.0,14.3015,76.63218,3160.0,167.89
2023-09-19 08:00:00,109.98,443.0,9949.0,45450.0,50668.0,14.2515,78.958046,3254.0,144.32
2023-09-19 09:00:00,90.0,1118.0,10202.0,46800.0,52034.0,15.1515,75.50385,3360.0,123.22
2023-09-19 10:00:00,20.82,1889.0,10223.5,47850.0,51361.0,16.0515,73.92292,3545.0,112.57
2023-09-19 11:00:00,1.99,2628.0,10231.0,48600.0,51661.0,17.4515,68.08661,3745.0,101.59
2023-09-19 12:00:00,-1.1,2920.0,10045.5,49750.0,52957.0,18.5015,67.18753,3842.0,97.5
2023-09-19 13:00:00,-3.55,2671.0,9987.25,49850.0,53204.0,19.5015,62.710686,3900.0,97.97
2023-09-19 14:00:00,-3.68,2236.0,9803.0,48450.0,53008.0,18.9515,62.79299,3960.0,97.31
2023-09-19 15:00:00,-2.95,1609.0,9741.5,47350.0,52451.0,19.0015,64.26957,3961.0,99.9
2023-09-19 16:00:00,0.0,1038.0,9712.25,46100.0,51617.0,19.7015,61.73333,3898.0,108.34
2023-09-19 17:00:00,48.36,608.0,9940.5,44950.0,52007.0,19.5515,61.902264,3786.0,135.0
2023-09-19 18:00:00,98.5,266.0,10034.5,45800.0,52585.0,19.3515,62.26534,3668.0,177.8
2023-09-19 19:00:00,116.33,37.0,9823.25,47450.0,51652.0,18.9515,62.379704,3594.0,227.57
2023-09-19 20:00:00,111.08,0.0,9724.25,46950.0,51198.0,18.6015,63.969975,3545.0,178.05
2023-09-19 21:00:00,87.97,0.0,9344.75,44800.0,50001.0,18.3515,66.935936,3502.0,136.62
2023-09-19 22:00:00,68.5,0.0,8990.25,43250.0,49298.0,18.5515,66.10252,3453.0,115.55
2023-09-19 23:00:00,18.4,0.0,8488.25,43700.0,46938.0,18.5015,66.091934,3389.0,93.77
2023-09-20 00:00:00,2.65,0.0,8040.25,39400.0,44455.0,18.7015,66.57021,3478.0,106.45
2023-09-20 01:00:00,0.8,0.0,7731.25,37800.0,43949.0,18.4515,69.190125,3425.0,99.9
2023-09-20 02:00:00,-1.15,0.0,7492.5,37050.0,43513.0,17.4515,74.40794,3390.0,97.81
2023-09-20 03:00:00,-1.9,0.0,7395.5,34950.0,42394.0,17.1515,77.081345,3379.0,93.62
2023-09-20 04:00:00,-1.78,0.0,7427.75,34100.0,42303.0,16.8015,80.89178,3376.0,78.7
2023-09-20 05:00:00,2.31,0.0,7866.0,35400.0,43633.0,16.6015,84.63015,3354.0,73.58
2023-09-20 06:00:00,37.7,0.0,8767.5,38550.0,45488.0,16.5015,86.00166,3344.0,87.58
2023-09-20 07:00:00,95.25,34.0,9536.75,42400.0,48963.0,16.4015,85.71336,3410.0,113.57
2023-09-20 08:00:00,105.64,464.0,9877.5,44950.0,50409.0,16.4015,85.71336,3561.0,137.72
2023-09-20 09:00:00,81.31,1207.0,10108.25,47050.0,52120.0,17.5015,80.984474,3715.0,124.91
2023-09-20 10:00:00,7.77,1913.0,10120.75,47700.0,51331.0,18.4515,77.783104,3859.0,103.21
2023-09-20 11:00:00,1.85,2480.0,10203.75,48600.0,50496.0,18.9515,75.38898,3939.0,96.86
2023-09-20 12:00:00,-1.17,2631.0,9963.75,49750.0,51106.0,19.2015,73.50704,3954.0,95.36
2023-09-20 13:00:00,-3.77,2636.0,9831.75,49850.0,51461.0,20.2015,67.97567,3955.0,93.01
2023-09-20 14:00:00,-3.43,2484.0,9660.25,48300.0,51470.0,20.2515,67.11023,3929.0,91.88
2023-09-20 15:00:00,-1.41,2215.0,9605.25,46900.0,51274.0,20.9015,62.413273,3897.0,87.65
2023-09-20 16:00:00,3.98,1813.0,9555.0,45600.0,50966.0,21.1015,61.852005,3829.0,92.7
2023-09-20 17:00:00,69.79,1242.0,9733.75,44450.0,52419.0,21.4015,61.519493,3680.0,101.42
2023-09-20 18:00:00,99.0,591.0,9817.0,45150.0,52343.0,21.4015,61.319885,3535.0,123.81
2023-09-20 19:00:00,135.62,71.0,9669.5,46900.0,52726.0,21.1515,60.468742,3454.0,138.2
2023-09-20 20:00:00,118.21,0.0,9487.25,46100.0,52598.0,20.7515,60.177784,3457.0,138.93
2023-09-20 21:00:00,96.0,0.0,9106.75,43900.0,52122.0,20.7515,61.973854,3489.0,122.79
2023-09-20 22:00:00,86.77,0.0,8783.5,42650.0,51613.0,20.9515,60.22482,3521.0,106.41
2023-09-20 23:00:00,76.58,0.0,8315.5,43550.0,50939.0,21.1015,58.5123,3536.0,98.07
2023-09-21 00:00:00,70.45,0.0,7827.0,41400.0,47872.0,21.1015,57.939724,3625.0,96.3
2023-09-21 01:00:00,49.59,0.0,7500.25,38950.0,46287.0,20.8015,58.82472,3645.0,93.78
2023-09-21 02:00:00,39.17,0.0,7324.5,37800.0,45065.0,21.0515,60.051834,3644.0,88.73
2023-09-21 03:00:00,12.7,0.0,7278.25,35600.0,44260.0,20.7515,62.58294,3601.0,82.81
2023-09-21 04:00:00,18.08,0.0,7368.0,34600.0,44196.0,20.2515,65.60193,3494.0,70.3
2023-09-21 05:00:00,46.69,0.0,7735.75,35650.0,44983.0,19.8015,67.45489,3220.0,86.11
2023-09-21 06:00:00,84.75,0.0,8663.25,39300.0,48590.0,18.7515,74.62812,2825.0,125.6
2023-09-21 07:00:00,112.69,10.0,9363.5,43950.0,50334.0,17.6015,86.94434,2255.0,163.4
2023-09-21 08:00:00,115.82,103.0,9755.5,45750.0,50238.0,17.4515,89.76078,1834.0,138.75
2023-09-21 09:00:00,108.37,238.0,10057.25,47200.0,50567.0,17.6015,89.48563,1438.0,118.02
2023-09-21 10:00:00,108.98,351.0,10094.0,48050.0,50493.0,17.5015,88.90728,1115.0,96.82
2023-09-21 11:00:00,101.3,445.0,10116.25,48550.0,50945.0,17.6515,88.63549,1000.0,88.77
2023-09-21 12:00:00,96.3,514.0,9885.0,48950.0,51505.0,18.1515,88.39444,939.0,85.0
2023-09-21 13:00:00,90.9,617.0,9797.5,49650.0,51444.0,18.0515,89.51997,868.0,83.0
2023-09-21 14:00:00,94.2,660.0,9660.75,48100.0,51158.0,15.5015,88.744484,767.0,87.82
2023-09-21 15:00:00,93.8,647.0,9653.75,47200.0,51333.0,16.2015,88.801865,687.0,85.18
2023-09-21 16:00:00,105.47,495.0,9664.25,45950.0,51983.0,16.3015,90.25469,605.0,93.75
2023-09-21 17:00:00,112.22,336.0,9821.5,44950.0,52031.0,16.0515,92.894035,558.0,102.3
2023-09-21 18:00:00,132.97,159.0,9880.25,45550.0,52121.0,16.1015,93.49623,492.0,139.21
2023-09-21 19:00:00,170.71,21.0,9805.0,47350.0,52499.0,15.8015,91.09857,436.0,167.56
2023-09-21 20:00:00,132.27,0.0,9771.0,46750.0,52566.0,15.2015,93.15011,469.0,159.72
2023-09-21 21:00:00,114.8,0.0,9336.25,44400.0,52341.0,14.4015,94.94552,569.0,128.0
2023-09-21 22:00:00,100.1,0.0,8931.75,42950.0,52467.0,13.9015,94.61687,683.0,114.11
2023-09-21 23:00:00,94.75,0.0,8428.75,44200.0,53305.0,13.2515,94.90116,862.0,99.37
2023-09-22 00:00:00,88.93,0.0,7990.5,40550.0,49363.0,12.9515,94.889496,977.0,100.89
2023-09-22 01:00:00,87.16,0.0,7704.5,37650.0,48530.0,12.9015,94.57581,1265.0,97.01
2023-09-22 02:00:00,78.51,0.0,7484.25,36800.0,46890.0,12.5515,92.704994,1542.0,95.75
2023-09-22 03:00:00,71.31,0.0,7470.0,34950.0,45302.0,12.9515,91.813545,1919.0,88.92
2023-09-22 04:00:00,67.44,0.0,7517.5,34100.0,45182.0,12.8015,92.41305,2296.0,84.3
2023-09-22 05:00:00,81.01,0.0,7768.25,35450.0,46350.0,12.6015,93.014786,2565.0,94.39
2023-09-22 06:00:00,90.7,0.0,8660.75,39400.0,49969.0,12.0015,94.22553,2576.0,100.68
2023-09-22 07:00:00,131.06,27.0,9461.5,44150.0,52403.0,11.6015,94.52174,2495.0,130.56
2023-09-22 08:00:00,130.23,435.0,9895.75,46300.0,53482.0,11.5015,93.57807,2449.0,125.07
2023-09-22 09:00:00,118.23,1198.0,10180.75,48050.0,54652.0,12.3515,89.667046,2396.0,104.38
2023-09-22 10:00:00,99.64,1936.0,10238.75,48900.0,55048.0,13.5515,82.62692,2303.0,93.58
2023-09-22 11:00:00,90.93,2383.0,10331.0,49450.0,54180.0,14.6515,75.42079,2093.0,89.46
2023-09-22 12:00:00,85.65,2465.0,10183.25,50300.0,54334.0,15.8015,66.622665,1817.0,78.77
2023-09-22 13:00:00,77.11,2208.0,10060.25,50100.0,53993.0,16.1015,62.984882,1478.0,63.32
2023-09-22 14:00:00,70.89,1946.0,9779.5,48250.0,53548.0,15.1015,73.26665,1246.0,71.22
2023-09-22 15:00:00,72.1,1800.0,9618.25,46850.0,53439.0,15.9515,68.69194,1137.0,82.7
2023-09-22 16:00:00,80.33,1494.0,9516.75,45450.0,52888.0,14.7515,72.230484,1088.0,93.45
2023-09-22 17:00:00,87.23,1029.0,9611.75,44150.0,52321.0,14.6015,74.91063,1039.0,110.15
2023-09-22 18:00:00,115.64,487.0,9643.25,44900.0,53605.0,13.4015,86.54184,987.0,131.19
2023-09-22 19:00:00,134.36,50.0,9522.25,46250.0,54291.0,12.7515,85.61768,1006.0,146.04
2023-09-22 20:00:00,133.5,0.0,9468.25,45850.0,54156.0,12.2515,89.361305,1037.0,130.5
2023-09-22 21:00:00,114.73,0.0,9095.5,43600.0,51938.0,12.1515,90.85351,1107.0,112.72
2023-09-22 22:00:00,105.93,0.0,8764.75,42200.0,50675.0,12.0015,90.2399,1136.0,97.94
2023-09-22 23:00:00,103.06,0.0,8362.5,43750.0,50510.0,11.6015,92.6524,1140.0,95.77
2023-09-23 00:00:00,109.04,0.0,7879.75,39950.0,47903.0,11.3515,90.49496,1087.0,96.24
2023-09-23 01:00:00,100.66,0.0,7573.25,37000.0,46631.0,10.8515,90.45923,1114.0,94.02
2023-09-23 02:00:00,97.05,0.0,7287.5,35900.0,45088.0,11.0015,93.241066,1132.0,88.4
2023-09-23 03:00:00,91.72,0.0,7152.75,33300.0,44596.0,10.9515,94.17904,1157.0,83.7
2023-09-23 04:00:00,88.68,0.0,7071.75,32100.0,44118.0,10.8515,94.806725,1182.0,82.16
2023-09-23 05:00:00,91.78,0.0,7166.5,32100.0,44438.0,10.6515,94.79873,1225.0,87.28
2023-09-23 06:00:00,98.88,0.0,7437.75,33550.0,45071.0,10.3515,95.10537,1282.0,95.63
2023-09-23 07:00:00,107.2,26.0,7728.5,35250.0,45312.0,10.2015,94.780685,1283.0,98.25
2023-09-23 08:00:00,109.99,484.0,8088.25,36850.0,45795.0,10.2015,94.780685,1289.0,100.68
2023-09-23 09:00:00,104.68,1411.0,8439.25,39650.0,46865.0,11.1515,93.24879,1302.0,90.79
2023-09-23 10:00:00,90.75,2236.0,8730.75,41050.0,46841.0,12.5015,89.08437,1285.0,79.0
2023-09-23 11:00:00,84.9,2608.0,8856.5,42250.0,46898.0,13.9015,81.5791,1249.0,64.97
2023-09-23 12:00:00,79.89,2844.0,8932.5,43050.0,46530.0,15.1015,70.62136,1122.0,54.48
2023-09-23 13:00:00,70.55,3061.0,8795.75,43200.0,45318.0,15.9015,65.31494,985.0,32.44
2023-09-23 14:00:00,53.22,3050.0,8509.75,40650.0,44832.0,15.7515,67.738464,877.0,34.4
2023-09-23 15:00:00,71.41,2754.0,8312.25,38900.0,45370.0,16.9015,59.86082,801.0,74.46
2023-09-23 16:00:00,78.23,2228.0,8256.5,37600.0,47375.0,17.4515,55.89411,739.0,79.83
2023-09-23 17:00:00,92.44,1486.0,8460.25,37450.0,47284.0,17.2015,56.59224,639.0,90.57
2023-09-23 18:00:00,126.83,615.0,8720.5,38600.0,48185.0,16.9015,58.069214,508.0,113.35
2023-09-23 19:00:00,149.51,54.0,8734.25,40300.0,48014.0,15.4015,67.8938,423.0,145.0
2023-09-23 20:00:00,145.0,0.0,8642.0,41150.0,47965.0,12.2015,83.01526,406.0,131.0
2023-09-23 21:00:00,117.91,0.0,8361.75,39450.0,46780.0,11.0015,87.181885,430.0,116.8
2023-09-23 22:00:00,106.92,0.0,8108.5,38450.0,45868.0,10.6515,87.74005,498.0,105.03
2023-09-23 23:00:00,105.1,0.0,7816.0,40350.0,45759.0,10.4515,84.508705,592.0,99.21
2023-09-24 00:00:00,98.71,0.0,7299.25,37850.0,43848.0,10.4515,82.518486,1007.0,108.99
2023-09-24 01:00:00,87.24,0.0,7037.0,35450.0,43509.0,9.7515,87.06293,1034.0,105.31
2023-09-24 02:00:00,77.73,0.0,6820.0,34050.0,42363.0,9.5515,87.63953,1047.0,100.0
2023-09-24 03:00:00,65.85,0.0,6767.5,31600.0,40333.0,9.2515,90.036354,1253.0,93.1
2023-09-24 04:00:00,66.1,0.0,6742.0,30500.0,38568.0,9.1015,90.025085,1446.0,83.32
2023-09-24 05:00:00,62.91,0.0,6710.5,30200.0,38519.0,9.1015,89.10808,1636.0,91.49
2023-09-24 06:00:00,54.4,0.0,6935.75,31600.0,38854.0,9.1515,89.11217,1873.0,92.16
2023-09-24 07:00:00,68.98,29.0,7165.0,32750.0,39991.0,9.3015,89.42873,2013.0,93.24
2023-09-24 08:00:00,60.84,639.0,7498.25,34100.0,41255.0,9.6515,89.4565,2090.0,89.56
2023-09-24 09:00:00,59.36,2018.0,7784.5,36550.0,43541.0,11.6015,84.92319,2124.0,79.5
2023-09-24 10:00:00,1.06,3354.0,8017.0,37950.0,42519.0,13.9515,79.1778,2009.0,66.4
2023-09-24 11:00:00,0.85,4349.0,8192.25,38500.0,39376.0,16.001501,73.18354,2020.0,38.57
2023-09-24 12:00:00,-0.02,5023.0,8262.0,40700.0,40326.0,17.4015,65.8577,2115.0,21.21
2023-09-24 13:00:00,-1.57,5145.0,8146.25,40950.0,40219.0,18.3515,60.4078,2133.0,4.08
2023-09-24 14:00:00,-2.35,4833.0,7908.25,37700.0,39176.0,18.7015,54.905575,2018.0,4.3
2023-09-24 15:00:00,-0.21,4134.0,7722.5,36300.0,39620.0,18.9515,53.15349,1862.0,38.7
2023-09-24 16:00:00,2.98,3217.0,7776.0,35050.0,39803.0,19.0515,53.718628,1735.0,72.6
2023-09-24 17:00:00,49.22,1964.0,8008.0,35350.0,42383.0,18.9515,54.969555,1622.0,100.96
2023-09-24 18:00:00,109.78,705.0,8340.25,37150.0,45528.0,18.4515,58.44962,1640.0,121.19
2023-09-24 19:00:00,146.11,51.0,8567.25,39600.0,47504.0,17.0515,65.1286,1746.0,143.89
2023-09-24 20:00:00,134.98,0.0,8699.0,40800.0,48083.0,15.3515,71.3814,1911.0,126.55
2023-09-24 21:00:00,105.0,0.0,8417.25,39500.0,46735.0,14.9015,72.74308,2132.0,118.25
2023-09-24 22:00:00,82.33,0.0,8129.25,38050.0,45693.0,14.9515,70.35605,2396.0,108.91
2023-09-24 23:00:00,68.28,0.0,7636.25,39400.0,44222.0,14.6515,69.59162,2591.0,99.18
2023-09-25 00:00:00,34.63,0.0,7328.75,38150.0,40985.0,14.5515,66.13217,2871.0,97.0
2023-09-25 01:00:00,10.0,0.0,6998.25,35800.0,39408.0,14.4015,63.455357,2879.0,86.72
2023-09-25 02:00:00,1.09,0.0,6924.0,34800.0,38292.0,14.5015,61.979595,2848.0,81.73
2023-09-25 03:00:00,0.0,0.0,6958.25,32500.0,38001.0,14.1015,62.95496,2780.0,72.76
2023-09-25 04:00:00,0.49,0.0,7017.25,31500.0,38406.0,13.8015,65.29844,2692.0,57.5
2023-09-25 05:00:00,43.31,0.0,7490.5,32700.0,41004.0,13.5515,67.2802,2551.0,70.21
2023-09-25 06:00:00,86.87,0.0,8445.25,36150.0,44977.0,13.1515,69.29272,2315.0,110.29
2023-09-25 07:00:00,139.15,22.0,9295.25,40950.0,46799.0,12.8515,70.9056,2034.0,129.11
2023-09-25 08:00:00,143.0,470.0,9787.25,43550.0,47712.0,12.8015,72.11316,1792.0,140.45
2023-09-25 09:00:00,118.32,1425.0,10110.25,45050.0,49414.0,14.0015,71.366264,1510.0,105.85
2023-09-25 10:00:00,99.68,2304.0,10329.75,46250.0,49902.0,15.7015,70.97265,1129.0,90.65
2023-09-25 11:00:00,89.01,2912.0,10230.0,47250.0,50005.0,17.4515,67.41433,858.0,74.3
2023-09-25 12:00:00,89.71,3204.0,10023.5,48300.0,49333.0,19.1515,63.462128,650.0,57.03
2023-09-25 13:00:00,76.11,3134.0,9993.25,48500.0,49527.0,20.2015,60.048077,508.0,39.01
2023-09-25 14:00:00,84.09,2937.0,9809.0,47150.0,49109.0,20.6015,57.627663,394.0,17.45
2023-09-25 15:00:00,92.06,2595.0,9686.25,45200.0,49448.0,21.0015,56.971703,305.0,3.4
2023-09-25 16:00:00,97.46,2090.0,9710.0,43700.0,49649.0,20.9515,57.71333,239.0,38.31
2023-09-25 17:00:00,109.19,1305.0,9930.25,43100.0,49570.0,20.8515,59.2238,184.0,70.24
2023-09-25 18:00:00,183.01,480.0,9937.0,44350.0,50002.0,20.4515,63.130306,139.0,106.9
2023-09-25 19:00:00,300.0,34.0,9741.5,46750.0,50740.0,19.4015,80.97412,112.0,139.9
2023-09-25 20:00:00,203.5,0.0,9586.5,46900.0,50932.0,19.2015,68.88729,104.0,125.68
2023-09-25 21:00:00,131.5,0.0,9123.5,43750.0,49332.0,18.6015,71.05194,88.0,96.0
2023-09-25 22:00:00,120.57,0.0,8760.75,42300.0,49836.0,16.1015,84.30051,77.0,89.36
2023-09-25 23:00:00,110.09,0.0,8292.5,42900.0,49676.0,14.5015,90.715614,72.0,67.0
2023-09-26 00:00:00,114.12,0.0,7856.25,40500.0,45694.0,13.4515,92.45005,175.0,1.14
2023-09-26 01:00:00,107.99,0.0,7635.25,38050.0,45194.0,12.9015,93.0306,157.0,-0.09
2023-09-26 02:00:00,104.93,0.0,7315.5,37300.0,44199.0,13.7515,90.96215,139.0,-0.08
2023-09-26 03:00:00,104.58,0.0,7280.0,35100.0,43057.0,12.6515,93.01742,154.0,-0.12
2023-09-26 04:00:00,103.95,0.0,7387.5,34150.0,43540.0,12.8515,92.4159,202.0,-0.82
2023-09-26 05:00:00,107.99,0.0,7733.5,35550.0,45490.0,13.5015,88.578156,285.0,-1.05
2023-09-26 06:00:00,131.21,0.0,8717.5,39500.0,48144.0,13.2515,87.972885,395.0,71.08
2023-09-26 07:00:00,190.42,18.0,9557.75,44150.0,50160.0,13.3015,86.53202,563.0,105.38
2023-09-26 08:00:00,153.71,405.0,9863.5,45850.0,51354.0,12.8515,87.06513,701.0,109.98
2023-09-26 09:00:00,117.88,1223.0,10059.0,46700.0,52545.0,14.3015,80.28843,804.0,90.0
2023-09-26 10:00:00,100.71,2106.0,10122.25,47450.0,52066.0,16.4015,76.96433,740.0,20.82
2023-09-26 11:00:00,95.75,2851.0,10167.75,47900.0,50848.0,18.5015,70.34079,607.0,1.99
2023-09-26 12:00:00,91.47,3376.0,9988.75,49400.0,51270.0,19.9515,66.18161,521.0,-1.1
2023-09-26 13:00:00,84.05,3541.0,9899.5,49350.0,50984.0,21.2015,63.09247,464.0,-3.55
2023-09-26 14:00:00,90.11,3292.0,9743.75,47800.0,50591.0,22.2515,58.21853,399.0,-3.68
2023-09-26 15:00:00,98.02,2782.0,9678.75,46600.0,50559.0,22.7515,53.25616,365.0,-2.95
2023-09-26 16:00:00,104.51,1951.0,9663.0,45900.0,50119.0,22.3015,53.84246,348.0,0.0
2023-09-26 17:00:00,127.35,1031.0,9878.25,45300.0,51231.0,21.7015,60.400547,354.0,48.36
2023-09-26 18:00:00,151.98,358.0,9951.75,46350.0,50733.0,21.2015,65.37968,406.0,98.5
2023-09-26 19:00:00,186.24,24.0,9758.75,48500.0,51251.0,19.5515,73.56791,544.0,116.33
2023-09-26 20:00:00,160.34,0.0,9610.5,48550.0,51173.0,17.7015,79.96959,711.0,111.08
2023-09-26 21:00:00,126.27,0.0,9192.0,45500.0,49878.0,17.1015,81.72325,842.0,87.97
2023-09-26 22:00:00,108.06,0.0,8830.75,43950.0,48568.0,16.2515,85.14334,906.0,68.5
2023-09-26 23:00:00,101.28,0.0,8364.75,44450.0,48328.0,15.7515,87.3354,948.0,18.4
2023-09-27 00:00:00,105.51,0.0,7789.25,41050.0,44753.0,15.4515,87.30783,594.0,2.65
2023-09-27 01:00:00,102.0,0.0,7412.25,38250.0,43748.0,15.1015,86.42381,471.0,0.8
2023-09-27 02:00:00,102.5,0.0,7263.0,37050.0,43407.0,14.6515,87.23385,354.0,-1.15
2023-09-27 03:00:00,101.73,0.0,7268.5,34900.0,42822.0,13.6515,90.65682,222.0,-1.9
2023-09-27 04:00:00,100.4,0.0,7296.25,34050.0,43334.0,13.1515,92.433014,116.0,-1.78
2023-09-27 05:00:00,105.88,0.0,7785.0,34850.0,45052.0,12.9015,93.33783,63.0,2.31
2023-09-27 06:00:00,127.77,0.0,8766.75,38500.0,47045.0,12.6515,94.25406,36.0,37.7
2023-09-27 07:00:00,180.21,15.0,9545.5,43950.0,48740.0,12.5015,94.87191,28.0,95.25
2023-09-27 08:00:00,153.27,386.0,9861.5,45550.0,49955.0,12.5515,94.561325,54.0,105.64
2023-09-27 09:00:00,128.59,1213.0,10082.25,46800.0,51451.0,14.1515,89.80401,171.0,81.31
2023-09-27 10:00:00,102.33,2068.0,10057.75,47800.0,51431.0,16.2015,85.41506,284.0,7.77
2023-09-27 11:00:00,93.26,2705.0,10096.25,48650.0,51428.0,19.1015,76.88544,265.0,1.85
2023-09-27 12:00:00,90.2,3303.0,9807.5,49600.0,51585.0,20.6015,70.96643,269.0,-1.17
2023-09-27 13:00:00,87.34,3540.0,9692.0,49850.0,51721.0,21.8015,66.14176,316.0,-3.77
2023-09-27 14:00:00,84.74,3354.0,9556.75,48750.0,51266.0,22.9515,61.674614,382.0,-3.43
2023-09-27 15:00:00,83.28,2906.0,9542.25,47550.0,50907.0,23.6515,60.46434,478.0,-1.41
2023-09-27 16:00:00,103.8,2076.0,9494.5,46500.0,50490.0,23.8515,58.040478,626.0,3.98
2023-09-27 17:00:00,126.08,1028.0,9645.75,45400.0,50020.0,22.9015,64.286545,837.0,69.79
2023-09-27 18:00:00,148.91,330.0,9727.25,46300.0,51386.0,22.1015,67.70406,1132.0,99.0
2023-09-27 19:00:00,155.28,19.0,9651.5,48400.0,51754.0,21.2015,68.83671,1587.0,135.62
2023-09-27 20:00:00,124.89,0.0,9545.0,48000.0,51292.0,20.7015,68.73809,2162.0,118.21
2023-09-27 21:00:00,106.48,0.0,9069.5,45200.0,48853.0,20.6515,68.06628,2585.0,96.0
2023-09-27 22:00:00,96.38,0.0,8750.5,43500.0,48366.0,20.8515,64.25484,2860.0,86.77
2023-09-27 23:00:00,80.81,0.0,8249.75,44450.0,47612.0,21.4515,58.788383,2995.0,76.58
2023-09-28 00:00:00,82.72,0.0,7773.5,41450.0,44331.0,21.8015,56.425625,2965.0,70.45
2023-09-28 01:00:00,72.11,0.0,7438.0,38550.0,43054.0,21.3515,59.731613,2927.0,49.59
2023-09-28 02:00:00,63.09,0.0,7308.25,37400.0,41542.0,19.8515,70.59745,2842.0,39.17
2023-09-28 03:00:00,32.66,0.0,7293.0,35100.0,40508.0,18.6515,78.06442,2747.0,12.7
2023-09-28 04:00:00,42.15,0.0,7348.0,34300.0,40274.0,18.7515,80.371346,2639.0,18.08
2023-09-28 05:00:00,68.9,0.0,7683.5,35300.0,42173.0,18.6015,82.43982,2554.0,46.69
2023-09-28 06:00:00,93.77,0.0,8545.75,38800.0,45564.0,16.4515,84.066086,2451.0,84.75
2023-09-28 07:00:00,126.25,13.0,9424.25,44050.0,47390.0,15.1015,86.7069,2354.0,112.69
2023-09-28 08:00:00,129.56,462.0,9839.5,45600.0,48262.0,14.3515,89.525345,2205.0,115.82
2023-09-28 09:00:00,110.85,1510.0,10123.75,46800.0,48894.0,15.6515,85.636314,1973.0,108.37
2023-09-28 10:00:00,93.36,2393.0,10108.5,48000.0,49751.0,17.2515,80.16725,1687.0,108.98
2023-09-28 11:00:00,88.56,2704.0,10148.75,49050.0,49462.0,18.4515,72.426994,1437.0,101.3
2023-09-28 12:00:00,83.58,2638.0,9937.25,50050.0,49848.0,19.2015,67.99464,1246.0,96.3
2023-09-28 13:00:00,82.07,2608.0,9835.5,49800.0,50007.0,19.7515,65.2818,1052.0,90.9
2023-09-28 14:00:00,87.7,2487.0,9658.5,48700.0,49534.0,19.4015,67.15348,915.0,94.2
2023-09-28 15:00:00,92.02,2232.0,9593.25,47350.0,49310.0,20.2515,62.87976,905.0,93.8
2023-09-28 16:00:00,99.89,1640.0,9600.25,46300.0,49347.0,20.4515,60.701324,916.0,105.47
2023-09-28 17:00:00,114.82,928.0,9805.5,45850.0,49050.0,20.5015,58.752506,964.0,112.22
2023-09-28 18:00:00,143.09,310.0,9896.25,46750.0,51475.0,20.0015,62.41324,932.0,132.97
2023-09-28 19:00:00,180.65,16.0,9834.5,48600.0,51942.0,18.2515,70.292915,937.0,170.71
2023-09-28 20:00:00,149.47,0.0,9784.75,48750.0,51878.0,16.4515,77.22519,984.0,132.27
2023-09-28 21:00:00,122.34,0.0,9270.0,45400.0,50421.0,16.7015,75.758865,961.0,114.8
2023-09-28 22:00:00,112.8,0.0,8832.0,43100.0,50289.0,16.6515,75.9998,973.0,100.1
2023-09-28 23:00:00,105.27,0.0,8320.25,44300.0,50041.0,16.5015,77.486626,995.0,94.75
2023-09-29 00:00:00,108.5,0.0,7819.25,40900.0,46719.0,16.4015,79.268715,1787.0,88.93
2023-09-29 01:00:00,93.7,0.0,7608.25,38150.0,46558.0,16.8515,76.53195,2254.0,87.16
2023-09-29 02:00:00,71.1,0.0,7308.0,37400.0,45352.0,17.9515,68.412895,2609.0,78.51
2023-09-29 03:00:00,65.35,0.0,7238.75,35050.0,43355.0,18.2515,67.13578,2734.0,71.31
2023-09-29 04:00:00,26.0,0.0,7272.75,33950.0,42689.0,18.9515,62.17396,2784.0,67.44
2023-09-29 05:00:00,51.48,0.0,7756.5,34800.0,43645.0,18.9515,60.951992,2839.0,81.01
2023-09-29 06:00:00,91.0,0.0,8642.5,38400.0,47095.0,19.2515,64.74812,2836.0,90.7
2023-09-29 07:00:00,126.27,8.0,9453.75,43200.0,50440.0,19.1015,69.31787,2813.0,131.06
2023-09-29 08:00:00,130.05,255.0,9858.0,44950.0,51819.0,18.9015,74.89514,2832.0,130.23
2023-09-29 09:00:00,106.82,807.0,10079.0,46300.0,52894.0,19.0515,79.13355,2844.0,118.23
2023-09-29 10:00:00,92.07,1282.0,10059.75,47150.0,54154.0,20.1515,77.294106,2703.0,99.64
2023-09-29 11:00:00,87.37,1771.0,10080.0,48100.0,52977.0,19.9515,79.51395,2442.0,90.93
2023-09-29 12:00:00,82.05,2001.0,9924.25,48950.0,53256.0,19.3515,85.46715,2124.0,85.65
2023-09-29 13:00:00,72.44,2104.0,9823.75,48900.0,53080.0,20.3515,79.31741,1825.0,77.11
2023-09-29 14:00:00,77.04,2045.0,9676.5,47700.0,52618.0,19.4015,81.75245,1598.0,70.89
2023-09-29 15:00:00,90.7,1928.0,9511.75,46500.0,52329.0,18.1015,87.26935,1408.0,72.1
2023-09-29 16:00:00,96.49,1580.0,9433.5,45100.0,51234.0,17.7015,86.95371,1213.0,80.33
2023-09-29 17:00:00,112.52,987.0,9526.75,44900.0,51699.0,17.9515,82.89175,980.0,87.23
2023-09-29 18:00:00,135.52,328.0,9624.75,45750.0,52280.0,17.9015,80.515686,792.0,115.64
2023-09-29 19:00:00,140.83,15.0,9563.25,47000.0,52730.0,17.1015,82.52174,646.0,134.36
2023-09-29 20:00:00,133.01,0.0,9483.0,47450.0,51729.0,14.9515,90.45151,539.0,133.5
2023-09-29 21:00:00,113.4,0.0,9027.0,44450.0,50290.0,13.4015,93.05683,438.0,114.73
2023-09-29 22:00:00,106.57,0.0,8675.25,42450.0,49698.0,12.1015,94.542625,361.0,105.93
2023-09-29 23:00:00,101.07,0.0,8150.25,43850.0,49150.0,11.5515,95.467064,324.0,103.06
2023-09-30 00:00:00,96.34,0.0,7545.75,40150.0,45219.0,11.6015,95.46881,312.0,109.04
2023-09-30 01:00:00,91.64,0.0,7234.5,37250.0,44319.0,12.5015,93.93664,279.0,100.66
2023-09-30 02:00:00,89.5,0.0,6989.0,36050.0,43715.0,12.6015,92.40161,265.0,97.05
2023-09-30 03:00:00,88.72,0.0,6910.25,33600.0,43829.0,11.7015,94.21232,268.0,91.72
2023-09-30 04:00:00,88.28,0.0,6845.5,32400.0,43626.0,11.6015,96.42425,259.0,88.68
2023-09-30 05:00:00,92.1,0.0,6825.75,32200.0,43551.0,11.4015,96.73955,229.0,91.78
2023-09-30 06:00:00,105.3,0.0,7166.5,33400.0,44155.0,11.3515,95.14288,207.0,98.88
2023-09-30 07:00:00,109.45,9.0,7477.5,34950.0,44461.0,11.4515,93.575615,177.0,107.2
2023-09-30 08:00:00,112.16,425.0,7882.25,36300.0,45226.0,11.3515,93.25905,165.0,109.99
2023-09-30 09:00:00,105.13,1481.0,8283.5,38650.0,46674.0,12.3515,92.69397,178.0,104.68
2023-09-30 10:00:00,87.51,2671.0,8566.0,40100.0,46910.0,13.8015,90.07327,187.0,90.75
2023-09-30 11:00:00,70.52,3716.0,8632.5,41450.0,46955.0,14.9015,87.25705,186.0,84.9
2023-09-30 12:00:00,42.76,4273.0,8603.75,43550.0,45164.0,16.9515,75.30443,212.0,79.89
2023-09-30 13:00:00,2.21,4125.0,8545.75,43600.0,43807.0,18.0015,67.52766,227.0,70.55
2023-09-30 14:00:00,15.04,3773.0,8303.0,40850.0,43524.0,17.7515,70.42788,200.0,53.22
2023-09-30 15:00:00,56.0,3335.0,8184.75,39150.0,45972.0,18.1015,67.10466,147.0,71.41
2023-09-30 16:00:00,85.01,2603.0,8179.75,37750.0,46997.0,18.4515,63.7257,100.0,78.23
2023-09-30 17:00:00,102.5,1507.0,8398.25,37900.0,47421.0,18.2515,63.68114,75.0,92.44
2023-09-30 18:00:00,125.0,456.0,8637.25,38950.0,48145.0,17.8515,64.656006,85.0,126.83
2023-09-30 19:00:00,145.9,15.0,8684.5,41200.0,48743.0,16.2015,72.97726,109.0,149.51
2023-09-30 20:00:00,129.92,0.0,8577.25,42500.0,48509.0,14.3015,80.022255,170.0,145.0
2023-09-30 21:00:00,104.3,0.0,8253.5,40450.0,47147.0,13.3515,84.54939,262.0,117.91
2023-09-30 22:00:00,107.4,0.0,8027.25,39500.0,46631.0,13.5015,83.17249,396.0,106.92
2023-09-30 23:00:00,101.04,0.0,7666.25,41750.0,46912.0,13.7515,80.48025,530.0,105.1
2023-10-01 00:00:00,102.73,0.0,7245.25,39300.0,45631.0,13.5015,82.34611,1140.0,98.71
2023-10-01 01:00:00,94.14,0.0,6927.0,36500.0,44012.0,13.3515,83.70997,1448.0,87.24
2023-10-01 02:00:00,88.6,0.0,6715.25,35250.0,42973.0,13.2015,83.69246,1681.0,77.73
2023-10-01 03:00:00,55.84,0.0,6722.0,32400.0,41700.0,13.0015,84.79248,1816.0,65.85
2023-10-01 04:00:00,56.95,0.0,6685.75,30850.0,40931.0,13.2015,83.69246,1852.0,66.1
2023-10-01 05:00:00,70.73,0.0,6724.25,30850.0,40592.0,13.3515,83.154465,1845.0,62.91
2023-10-01 06:00:00,73.73,0.0,6971.5,31600.0,41450.0,13.4515,83.16647,1831.0,54.4
2023-10-01 07:00:00,88.08,9.0,7167.75,32450.0,42284.0,13.5515,83.1785,1805.0,68.98
2023-10-01 08:00:00,82.1,517.0,7484.25,33150.0,42897.0,13.6015,83.461395,1757.0,60.84
2023-10-01 09:00:00,62.73,1846.0,7810.25,35200.0,44498.0,14.9515,80.11268,1650.0,59.36
2023-10-01 10:00:00,40.0,3221.0,8069.75,37650.0,43696.0,16.8015,76.52402,1418.0,1.06
2023-10-01 11:00:00,8.99,4195.0,8241.25,39500.0,40205.0,18.6515,72.69903,1225.0,0.85
2023-10-01 12:00:00,-0.07,4856.0,8393.0,41550.0,40614.0,20.3015,69.327644,1093.0,-0.02
2023-10-01 13:00:00,-4.33,4949.0,8260.25,41700.0,40825.0,21.6515,66.53673,980.0,-1.57
2023-10-01 14:00:00,-1.67,4574.0,7969.5,38750.0,39900.0,22.4015,60.36822,881.0,-2.35
2023-10-01 15:00:00,1.53,3850.0,7751.75,37650.0,39694.0,23.0015,57.83532,782.0,-0.21
2023-10-01 16:00:00,62.73,2927.0,7800.75,36900.0,45881.0,23.2015,57.696987,725.0,2.98
2023-10-01 17:00:00,95.16,1609.0,8103.75,37300.0,47082.0,23.0015,59.15829,690.0,49.22
2023-10-01 18:00:00,120.06,462.0,8507.0,39150.0,47272.0,22.3015,65.40311,684.0,109.78
2023-10-01 19:00:00,130.0,12.0,8720.75,42000.0,48041.0,20.6015,72.57833,708.0,146.11
2023-10-01 20:00:00,130.0,0.0,8728.25,43450.0,48443.0,19.3015,78.16089,769.0,134.98
2023-10-01 21:00:00,115.16,0.0,8418.25,41600.0,47272.0,18.8515,79.6148,806.0,105.0
2023-10-01 22:00:00,106.62,0.0,8057.0,40500.0,46766.0,18.5015,80.07958,824.0,82.33
2023-10-01 23:00:00,99.97,0.0,7646.25,42250.0,46469.0,18.2515,79.53083,819.0,68.28
2023-10-02 00:00:00,94.9,0.0,7085.25,39050.0,44492.0,18.1015,78.2351,1209.0,34.63
2023-10-02 01:00:00,93.17,0.0,6738.0,36750.0,43702.0,17.6515,78.93292,1124.0,10.0
2023-10-02 02:00:00,93.4,0.0,6569.25,35850.0,43185.0,17.7015,78.94013,974.0,1.09
2023-10-02 03:00:00,92.02,0.0,6614.5,33800.0,42933.0,17.2515,80.4279,833.0,0.0
2023-10-02 04:00:00,95.68,0.0,6707.25,32650.0,42036.0,17.0015,81.18163,717.0,0.49
2023-10-02 05:00:00,99.33,0.0,7172.5,34350.0,44064.0,16.6015,82.728806,617.0,43.31
2023-10-02 06:00:00,123.92,0.0,8101.25,37900.0,46522.0,16.2015,84.58635,517.0,86.87
2023-10-02 07:00:00,139.6,7.0,8999.5,42850.0,48823.0,15.8015,86.774025,424.0,139.15
2023-10-02 08:00:00,144.5,405.0,9470.25,44850.0,49760.0,15.6015,87.60621,349.0,143.0
2023-10-02 09:00:00,128.01,1456.0,9715.25,45650.0,50294.0,16.8515,83.29767,287.0,118.32
2023-10-02 10:00:00,105.35,2491.0,9889.25,47000.0,50428.0,18.6015,80.09328,191.0,99.68
2023-10-02 11:00:00,92.29,3244.0,9949.5,47950.0,50846.0,20.5015,74.44306,101.0,89.01
2023-10-02 12:00:00,90.19,3800.0,9781.75,49600.0,51913.0,22.4015,69.07166,72.0,89.71
2023-10-02 13:00:00,87.86,3889.0,9759.0,49900.0,51882.0,24.1015,62.728085,73.0,76.11
2023-10-02 14:00:00,88.12,3507.0,9568.25,48750.0,51407.0,24.6515,60.502525,91.0,84.09
2023-10-02 15:00:00,90.5,2944.0,9460.25,48050.0,51511.0,25.1515,57.797127,110.0,92.06
2023-10-02 16:00:00,101.92,2193.0,9535.5,46950.0,51729.0,25.4015,55.154926,126.0,97.46
2023-10-02 17:00:00,114.35,1193.0,9711.75,46050.0,51259.0,25.2015,58.17837,108.0,109.19
2023-10-02 18:00:00,180.0,337.0,9923.25,46900.0,51728.0,24.2015,64.56657,146.0,183.01
2023-10-02 19:00:00,226.65,8.0,9856.25,49150.0,52983.0,21.7515,70.95356,255.0,300.0
2023-10-02 20:00:00,160.07,0.0,9663.75,49300.0,53071.0,20.3515,71.3776,435.0,203.5
2023-10-02 21:00:00,120.0,0.0,9098.0,45650.0,51817.0,20.0015,68.156006,654.0,131.5
2023-10-02 22:00:00,104.7,0.0,8693.25,43850.0,51004.0,19.7515,68.99595,829.0,120.57
2023-10-02 23:00:00,100.0,0.0,8263.25,45500.0,52072.0,20.1015,68.176094,975.0,110.09
2023-10-03 00:00:00,97.58,0.0,7602.25,41050.0,47670.0,20.7015,66.12448,2757.0,114.12
2023-10-03 01:00:00,67.31,0.0,7263.5,38350.0,46645.0,21.5515,63.580364,3260.0,107.99
2023-10-03 02:00:00,63.83,0.0,7156.5,37300.0,45183.0,22.4015,59.39932,3490.0,104.93
2023-10-03 03:00:00,30.17,0.0,7071.25,35300.0,43374.0,21.8515,59.849655,3632.0,104.58
2023-10-03 04:00:00,8.46,0.0,7202.25,34350.0,42177.0,21.2015,63.09247,3697.0,103.95
2023-10-03 05:00:00,3.98,0.0,7635.5,35550.0,42395.0,20.1515,76.06966,3681.0,107.99
2023-10-03 06:00:00,8.02,0.0,8664.25,39050.0,44507.0,18.7015,82.188545,3582.0,131.21
2023-10-03 07:00:00,47.49,2.0,9641.25,44250.0,46816.0,18.2515,81.34435,3421.0,190.42
2023-10-03 08:00:00,75.0,85.0,9994.5,45650.0,47887.0,18.2515,80.822525,3289.0,153.71
2023-10-03 09:00:00,78.48,288.0,10216.5,46600.0,49196.0,18.5015,80.33754,3243.0,117.88
2023-10-03 10:00:00,70.0,532.0,10174.75,47250.0,49888.0,18.6515,80.357834,3286.0,100.71
2023-10-03 11:00:00,40.51,787.0,10218.25,48000.0,50803.0,17.4015,82.558464,3401.0,95.75
2023-10-03 12:00:00,25.71,959.0,10076.25,49600.0,50796.0,15.9515,85.946304,3465.0,91.47
2023-10-03 13:00:00,2.32,1206.0,10020.0,50000.0,49389.0,16.8015,74.541466,3544.0,84.05
2023-10-03 14:00:00,-0.96,1767.0,9849.5,48800.0,48000.0,15.9015,77.649574,3596.0,90.11
2023-10-03 15:00:00,-1.81,2300.0,9687.0,47750.0,46783.0,16.9015,68.20055,3599.0,98.02
2023-10-03 16:00:00,2.02,2096.0,9695.0,46500.0,47245.0,16.9015,66.190125,3556.0,104.51
2023-10-03 17:00:00,38.09,1190.0,9905.75,45750.0,48397.0,16.6515,63.10992,3428.0,127.35
2023-10-03 18:00:00,80.7,339.0,10133.25,46550.0,49450.0,16.7015,61.65445,3236.0,151.98
2023-10-03 19:00:00,85.0,6.0,10131.25,48450.0,50568.0,15.8515,63.568222,3099.0,186.24
2023-10-03 20:00:00,80.69,0.0,9746.75,48800.0,49770.0,15.3015,64.7451,3039.0,160.34
2023-10-03 21:00:00,24.14,0.0,9208.5,45250.0,48147.0,14.8015,67.76998,3002.0,126.27
2023-10-03 22:00:00,55.33,0.0,8856.75,43350.0,46837.0,14.3515,72.15669,2968.0,108.06
2023-10-03 23:00:00,4.6,0.0,8360.25,44500.0,45958.0,13.7015,77.050995,2889.0,101.28
2023-10-04 00:00:00,16.9,0.0,7646.25,40900.0,43002.0,13.2515,80.951324,2408.0,105.51
2023-10-04 01:00:00,23.22,0.0,7319.5,37950.0,40644.0,12.8515,83.65147,2180.0,102.0
2023-10-04 02:00:00,26.0,0.0,7143.25,37050.0,39320.0,12.0515,82.44009,1870.0,102.5
2023-10-04 03:00:00,21.1,0.0,7115.0,35050.0,38880.0,11.7515,84.0863,1601.0,101.73
2023-10-04 04:00:00,22.52,0.0,7230.25,34300.0,38851.0,11.3015,87.5041,1381.0,100.4
2023-10-04 05:00:00,48.28,0.0,7636.25,35250.0,42252.0,11.2515,89.582016,1207.0,105.88
2023-10-04 06:00:00,98.62,0.0,8677.75,38700.0,46617.0,10.7515,93.54123,1165.0,127.77
2023-10-04 07:00:00,117.28,5.0,9567.5,44100.0,48303.0,10.5515,94.79472,1187.0,180.21
2023-10-04 08:00:00,121.55,430.0,9892.75,46000.0,49570.0,10.5515,94.79472,1236.0,153.27
2023-10-04 09:00:00,105.97,1546.0,10069.5,47050.0,50791.0,11.5515,91.72688,1205.0,128.59
2023-10-04 10:00:00,77.75,2596.0,10078.25,47500.0,51494.0,13.3015,85.959816,1234.0,102.33
2023-10-04 11:00:00,66.69,2856.0,10094.25,48350.0,50396.0,15.3015,79.63433,1302.0,93.26
2023-10-04 12:00:00,19.61,2573.0,9880.25,49350.0,51156.0,16.5515,70.430115,1460.0,90.2
2023-10-04 13:00:00,42.1,2101.0,9828.0,49450.0,50650.0,16.7015,72.34709,1692.0,87.34
2023-10-04 14:00:00,60.64,1638.0,9715.75,47950.0,50602.0,16.4015,72.29239,1990.0,84.74
2023-10-04 15:00:00,62.41,1347.0,9562.5,46400.0,49949.0,17.2015,67.36264,2248.0,83.28
2023-10-04 16:00:00,80.82,1124.0,9497.5,45150.0,49829.0,17.3515,65.41088,2302.0,103.8
2023-10-04 17:00:00,92.0,710.0,9640.75,43900.0,49488.0,16.9015,68.65453,2301.0,126.08
2023-10-04 18:00:00,100.7,208.0,9830.75,44650.0,50229.0,16.9015,68.65453,2136.0,148.91
2023-10-04 19:00:00,128.32,4.0,9884.25,47300.0,50748.0,16.1015,67.58432,2009.0,155.28
2023-10-04 20:00:00,116.4,0.0,9592.0,47500.0,50392.0,15.0515,71.324875,1999.0,124.89
2023-10-04 21:00:00,88.03,0.0,9038.5,44300.0,48656.0,14.1515,76.09762,2091.0,106.48
2023-10-04 22:00:00,85.59,0.0,8537.5,42650.0,48048.0,13.8515,78.63652,2230.0,96.38
2023-10-04 23:00:00,77.87,0.0,8044.0,43850.0,47425.0,13.3515,83.70997,2351.0,80.81
2023-10-05 00:00:00,82.9,0.0,7673.5,41300.0,45021.0,12.8515,87.645836,2174.0,82.72
2023-10-05 01:00:00,77.13,0.0,7374.0,38600.0,44481.0,12.8515,87.937485,2112.0,72.11
2023-10-05 02:00:00,70.53,0.0,7190.5,37800.0,44134.0,12.7515,86.190346,1988.0,63.09
2023-10-05 03:00:00,61.44,0.0,7186.0,35500.0,43875.0,12.3515,87.89301,1887.0,32.66
2023-10-05 04:00:00,69.16,0.0,7280.75,34700.0,44008.0,11.8515,90.5305,1749.0,42.15
2023-10-05 05:00:00,78.59,0.0,7683.0,35550.0,44957.0,11.5515,93.2693,1577.0,68.9
2023-10-05 06:00:00,90.73,0.0,8671.0,39550.0,48354.0,12.0015,92.98298,1420.0,93.77
2023-10-05 07:00:00,107.9,2.0,9649.0,45050.0,50494.0,12.2015,93.30242,1279.0,126.25
2023-10-05 08:00:00,122.19,200.0,10042.0,46500.0,51086.0,12.6015,90.88426,1156.0,129.56
2023-10-05 09:00:00,107.11,722.0,10226.0,47200.0,52186.0,13.0015,87.950775,1005.0,110.85
2023-10-05 10:00:00,87.33,1008.0,10152.0,47650.0,52852.0,14.2015,82.707016,895.0,93.36
2023-10-05 11:00:00,83.84,1109.0,10185.0,48050.0,52263.0,14.4515,83.01147,804.0,88.56
2023-10-05 12:00:00,82.1,1145.0,9921.25,49200.0,54161.0,14.9015,81.70853,775.0,83.58
2023-10-05 13:00:00,77.22,1107.0,9877.5,49150.0,54324.0,15.9015,77.649574,747.0,82.07
2023-10-05 14:00:00,80.03,1171.0,9720.25,47550.0,54061.0,17.2515,66.92765,706.0,87.7
2023-10-05 15:00:00,83.67,1286.0,9621.75,46300.0,53474.0,17.7015,61.68027,656.0,92.02
2023-10-05 16:00:00,88.28,1112.0,9610.75,45400.0,52839.0,17.3015,63.893314,632.0,99.89
2023-10-05 17:00:00,96.4,661.0,9776.75,44450.0,52758.0,16.4015,75.21304,621.0,114.82
2023-10-05 18:00:00,135.48,182.0,9940.25,45200.0,54132.0,16.1515,76.16916,689.0,143.09
2023-10-05 19:00:00,177.4,3.0,9934.0,47400.0,54673.0,15.2015,81.47852,873.0,180.65
2023-10-05 20:00:00,139.4,0.0,9728.75,47550.0,54670.0,13.8515,88.60753,1039.0,149.47
2023-10-05 21:00:00,109.93,0.0,9088.25,44150.0,52139.0,13.3515,90.635925,1212.0,122.34
2023-10-05 22:00:00,100.98,0.0,8641.75,42350.0,51348.0,13.0015,90.91146,1399.0,112.8
2023-10-05 23:00:00,94.58,0.0,8197.0,43850.0,51337.0,13.0515,88.540245,1581.0,105.27
2023-10-06 00:00:00,87.39,0.0,7699.0,41200.0,46662.0,12.3515,91.169426,2089.0,108.5
2023-10-06 01:00:00,84.86,0.0,7306.25,38250.0,45144.0,12.0515,89.64395,2068.0,93.7
2023-10-06 02:00:00,77.96,0.0,7197.75,37300.0,44850.0,11.7015,86.08412,2114.0,71.1
2023-10-06 03:00:00,75.06,0.0,7207.0,35250.0,44905.0,11.4515,83.48599,2258.0,65.35
2023-10-06 04:00:00,65.94,0.0,7218.0,34400.0,44920.0,11.6515,80.46164,2416.0,26.0
2023-10-06 05:00:00,71.78,0.0,7619.0,35350.0,45469.0,11.7015,79.11622,2555.0,51.48
2023-10-06 06:00:00,94.24,0.0,8545.5,39100.0,49056.0,11.6015,78.83335,2628.0,91.0
2023-10-06 07:00:00,117.45,2.0,9590.5,44750.0,51079.0,11.2515,80.95439,2685.0,126.27
2023-10-06 08:00:00,120.72,271.0,9974.75,46700.0,51482.0,11.2015,82.332924,2710.0,130.05
2023-10-06 09:00:00,104.39,1056.0,10115.25,47500.0,51997.0,12.1015,81.342804,2747.0,106.82
2023-10-06 10:00:00,85.01,2037.0,9997.25,47900.0,52348.0,13.8515,78.112816,2648.0,92.07
2023-10-06 11:00:00,65.14,2967.0,10062.5,47950.0,50690.0,15.6015,73.35555,2588.0,87.37
2023-10-06 12:00:00,36.53,3750.0,9851.0,48750.0,50716.0,16.9015,70.03256,2633.0,82.05
2023-10-06 13:00:00,20.31,4066.0,9806.75,48850.0,50273.0,18.0515,66.653206,2662.0,72.44
2023-10-06 14:00:00,13.76,3900.0,9634.0,47150.0,50037.0,18.2515,68.24868,2660.0,77.04
2023-10-06 15:00:00,42.81,3335.0,9332.0,45750.0,49364.0,19.1015,64.5032,2638.0,90.7
2023-10-06 16:00:00,62.94,2312.0,9203.75,44300.0,50402.0,19.3515,65.409676,2622.0,96.49
2023-10-06 17:00:00,86.86,1113.0,9344.0,43600.0,51066.0,19.5015,65.441826,2614.0,112.52
2023-10-06 18:00:00,104.93,289.0,9431.5,44400.0,50601.0,18.8015,69.48551,2640.0,135.52
2023-10-06 19:00:00,113.4,2.0,9498.75,46600.0,50573.0,17.4015,73.91393,2694.0,140.83
2023-10-06 20:00:00,103.26,0.0,9314.25,46550.0,49011.0,16.4515,74.23675,2751.0,133.01
2023-10-06 21:00:00,89.39,0.0,8784.25,43450.0,47035.0,15.6015,68.851456,2783.0,113.4
2023-10-06 22:00:00,79.36,0.0,8438.25,42050.0,46917.0,14.6015,69.81648,2770.0,106.57
2023-10-06 23:00:00,79.68,0.0,8002.5,43550.0,45671.0,13.7015,75.0093,2700.0,101.07
2023-10-07 00:00:00,70.31,0.0,7526.25,41050.0,42821.0,13.1515,83.13037,2790.0,96.34
2023-10-07 01:00:00,45.64,0.0,7298.25,38050.0,41504.0,13.0515,89.72062,2681.0,91.64
2023-10-07 02:00:00,5.92,0.0,6896.25,37150.0,40358.0,13.6015,93.37297,2681.0,89.5
2023-10-07 03:00:00,5.46,0.0,6768.75,34500.0,38564.0,13.5515,94.60253,2612.0,88.72
2023-10-07 04:00:00,6.93,0.0,6696.5,33100.0,37958.0,13.3015,95.52743,2612.0,88.28
2023-10-07 05:00:00,22.27,0.0,6781.0,33100.0,38718.0,13.4015,94.906975,2537.0,92.1
2023-10-07 06:00:00,53.02,0.0,7109.25,34400.0,41894.0,13.6015,94.29535,2524.0,105.3
2023-10-07 07:00:00,68.12,1.0,7476.75,36450.0,43150.0,14.2015,91.58978,2583.0,109.45
2023-10-07 08:00:00,71.76,187.0,7842.75,38000.0,44772.0,14.2015,91.29064,2640.0,112.16
2023-10-07 09:00:00,69.03,806.0,8214.5,40200.0,46456.0,14.5015,89.24436,2698.0,105.13
2023-10-07 10:00:00,46.81,1924.0,8422.25,41550.0,46248.0,15.6515,83.97527,2606.0,87.51
2023-10-07 11:00:00,19.64,3176.0,8609.25,41900.0,45980.0,17.2515,77.0969,2489.0,70.52
2023-10-07 12:00:00,10.39,4088.0,8610.75,43700.0,43995.0,18.6015,73.88043,2498.0,42.76
2023-10-07 13:00:00,0.22,4362.0,8443.25,43450.0,43903.0,20.0015,70.39806,2575.0,2.21
2023-10-07 14:00:00,1.0,4131.0,8141.75,41400.0,44144.0,20.0515,66.41831,2679.0,15.04
2023-10-07 15:00:00,22.01,3517.0,7920.25,39900.0,45105.0,20.8515,64.25484,2739.0,56.0
2023-10-07 16:00:00,61.73,2446.0,7986.25,38900.0,47262.0,21.2515,62.899265,2794.0,85.01
2023-10-07 17:00:00,86.44,1152.0,8247.5,38500.0,47017.0,21.3015,62.301033,2831.0,102.5
2023-10-07 18:00:00,102.28,286.0,8531.75,39400.0,47209.0,20.9015,63.84997,2917.0,125.0
2023-10-07 19:00:00,108.91,2.0,8712.0,42200.0,47014.0,19.8015,64.44482,3008.0,145.9
2023-10-07 20:00:00,100.0,0.0,8531.5,42250.0,46927.0,18.8015,63.593403,3094.0,129.92
2023-10-07 21:00:00,83.99,0.0,8148.0,39600.0,45399.0,17.9515,64.25054,3108.0,104.3
2023-10-07 22:00:00,76.19,0.0,7864.25,38900.0,44565.0,17.0015,65.11772,3040.0,107.4
2023-10-07 23:00:00,72.0,0.0,7579.5,40650.0,44199.0,16.2515,65.39102,2867.0,101.04
2023-10-08 00:00:00,91.21,0.0,7221.75,38450.0,43834.0,15.3515,67.428734,1437.0,102.73
2023-10-08 01:00:00,82.01,0.0,6851.5,35900.0,42693.0,14.7015,69.60153,1109.0,94.14
2023-10-08 02:00:00,78.54,0.0,6567.75,34750.0,42650.0,14.4515,70.02259,856.0,88.6
2023-10-08 03:00:00,74.66,0.0,6559.25,32400.0,41791.0,14.1515,71.877304,626.0,55.84
2023-10-08 04:00:00,71.81,0.0,6477.5,31200.0,41660.0,13.7015,74.50641,426.0,56.95
2023-10-08 05:00:00,77.09,0.0,6595.0,30900.0,41796.0,14.1515,72.85128,248.0,70.73
2023-10-08 06:00:00,83.51,0.0,6842.25,31700.0,42330.0,13.5015,76.24722,161.0,73.73
2023-10-08 07:00:00,100.0,1.0,7179.25,32750.0,42990.0,13.2515,78.284164,125.0,88.08
2023-10-08 08:00:00,101.84,237.0,7419.0,33550.0,44037.0,12.3015,83.58674,95.0,82.1
2023-10-08 09:00:00,100.67,971.0,7678.25,35500.0,46015.0,13.4515,80.43907,70.0,62.73
2023-10-08 10:00:00,86.71,1801.0,7968.5,37700.0,47269.0,15.2015,77.030235,59.0,40.0
2023-10-08 11:00:00,76.4,2370.0,8113.25,39400.0,47757.0,17.1515,71.24641,50.0,8.99
2023-10-08 12:00:00,70.14,2845.0,8126.5,41450.0,47970.0,18.5515,67.862724,48.0,-0.07
2023-10-08 13:00:00,55.15,3009.0,7941.25,41550.0,47810.0,20.0015,65.33541,50.0,-4.33
2023-10-08 14:00:00,54.61,2900.0,7683.25,38500.0,47185.0,20.5015,63.761806,63.0,-1.67
2023-10-08 15:00:00,70.8,2483.0,7566.75,37150.0,46975.0,21.2015,62.07632,88.0,1.53
2023-10-08 16:00:00,88.65,1694.0,7621.75,36800.0,46683.0,21.6515,60.782578,113.0,62.73
2023-10-08 17:00:00,95.37,824.0,7891.5,36450.0,46544.0,21.5515,62.357555,143.0,95.16
2023-10-08 18:00:00,122.73,195.0,8328.5,37700.0,47877.0,20.7015,69.18242,209.0,120.06
2023-10-08 19:00:00,146.5,1.0,8619.25,41500.0,49208.0,18.2515,79.01925,331.0,130.0
2023-10-08 20:00:00,131.85,0.0,8561.25,42850.0,49268.0,17.2515,82.00753,545.0,130.0
2023-10-08 21:00:00,110.2,0.0,8132.0,40200.0,47424.0,17.1015,77.07358,850.0,115.16
2023-10-08 22:00:00,104.42,0.0,7815.75,39250.0,46793.0,16.5515,76.23357,1147.0,106.62
2023-10-08 23:00:00,96.34,0.0,7359.0,41000.0,46676.0,15.7515,79.6978,1331.0,99.97
2023-10-09 00:00:00,91.11,0.0,6909.0,38700.0,44384.0,15.6515,80.738075,1192.0,94.9
2023-10-09 01:00:00,87.45,0.0,6609.0,36000.0,43939.0,15.4515,82.85953,1322.0,93.17
2023-10-09 02:00:00,82.44,0.0,6623.75,35000.0,44091.0,15.1515,85.5846,1384.0,93.4
2023-10-09 03:00:00,77.4,0.0,6490.75,32950.0,43899.0,14.5515,86.653824,1387.0,92.02
2023-10-09 04:00:00,75.0,0.0,6584.25,32050.0,44101.0,13.7515,83.202484,1263.0,95.68
2023-10-09 05:00:00,79.05,0.0,7025.5,33700.0,44667.0,13.3015,79.61501,1154.0,99.33
2023-10-09 06:00:00,96.97,0.0,8087.25,38100.0,48216.0,13.1015,76.43934,1078.0,123.92
2023-10-09 07:00:00,112.54,1.0,9162.25,43400.0,50258.0,12.9515,74.881744,1005.0,139.6
2023-10-09 08:00:00,127.7,198.0,9631.75,45450.0,51694.0,12.7015,75.34781,918.0,144.5
2023-10-09 09:00:00,121.75,849.0,9793.25,46400.0,53007.0,13.6515,73.253174,785.0,128.01
2023-10-09 10:00:00,111.64,1570.0,9826.75,47250.0,54788.0,15.1515,73.27555,610.0,105.35
2023-10-09 11:00:00,105.37,2238.0,9831.5,48050.0,55418.0,17.2515,66.92765,437.0,92.29
2023-10-09 12:00:00,99.04,2830.0,9657.25,49450.0,56352.0,19.1015,62.62009,333.0,90.19
2023-10-09 13:00:00,92.67,2999.0,9591.5,49400.0,56195.0,19.8515,62.17479,271.0,87.86
2023-10-09 14:00:00,92.59,2719.0,9453.0,48000.0,55066.0,20.0015,67.495766,235.0,88.12
2023-10-09 15:00:00,87.65,2124.0,9436.0,47000.0,54497.0,20.8015,66.3598,207.0,90.5
2023-10-09 16:00:00,108.06,1410.0,9503.5,45800.0,54043.0,21.1015,66.20837,191.0,101.92
2023-10-09 17:00:00,129.91,745.0,9805.0,45150.0,53759.0,21.1515,67.078354,177.0,114.35
2023-10-09 18:00:00,189.11,172.0,10005.25,46300.0,53336.0,20.4515,72.087425,183.0,180.0
2023-10-09 19:00:00,221.7,0.0,9995.5,49250.0,53360.0,17.7015,84.47774,222.0,226.65
2023-10-09 20:00:00,184.5,0.0,9618.0,48200.0,53028.0,16.2515,89.67059,276.0,160.07
2023-10-09 21:00:00,133.07,0.0,8898.5,44450.0,51945.0,14.8015,93.12954,300.0,120.0
2023-10-09 22:00:00,120.0,0.0,8501.0,42950.0,50917.0,14.5015,93.72231,334.0,104.7
2023-10-09 23:00:00,112.7,0.0,8046.25,43700.0,50109.0,13.4515,96.47478,382.0,100.0
2023-10-10 00:00:00,104.0,0.0,7476.75,40850.0,48481.0,13.5015,96.16127,167.0,97.58
2023-10-10 01:00:00,100.6,0.0,7176.0,38250.0,47513.0,13.4515,96.47478,215.0,67.31
2023-10-10 02:00:00,99.9,0.0,6912.0,37350.0,47438.0,13.4015,95.53085,282.0,63.83
2023-10-10 03:00:00,99.52,0.0,6887.75,35350.0,47095.0,12.9515,95.20203,378.0,30.17
2023-10-10 04:00:00,97.34,0.0,6954.25,34350.0,47000.0,12.6515,93.94354,478.0,8.46
2023-10-10 05:00:00,91.67,0.0,7525.25,35700.0,47572.0,12.5015,92.39588,567.0,3.98
2023-10-10 06:00:00,126.07,0.0,8627.25,39550.0,51166.0,12.3515,90.56583,658.0,8.02
2023-10-10 07:00:00,166.97,0.0,9576.75,44900.0,52298.0,12.3515,87.60037,759.0,47.49
2023-10-10 08:00:00,171.81,196.0,9914.5,46750.0,53291.0,12.5515,86.746994,895.0,75.0
2023-10-10 09:00:00,132.1,926.0,10251.75,47350.0,53409.0,13.5515,82.078606,1050.0,78.48
2023-10-10 10:00:00,114.05,1986.0,10190.25,47700.0,54019.0,15.5515,76.5771,1077.0,70.0
2023-10-10 11:00:00,104.17,2987.0,10186.5,48800.0,53123.0,17.7015,68.81471,1028.0,40.51
2023-10-10 12:00:00,94.89,3731.0,10045.75,49800.0,52954.0,19.7515,60.537407,1065.0,25.71
2023-10-10 13:00:00,79.53,3985.0,9949.25,49750.0,53098.0,21.6015,52.95898,1197.0,2.32
2023-10-10 14:00:00,78.35,3715.0,9807.75,48300.0,52786.0,22.3515,48.459328,1483.0,-0.96
2023-10-10 15:00:00,76.02,3060.0,9655.5,47000.0,52122.0,23.1015,44.939037,1885.0,-1.81
2023-10-10 16:00:00,84.49,2036.0,9631.25,46050.0,51469.0,23.2515,45.58283,2282.0,2.02
2023-10-10 17:00:00,99.89,960.0,9817.0,45400.0,52882.0,22.7015,49.038292,2653.0,38.09
2023-10-10 18:00:00,128.81,202.0,10040.75,45850.0,52396.0,21.9515,52.527718,2970.0,80.7
2023-10-10 19:00:00,140.71,0.0,9983.25,48450.0,52920.0,20.6515,53.773582,3208.0,85.0
2023-10-10 20:00:00,105.72,0.0,9558.75,48400.0,51580.0,20.0015,58.053535,3318.0,80.69
2023-10-10 21:00:00,87.3,0.0,9020.5,44750.0,49246.0,19.6015,60.104103,3336.0,24.14
2023-10-10 22:00:00,89.23,0.0,8705.25,43000.0,47389.0,18.9515,64.89585,3312.0,55.33
2023-10-10 23:00:00,68.83,0.0,8316.75,44100.0,46107.0,17.8015,70.66907,3266.0,4.6
2023-10-11 00:00:00,63.32,0.0,8127.75,40900.0,45204.0,17.0015,72.87984,3168.0,16.9
2023-10-11 01:00:00,25.89,0.0,7880.75,38450.0,43810.0,16.3015,74.21094,3078.0,23.22
2023-10-11 02:00:00,7.58,0.0,7693.25,37650.0,41071.0,15.5515,72.13659,2989.0,26.0
2023-10-11 03:00:00,1.85,0.0,7683.75,35600.0,40002.0,15.0015,74.48054,2920.0,21.1
2023-10-11 04:00:00,2.47,0.0,7795.0,34700.0,39924.0,14.8015,73.704155,2881.0,22.52
2023-10-11 05:00:00,9.16,0.0,8124.5,35750.0,42361.0,14.6015,73.17732,2893.0,48.28
2023-10-11 06:00:00,80.81,0.0,8995.75,39350.0,46150.0,14.4015,73.880775,2916.0,98.62
2023-10-11 07:00:00,127.99,0.0,9852.75,44450.0,48897.0,14.3515,75.11913,2973.0,117.28
2023-10-11 08:00:00,136.86,188.0,10131.75,46250.0,50161.0,14.4015,76.392845,2987.0,121.55
2023-10-11 09:00:00,114.61,900.0,10238.0,46700.0,51262.0,14.9515,77.50367,3053.0,105.97
2023-10-11 10:00:00,86.25,1884.0,10179.0,47350.0,52212.0,17.1015,73.86192,3032.0,77.75
2023-10-11 11:00:00,80.0,2813.0,10208.75,48150.0,51822.0,18.1515,72.609375,2993.0,66.69
2023-10-11 12:00:00,61.1,3365.0,9990.5,49350.0,52425.0,19.2515,70.94294,3030.0,19.61
2023-10-11 13:00:00,48.12,3508.0,9980.25,49600.0,51996.0,20.4515,68.91075,3059.0,42.1
2023-10-11 14:00:00,21.54,3200.0,9870.0,48200.0,51802.0,20.2515,68.871315,3060.0,60.64
2023-10-11 15:00:00,41.63,2570.0,9705.0,47150.0,51032.0,21.0515,65.34771,3047.0,62.41
2023-10-11 16:00:00,62.0,1701.0,9636.25,46050.0,50302.0,21.6015,61.765354,3022.0,80.82
2023-10-11 17:00:00,104.33,785.0,9746.0,45050.0,51066.0,21.6515,60.98029,2981.0,92.0
2023-10-11 18:00:00,129.69,150.0,9941.25,46300.0,51550.0,21.0515,59.077896,2898.0,100.7
2023-10-11 19:00:00,141.14,0.0,9955.25,48950.0,51910.0,20.3015,56.237328,2778.0,128.32
2023-10-11 20:00:00,129.3,0.0,9659.25,48550.0,51555.0,19.9515,58.813576,2564.0,116.4
2023-10-11 21:00:00,109.79,0.0,9137.0,44800.0,50183.0,19.5015,58.899624,2252.0,88.03
2023-10-11 22:00:00,109.3,0.0,8779.5,42800.0,49711.0,19.7015,57.40641,1955.0,85.59
2023-10-11 23:00:00,104.0,0.0,8251.0,44400.0,49956.0,18.9515,59.35565,1947.0,77.87
2023-10-12 00:00:00,99.51,0.0,7637.25,41100.0,48631.0,18.6515,64.404625,2255.0,82.9
2023-10-12 01:00:00,100.2,0.0,7329.0,38550.0,47346.0,18.2015,67.34676,1742.0,77.13
2023-10-12 02:00:00,107.7,0.0,7205.5,37800.0,46894.0,17.0015,72.6404,1460.0,70.53
2023-10-12 03:00:00,99.62,0.0,7201.5,35550.0,46570.0,16.9515,74.56696,1271.0,61.44
2023-10-12 04:00:00,89.04,0.0,7291.5,34650.0,46526.0,16.001501,86.5117,991.0,69.16
2023-10-12 05:00:00,102.6,0.0,7706.25,35850.0,47463.0,15.6515,90.20799,809.0,78.59
2023-10-12 06:00:00,126.5,0.0,8661.5,39900.0,50323.0,15.4015,89.60597,696.0,90.73
2023-10-12 07:00:00,133.62,0.0,9656.0,45250.0,51679.0,15.0015,89.57538,622.0,107.9
2023-10-12 08:00:00,148.39,22.0,10049.0,46750.0,51881.0,14.8515,90.44444,549.0,122.19
2023-10-12 09:00:00,148.92,103.0,10235.0,47250.0,52722.0,14.8515,91.92904,496.0,107.11
2023-10-12 10:00:00,131.02,232.0,10196.5,47700.0,53897.0,15.3015,91.065575,455.0,87.33
2023-10-12 11:00:00,124.8,368.0,10253.25,48100.0,53696.0,16.4015,90.26183,439.0,83.84
2023-10-12 12:00:00,111.07,479.0,10010.5,49000.0,54315.0,17.5015,84.18416,452.0,82.1
2023-10-12 13:00:00,104.29,524.0,9988.25,49450.0,54466.0,18.2015,79.26758,491.0,77.22
2023-10-12 14:00:00,108.38,551.0,9840.25,48000.0,53791.0,16.5015,91.73226,514.0,80.03
2023-10-12 15:00:00,120.0,521.0,9704.0,46750.0,53137.0,16.8015,87.43121,499.0,83.67
2023-10-12 16:00:00,117.71,420.0,9662.25,46100.0,53243.0,17.3015,86.35904,473.0,88.28
2023-10-12 17:00:00,145.22,240.0,9838.5,45300.0,52954.0,17.6515,86.94903,460.0,96.4
2023-10-12 18:00:00,170.29,47.0,10040.0,46200.0,53029.0,17.9015,87.53048,493.0,135.48
2023-10-12 19:00:00,221.1,0.0,10175.5,49050.0,52966.0,17.5015,89.76452,636.0,177.4
2023-10-12 20:00:00,151.71,0.0,9822.75,48500.0,52057.0,17.4515,91.790054,975.0,139.4
2023-10-12 21:00:00,129.36,0.0,9130.0,44950.0,50913.0,17.6015,91.21587,1276.0,109.93
2023-10-12 22:00:00,123.5,0.0,8665.5,43200.0,50362.0,17.5515,91.50397,1570.0,100.98
2023-10-12 23:00:00,109.84,0.0,8111.5,44300.0,50633.0,17.6015,91.799095,1762.0,94.58
2023-10-13 00:00:00,123.99,0.0,7687.5,40700.0,48845.0,17.6015,92.38564,1740.0,87.39
2023-10-13 01:00:00,115.0,0.0,7255.75,38050.0,48825.0,17.6515,92.0949,1912.0,84.86
2023-10-13 02:00:00,107.14,0.0,7070.75,37150.0,48071.0,17.7015,91.80517,1911.0,77.96
2023-10-13 03:00:00,101.4,0.0,6998.5,34750.0,47000.0,17.3515,93.25907,2051.0,75.06
2023-10-13 04:00:00,99.9,0.0,7026.75,33550.0,46169.0,17.4515,94.15848,2489.0,65.94
2023-10-13 05:00:00,79.32,0.0,7542.5,34700.0,46671.0,17.8515,92.98845,2959.0,71.78
2023-10-13 06:00:00,102.0,0.0,8367.25,38300.0,48661.0,18.0015,92.70177,3280.0,94.24
2023-10-13 07:00:00,131.27,0.0,9351.5,43850.0,51942.0,18.5515,89.557976,3480.0,117.45
2023-10-13 08:00:00,143.78,100.0,9793.0,45550.0,53346.0,18.9015,85.14937,3667.0,120.72
2023-10-13 09:00:00,132.05,545.0,9977.75,46000.0,53958.0,19.2515,79.67053,3873.0,104.39
2023-10-13 10:00:00,99.0,1093.0,9931.75,46800.0,54976.0,20.0515,73.891396,3988.0,85.01
2023-10-13 11:00:00,72.09,1475.0,9998.5,47450.0,53768.0,21.1015,69.706436,4026.0,65.14
2023-10-13 12:00:00,34.45,1644.0,9805.0,48500.0,53054.0,22.0515,65.77083,4024.0,36.53
2023-10-13 13:00:00,7.68,1615.0,9705.25,48700.0,51859.0,22.3515,65.20448,3995.0,20.31
2023-10-13 14:00:00,4.31,1469.0,9615.5,47500.0,51098.0,23.6515,58.366745,3985.0,13.76
2023-10-13 15:00:00,4.24,1206.0,9419.5,46000.0,50744.0,22.6015,61.59488,4013.0,42.81
2023-10-13 16:00:00,10.17,712.0,9294.0,44700.0,50423.0,23.0015,59.73336,4094.0,62.94
2023-10-13 17:00:00,49.24,269.0,9428.75,44350.0,52614.0,21.4015,67.345764,4131.0,86.86
2023-10-13 18:00:00,79.79,42.0,9623.5,45300.0,52769.0,19.9515,75.31045,4111.0,104.93
2023-10-13 19:00:00,90.1,0.0,9783.25,47400.0,52948.0,19.8015,76.74782,4082.0,113.4
2023-10-13 20:00:00,44.06,0.0,9455.25,46950.0,51214.0,18.8015,83.25879,4032.0,103.26
2023-10-13 21:00:00,7.93,0.0,8893.0,43800.0,48476.0,18.1515,87.83262,3870.0,89.39
2023-10-13 22:00:00,2.09,0.0,8572.5,42350.0,46739.0,18.8015,81.415306,3762.0,79.36
2023-10-13 23:00:00,0.72,0.0,8157.0,43750.0,46445.0,18.8015,76.3445,3677.0,79.68
2023-10-14 00:00:00,0.03,0.0,7742.0,40550.0,42203.0,18.5015,74.10344,3894.0,70.31
2023-10-14 01:00:00,-1.74,0.0,7418.5,37350.0,41115.0,17.7515,78.94736,3739.0,45.64
2023-10-14 02:00:00,-0.69,0.0,7118.25,36300.0,40526.0,16.4015,90.55304,3564.0,5.92
2023-10-14 03:00:00,-0.9,0.0,6992.0,33400.0,39092.0,13.9015,92.475525,3345.0,5.46
2023-10-14 04:00:00,-1.17,0.0,6876.0,31300.0,38373.0,13.1015,85.654175,3160.0,6.93
2023-10-14 05:00:00,-1.08,0.0,7012.0,31100.0,39164.0,11.7015,83.51572,2998.0,22.27
2023-10-14 06:00:00,0.16,0.0,7256.5,32600.0,39685.0,11.1515,82.88672,2823.0,53.02
2023-10-14 07:00:00,2.54,0.0,7872.75,34350.0,41719.0,10.8515,82.00918,2675.0,68.12
2023-10-14 08:00:00,24.67,238.0,8306.5,35900.0,43361.0,10.2015,83.90661,2522.0,71.76
2023-10-14 09:00:00,32.06,1259.0,8661.5,37450.0,44438.0,10.3515,84.785355,2412.0,69.03
2023-10-14 10:00:00,20.28,2405.0,8848.25,38900.0,44240.0,11.8015,76.487816,2343.0,46.81
2023-10-14 11:00:00,10.65,3022.0,9012.75,39900.0,44620.0,12.5515,71.82135,2296.0,19.64
2023-10-14 12:00:00,17.0,3247.0,8928.25,42000.0,44589.0,13.2015,66.06627,2219.0,10.39
2023-10-14 13:00:00,10.0,3181.0,8655.25,42750.0,44069.0,13.6515,61.35653,2186.0,0.22
2023-10-14 14:00:00,5.02,2897.0,8400.5,41050.0,43121.0,11.8515,68.793045,2121.0,1.0
2023-10-14 15:00:00,3.82,2413.0,8257.5,40100.0,41851.0,12.5515,71.82135,1999.0,22.01
2023-10-14 16:00:00,8.25,1613.0,8214.25,39300.0,41502.0,12.9515,60.34777,1840.0,61.73
2023-10-14 17:00:00,68.99,770.0,8546.0,39000.0,46214.0,12.4015,64.31914,1589.0,86.44
2023-10-14 18:00:00,120.0,127.0,8820.75,40250.0,47749.0,11.6515,66.64617,1333.0,102.28
2023-10-14 19:00:00,145.21,0.0,9014.75,43150.0,48744.0,10.3515,72.40103,1156.0,108.91
2023-10-14 20:00:00,156.58,0.0,8731.5,42650.0,48326.0,9.9015,75.130135,1083.0,100.0
2023-10-14 21:00:00,110.67,0.0,8349.25,40000.0,46218.0,9.2015,80.952866,1107.0,83.99
2023-10-14 22:00:00,103.49,0.0,8060.5,39350.0,45136.0,8.9515,82.044655,1230.0,76.19
2023-10-14 23:00:00,96.18,0.0,7778.25,41100.0,44273.0,8.3515,85.1473,1396.0,72.0
2023-10-15 00:00:00,47.0,0.0,7350.75,38650.0,42440.0,7.9014997,87.48652,1861.0,91.21
2023-10-15 01:00:00,23.27,0.0,6967.75,36100.0,40150.0,7.6514997,87.76632,1999.0,82.01
2023-10-15 02:00:00,5.98,0.0,6756.25,35100.0,39867.0,7.4515,82.13511,2052.0,78.54
2023-10-15 03:00:00,9.25,0.0,6626.0,32200.0,37142.0,7.3515,80.69796,2100.0,74.66
2023-10-15 04:00:00,5.89,0.0,6599.25,30900.0,36797.0,7.6015,78.50296,2135.0,71.81
2023-10-15 05:00:00,7.78,0.0,6585.25,30400.0,36015.0,7.6015,80.45096,2204.0,77.09
2023-10-15 06:00:00,6.12,0.0,6830.5,31450.0,36564.0,7.3515,81.835526,2236.0,83.51
2023-10-15 07:00:00,34.93,0.0,7199.0,32900.0,39140.0,7.1514997,82.383965,2265.0,100.0
2023-10-15 08:00:00,47.55,197.0,7529.5,33850.0,40453.0,7.1514997,80.387566,2245.0,101.84
2023-10-15 09:00:00,55.42,1107.0,7861.75,36050.0,42196.0,7.6015,75.52605,2153.0,100.67
2023-10-15 10:00:00,40.5,2095.0,8159.75,38650.0,42552.0,9.3515,66.61506,2017.0,86.71
2023-10-15 11:00:00,15.2,2539.0,8321.0,40250.0,43833.0,10.1015,64.47351,1852.0,76.4
2023-10-15 12:00:00,52.27,2640.0,8406.5,42000.0,44826.0,10.7015,59.799057,1589.0,70.14
2023-10-15 13:00:00,16.07,2643.0,8163.75,42600.0,42735.0,10.6015,63.68691,1342.0,55.15
2023-10-15 14:00:00,14.24,2452.0,7931.25,39500.0,41897.0,9.9515,73.848595,1129.0,54.61
2023-10-15 15:00:00,12.97,2024.0,7843.5,37900.0,41085.0,10.8015,70.26347,963.0,70.8
2023-10-15 16:00:00,32.76,1407.0,7863.75,36500.0,42416.0,9.1515,76.58294,798.0,88.65
2023-10-15 17:00:00,95.18,692.0,8231.25,36550.0,47078.0,9.3515,78.76782,607.0,95.37
2023-10-15 18:00:00,149.76,107.0,8698.0,38750.0,48371.0,9.1515,78.73778,461.0,122.73
2023-10-15 19:00:00,164.99,0.0,8987.5,43200.0,49319.0,7.5015,87.75255,358.0,146.5
2023-10-15 20:00:00,165.63,0.0,8813.25,43400.0,49139.0,7.1514997,89.5658,298.0,131.85
2023-10-15 21:00:00,131.6,0.0,8404.5,41550.0,47726.0,6.4515,91.71774,248.0,110.2
2023-10-15 22:00:00,127.42,0.0,8109.25,41150.0,47481.0,5.3015,94.24805,207.0,104.42
2023-10-15 23:00:00,113.15,0.0,7659.25,42850.0,47617.0,4.5015,95.211205,183.0,96.34
2023-10-16 00:00:00,108.71,0.0,7191.0,40750.0,45304.0,3.9015,96.20188,113.0,91.11
2023-10-16 01:00:00,103.59,0.0,6906.75,38150.0,45830.0,3.6515,96.53491,101.0,87.45
2023-10-16 02:00:00,101.85,0.0,6758.25,37300.0,45781.0,3.9015,95.863014,93.0,82.44
2023-10-16 03:00:00,100.4,0.0,6735.0,35100.0,45803.0,3.1515,96.52105,81.0,77.4
2023-10-16 04:00:00,98.43,0.0,6764.75,34450.0,44954.0,3.0514998,96.17608,72.0,75.0
2023-10-16 05:00:00,102.93,0.0,7318.75,36200.0,47044.0,3.3014998,94.49205,75.0,79.05
2023-10-16 06:00:00,139.56,0.0,8324.25,40600.0,50578.0,3.9515,91.55614,84.0,96.97
2023-10-16 07:00:00,159.37,0.0,9455.25,46500.0,53029.0,5.1514997,86.30527,97.0,112.54
2023-10-16 08:00:00,180.35,142.0,9926.25,49700.0,53599.0,5.6015,83.06125,104.0,127.7
2023-10-16 09:00:00,158.09,879.0,10215.75,50650.0,54283.0,5.2015,89.72505,107.0,121.75
2023-10-16 10:00:00,141.09,1945.0,10152.25,51150.0,55151.0,7.2015,82.96858,98.0,111.64
2023-10-16 11:00:00,118.25,2816.0,10172.75,51100.0,53866.0,9.0515,74.46283,83.0,105.37
2023-10-16 12:00:00,113.89,3254.0,9955.0,51350.0,54493.0,10.3515,68.00862,89.0,99.04
2023-10-16 13:00:00,106.19,3419.0,9812.0,51250.0,54392.0,11.4015,63.425938,111.0,92.67
2023-10-16 14:00:00,109.49,3038.0,9626.75,49350.0,53491.0,11.4015,67.05595,148.0,92.59
2023-10-16 15:00:00,116.75,2213.0,9603.25,47650.0,53160.0,11.9515,64.66466,214.0,87.65
2023-10-16 16:00:00,138.96,1267.0,9610.5,46000.0,53638.0,12.0015,64.90035,324.0,108.06
2023-10-16 17:00:00,169.77,539.0,9904.5,44750.0,53585.0,11.8015,65.08113,495.0,129.91
2023-10-16 18:00:00,214.01,73.0,10206.75,45800.0,54114.0,11.3515,66.81309,722.0,189.11
2023-10-16 19:00:00,240.0,0.0,10203.75,50450.0,57880.0,9.9515,72.83066,1033.0,221.7
2023-10-16 20:00:00,160.89,0.0,9865.75,49600.0,56808.0,9.0515,76.83322,1323.0,184.5
2023-10-16 21:00:00,145.46,0.0,9208.5,45600.0,55423.0,8.6015,78.92889,1497.0,133.07
2023-10-16 22:00:00,135.2,0.0,8921.75,44100.0,54701.0,8.3515,78.0707,1627.0,120.0
2023-10-16 23:00:00,119.22,0.0,8672.0,46800.0,53927.0,7.9515,77.193436,1728.0,112.7
2023-10-17 00:00:00,127.58,0.0,8488.0,43550.0,53084.0,7.3015,79.84678,1839.0,104.0
2023-10-17 01:00:00,114.04,0.0,8198.5,40750.0,52012.0,6.7015,83.19758,1948.0,100.6
2023-10-17 02:00:00,108.4,0.0,8244.75,39750.0,50999.0,6.3015,81.69638,2030.0,99.9
2023-10-17 03:00:00,106.36,0.0,8285.0,37450.0,50163.0,6.4014997,82.86858,2118.0,99.52
2023-10-17 04:00:00,102.1,0.0,8289.0,36500.0,49766.0,6.6015,83.77118,2207.0,97.34
2023-10-17 05:00:00,108.99,0.0,8466.75,37650.0,50253.0,6.7515,84.0831,2324.0,91.67
2023-10-17 06:00:00,118.76,0.0,9209.0,41400.0,52625.0,6.9515,82.6474,2410.0,126.07
2023-10-17 07:00:00,148.77,0.0,10061.75,47300.0,55767.0,6.8515,82.3454,2505.0,166.97
2023-10-17 08:00:00,175.82,63.0,10457.5,49050.0,57108.0,6.7015,81.17663,2628.0,171.81
2023-10-17 09:00:00,159.48,451.0,10708.0,49700.0,57111.0,7.2015,78.16623,2756.0,132.1
2023-10-17 10:00:00,135.0,1283.0,10611.25,49950.0,56500.0,7.9515,76.65418,2691.0,114.05
2023-10-17 11:00:00,113.76,2431.0,10499.75,50050.0,56150.0,9.2015,71.933586,2569.0,104.17
2023-10-17 12:00:00,105.52,3505.0,10258.75,49950.0,54980.0,10.6515,66.662575,2530.0,94.89
2023-10-17 13:00:00,89.33,4138.0,10148.75,49900.0,54806.0,11.9015,60.514645,2543.0,79.53
2023-10-17 14:00:00,79.48,4098.0,9973.5,48200.0,53816.0,12.5015,59.198322,2587.0,78.35
2023-10-17 15:00:00,90.0,3512.0,9870.5,46500.0,52904.0,13.1015,56.326,2710.0,76.02
2023-10-17 16:00:00,102.03,2324.0,9764.5,45050.0,52916.0,13.2015,55.18265,2849.0,84.49
2023-10-17 17:00:00,113.96,940.0,10022.0,44150.0,52127.0,12.8015,56.643944,3002.0,99.89
2023-10-17 18:00:00,138.65,127.0,10317.75,45300.0,53175.0,11.8015,61.12819,3168.0,128.81
2023-10-17 19:00:00,152.25,0.0,10324.5,49250.0,55405.0,10.5015,64.11253,3318.0,140.71
2023-10-17 20:00:00,128.48,0.0,9868.0,48800.0,54856.0,9.8515,66.25627,3369.0,105.72
2023-10-17 21:00:00,107.76,0.0,9259.5,44900.0,53539.0,9.3515,68.03727,3345.0,87.3
2023-10-17 22:00:00,96.51,0.0,8902.25,43150.0,51956.0,8.7515,69.60928,3288.0,89.23
2023-10-17 23:00:00,87.31,0.0,8510.25,44550.0,51512.0,8.2015,71.74298,3222.0,68.83
2023-10-18 00:00:00,64.33,0.0,7701.0,42050.0,48790.0,7.6514997,74.47741,3065.0,63.32
2023-10-18 01:00:00,43.01,0.0,7390.5,39650.0,47389.0,7.3015,76.27804,2967.0,25.89
2023-10-18 02:00:00,33.0,0.0,7199.25,38500.0,44606.0,6.8015,77.828766,2885.0,7.58
2023-10-18 03:00:00,17.61,0.0,7183.25,36150.0,43183.0,6.6015,78.90518,2848.0,1.85
2023-10-18 04:00:00,9.73,0.0,7218.0,35150.0,42647.0,6.9014997,78.11966,2896.0,2.47
2023-10-18 05:00:00,17.45,0.0,7678.5,36250.0,43414.0,7.0015,78.41106,2990.0,9.16
2023-10-18 06:00:00,55.65,0.0,8816.75,39900.0,48328.0,7.3015,77.63357,3101.0,80.81
2023-10-18 07:00:00,82.21,0.0,9821.5,45250.0,52174.0,7.8015,75.56013,3165.0,127.99
2023-10-18 08:00:00,120.0,81.0,10140.5,48000.0,53330.0,8.2015,73.792465,3209.0,136.86
2023-10-18 09:00:00,105.71,573.0,10240.5,48650.0,54316.0,9.2515,71.19187,3226.0,114.61
2023-10-18 10:00:00,90.08,1212.0,10285.75,49300.0,55233.0,10.5015,72.93173,3217.0,86.25
2023-10-18 11:00:00,76.92,1790.0,10300.75,49700.0,54797.0,12.2015,70.7801,3028.0,80.0
2023-10-18 12:00:00,70.09,2123.0,10128.5,50400.0,54074.0,14.5515,65.019455,2819.0,61.1
2023-10-18 13:00:00,64.0,2030.0,10053.0,50250.0,53477.0,16.2515,62.807224,2755.0,48.12
2023-10-18 14:00:00,61.0,1423.0,9859.5,48300.0,53170.0,17.0515,62.569096,2830.0,21.54
2023-10-18 15:00:00,48.98,969.0,9716.0,47100.0,52645.0,16.9515,64.028885,2960.0,41.63
2023-10-18 16:00:00,50.99,560.0,9654.25,46100.0,52242.0,16.9515,62.336887,3195.0,62.0
2023-10-18 17:00:00,77.88,205.0,9853.75,45550.0,51918.0,16.6015,64.81331,3374.0,104.33
2023-10-18 18:00:00,92.73,23.0,10078.5,46750.0,53432.0,15.7515,71.45653,3442.0,129.69
2023-10-18 19:00:00,109.17,0.0,10092.25,50250.0,54960.0,14.8515,83.33355,3505.0,141.14
2023-10-18 20:00:00,98.44,0.0,9637.5,48500.0,53920.0,14.8015,87.5339,3523.0,129.3
2023-10-18 21:00:00,86.66,0.0,9123.5,44750.0,51947.0,15.0015,88.41421,3426.0,109.79
2023-10-18 22:00:00,66.1,0.0,8777.0,43450.0,49083.0,16.2015,87.09399,3243.0,109.3
2023-10-18 23:00:00,35.1,0.0,8311.0,44800.0,47432.0,16.9515,89.43569,3108.0,104.0
2023-10-19 00:00:00,5.44,0.0,8049.0,43650.0,45245.0,17.1515,91.77186,3548.0,99.51
2023-10-19 01:00:00,-3.2,0.0,7643.5,40950.0,43270.0,17.1015,90.8921,3503.0,100.2
2023-10-19 02:00:00,-3.93,0.0,7405.5,39850.0,42360.0,16.0515,89.077385,3443.0,107.7
2023-10-19 03:00:00,0.31,0.0,7316.0,37400.0,41980.0,15.9515,86.788345,3355.0,99.62
2023-10-19 04:00:00,-2.14,0.0,7375.0,36500.0,41519.0,15.5015,86.74533,3205.0,89.04
2023-10-19 05:00:00,6.5,0.0,7798.0,36700.0,42926.0,14.6515,91.31975,3017.0,102.6
2023-10-19 06:00:00,65.53,0.0,8764.25,40850.0,48617.0,14.9515,90.45151,2843.0,126.5
2023-10-19 07:00:00,87.91,0.0,9811.25,46750.0,52976.0,15.1015,90.46209,2600.0,133.62
2023-10-19 08:00:00,115.21,56.0,10256.25,49350.0,54382.0,14.6015,93.42269,2341.0,148.39
2023-10-19 09:00:00,127.0,380.0,10407.5,50050.0,55678.0,15.1015,91.64595,2141.0,148.92
2023-10-19 10:00:00,123.2,777.0,10405.25,50500.0,56687.0,16.2015,87.09399,1920.0,131.02
2023-10-19 11:00:00,125.72,883.0,10465.0,51450.0,57188.0,17.5015,81.24696,1687.0,124.8
2023-10-19 12:00:00,125.31,879.0,10262.25,52400.0,57446.0,18.1515,80.03157,1582.0,111.07
2023-10-19 13:00:00,121.56,730.0,10138.0,52500.0,56864.0,18.2515,80.56273,1526.0,104.29
2023-10-19 14:00:00,119.33,557.0,9942.75,51000.0,56032.0,17.5515,85.00656,1712.0,108.38
2023-10-19 15:00:00,118.05,442.0,9818.75,49650.0,54987.0,17.3015,86.91619,1711.0,120.0
2023-10-19 16:00:00,121.46,362.0,9770.5,48100.0,54598.0,19.0515,77.125496,1570.0,117.71
2023-10-19 17:00:00,142.34,161.0,10032.25,46950.0,54424.0,19.2015,76.40785,1416.0,145.22
2023-10-19 18:00:00,146.32,19.0,10266.25,48650.0,55778.0,18.3015,78.51789,1431.0,170.29
2023-10-19 19:00:00,144.72,0.0,10299.0,52300.0,55832.0,17.0515,82.51562,1475.0,221.1
2023-10-19 20:00:00,116.8,0.0,9833.0,50450.0,55003.0,16.1515,87.655556,1467.0,151.71
2023-10-19 21:00:00,97.48,0.0,9139.75,46900.0,52708.0,15.6515,91.088684,1403.0,129.36
2023-10-19 22:00:00,101.74,0.0,8726.75,45100.0,51754.0,15.7015,91.38714,1206.0,123.5
2023-10-19 23:00:00,89.58,0.0,8241.25,46250.0,50541.0,15.7515,91.09529,1041.0,109.84
2023-10-20 00:00:00,77.59,0.0,7873.5,42650.0,49086.0,16.1515,89.37377,1342.0,123.99
2023-10-20 01:00:00,60.24,0.0,7642.5,38750.0,47968.0,16.1015,89.081375,1274.0,115.0
2023-10-20 02:00:00,41.36,0.0,7326.5,38000.0,44708.0,15.5515,89.32699,1254.0,107.14
2023-10-20 03:00:00,24.8,0.0,7226.25,35600.0,41632.0,15.3015,91.065575,1274.0,101.4
2023-10-20 04:00:00,5.41,0.0,7304.25,34750.0,41697.0,15.4015,91.66456,1394.0,99.9
2023-10-20 05:00:00,32.18,0.0,7738.75,35700.0,42721.0,15.2015,92.54837,1559.0,79.32
2023-10-20 06:00:00,68.15,0.0,8683.75,39600.0,46803.0,15.1515,93.752914,1613.0,102.0
2023-10-20 07:00:00,108.12,0.0,9770.25,44400.0,50235.0,14.9015,94.04574,1580.0,131.27
2023-10-20 08:00:00,119.92,9.0,10197.0,47000.0,51370.0,15.0515,93.44489,1549.0,143.78
2023-10-20 09:00:00,124.76,58.0,10345.25,47750.0,52195.0,15.1015,92.84345,1483.0,132.05
2023-10-20 10:00:00,118.72,148.0,10254.25,48550.0,53297.0,15.1515,92.24587,1468.0,99.0
2023-10-20 11:00:00,112.26,235.0,10256.0,48900.0,54065.0,15.0515,93.44489,1475.0,72.09
2023-10-20 12:00:00,104.36,368.0,10087.0,50300.0,54946.0,16.001501,91.99776,1315.0,34.45
2023-10-20 13:00:00,100.42,485.0,9953.5,50550.0,54183.0,15.0515,92.840775,1171.0,7.68
2023-10-20 14:00:00,97.16,499.0,9841.25,48400.0,53266.0,14.0015,92.17898,1144.0,4.31
2023-10-20 15:00:00,96.67,488.0,9675.5,47100.0,52608.0,13.9015,93.387955,1341.0,4.24
2023-10-20 16:00:00,99.32,443.0,9576.75,45500.0,52332.0,13.9515,92.47833,1370.0,10.17
2023-10-20 17:00:00,113.51,198.0,9774.5,44500.0,53198.0,14.9515,86.69247,1223.0,49.24
2023-10-20 18:00:00,124.54,22.0,10009.25,45950.0,54131.0,14.8515,88.980995,1235.0,79.79
2023-10-20 19:00:00,129.73,0.0,10062.75,48750.0,54669.0,13.9515,90.0843,1354.0,90.1
2023-10-20 20:00:00,107.99,0.0,9607.0,47100.0,52575.0,13.4015,92.14373,1500.0,44.06
2023-10-20 21:00:00,87.75,0.0,8931.5,44250.0,50692.0,13.3015,92.746124,1594.0,7.93
2023-10-20 22:00:00,83.21,0.0,8714.75,43100.0,50212.0,13.3515,93.054214,1687.0,2.09
2023-10-20 23:00:00,59.55,0.0,8180.0,44950.0,49447.0,13.1515,93.04374,1791.0,0.72
2023-10-21 00:00:00,53.1,0.0,7906.0,42200.0,47671.0,12.8015,92.718735,1318.0,0.03
2023-10-21 01:00:00,37.27,0.0,7472.5,38950.0,47092.0,12.7015,92.71325,1273.0,-1.74
2023-10-21 02:00:00,39.74,0.0,7085.75,37750.0,44241.0,13.0015,93.34287,1441.0,-0.69
2023-10-21 03:00:00,33.5,0.0,7035.75,35050.0,43739.0,13.0515,92.4273,1765.0,-0.9
2023-10-21 04:00:00,39.73,0.0,6907.0,33800.0,43570.0,12.8515,91.504486,2095.0,-1.17
2023-10-21 05:00:00,32.02,0.0,6941.5,33900.0,43635.0,12.6015,92.40161,2472.0,-1.08
2023-10-21 06:00:00,35.82,0.0,7234.75,35300.0,44841.0,12.7515,91.19585,2804.0,0.16
2023-10-21 07:00:00,63.26,0.0,7788.5,37300.0,46497.0,12.6015,90.88426,3111.0,2.54
2023-10-21 08:00:00,74.06,51.0,8158.75,39300.0,47615.0,12.8515,87.645836,3379.0,24.67
2023-10-21 09:00:00,58.94,460.0,8534.75,41600.0,48903.0,12.2015,86.71301,3633.0,32.06
2023-10-21 10:00:00,44.83,1239.0,8658.25,43100.0,49416.0,12.4015,83.03959,3843.0,20.28
2023-10-21 11:00:00,31.1,1812.0,8800.25,43700.0,50389.0,13.2515,75.950294,3999.0,10.65
2023-10-21 12:00:00,20.8,1851.0,8723.75,45300.0,50145.0,14.2515,68.11586,4100.0,17.0
2023-10-21 13:00:00,10.0,1454.0,8399.5,45600.0,49513.0,14.8015,62.473953,4172.0,10.0
2023-10-21 14:00:00,13.21,938.0,8221.75,43250.0,48757.0,13.7015,72.769585,4196.0,5.02
2023-10-21 15:00:00,21.79,572.0,8075.5,41350.0,48226.0,13.7015,75.26188,4188.0,3.82
2023-10-21 16:00:00,34.04,339.0,8055.75,40100.0,48434.0,14.1015,73.82809,4158.0,8.25
2023-10-21 17:00:00,66.07,125.0,8522.0,39750.0,48994.0,13.8015,73.77527,4130.0,68.99
2023-10-21 18:00:00,99.02,11.0,8846.0,41500.0,50796.0,14.1015,70.90524,4129.0,120.0
2023-10-21 19:00:00,114.8,0.0,8947.0,45000.0,52032.0,14.4015,66.32461,4152.0,145.21
2023-10-21 20:00:00,90.24,0.0,8556.0,44250.0,50860.0,14.8015,62.687107,4185.0,156.58
2023-10-21 21:00:00,53.25,0.0,8108.5,41750.0,49018.0,14.5515,64.798904,4206.0,110.67
2023-10-21 22:00:00,49.5,0.0,7873.0,40850.0,47891.0,13.7015,70.350395,4198.0,103.49
2023-10-21 23:00:00,40.15,0.0,7693.0,43250.0,46514.0,12.6015,84.46563,4206.0,96.18
2023-10-22 00:00:00,39.86,0.0,7352.5,40600.0,44149.0,12.5015,88.49364,4120.0,47.0
2023-10-22 01:00:00,30.36,0.0,6995.25,37950.0,42454.0,12.6515,88.21263,4010.0,23.27
2023-10-22 02:00:00,18.59,0.0,6768.5,36900.0,41931.0,12.1515,90.55171,3719.0,5.98
2023-10-22 03:00:00,15.63,0.0,6583.0,34100.0,42127.0,11.9015,90.53404,3204.0,9.25
2023-10-22 04:00:00,18.35,0.0,6513.25,32850.0,41377.0,11.8515,90.5305,2602.0,5.89
2023-10-22 05:00:00,34.32,0.0,6679.75,32800.0,41187.0,11.6015,90.81572,2153.0,7.78
2023-10-22 06:00:00,30.26,0.0,6890.25,33550.0,41501.0,11.0515,92.93221,1829.0,6.12
2023-10-22 07:00:00,58.2,0.0,7230.0,35250.0,43324.0,11.6515,92.03957,1618.0,34.93
2023-10-22 08:00:00,55.25,32.0,7519.5,36550.0,45188.0,11.8515,92.05158,1492.0,47.55
2023-10-22 09:00:00,64.21,312.0,7904.25,38600.0,46333.0,12.0015,92.06057,1384.0,55.42
2023-10-22 10:00:00,52.34,766.0,8143.25,40750.0,47824.0,12.9015,86.492714,1236.0,40.5
2023-10-22 11:00:00,49.1,990.0,8296.5,42400.0,48082.0,13.5015,84.28571,1144.0,15.2
2023-10-22 12:00:00,44.99,1036.0,8460.25,44100.0,47619.0,13.9515,81.58559,1095.0,52.27
2023-10-22 13:00:00,29.19,1058.0,8194.75,43850.0,46597.0,14.8515,78.2634,1029.0,16.07
2023-10-22 14:00:00,31.71,1032.0,7967.5,40850.0,45683.0,14.1015,78.93614,977.0,14.24
2023-10-22 15:00:00,51.82,1007.0,7985.75,39000.0,46889.0,14.7015,75.42913,970.0,12.97
2023-10-22 16:00:00,72.39,770.0,7988.5,37900.0,47135.0,14.4515,76.65613,954.0,32.76
2023-10-22 17:00:00,128.66,314.0,8335.25,37550.0,48157.0,14.3015,77.40305,944.0,95.18
2023-10-22 18:00:00,138.2,27.0,8854.0,39500.0,50277.0,13.5515,79.650604,924.0,149.76
2023-10-22 19:00:00,143.01,0.0,9232.25,45050.0,50760.0,12.3015,84.14937,855.0,164.99
2023-10-22 20:00:00,130.28,0.0,8929.75,45150.0,50407.0,11.6515,87.830376,787.0,165.63
2023-10-22 21:00:00,112.47,0.0,8563.0,42800.0,49607.0,11.3515,88.99078,723.0,131.6
2023-10-22 22:00:00,102.18,0.0,8121.75,41300.0,49235.0,10.9515,89.86032,656.0,127.42
2023-10-22 23:00:00,98.46,0.0,7821.5,43300.0,49189.0,10.3515,91.035576,569.0,113.15
2023-10-23 00:00:00,107.68,0.0,7254.5,40800.0,48091.0,9.6015,92.22691,325.0,108.71
2023-10-23 01:00:00,100.69,0.0,7134.5,37950.0,47142.0,9.0515,92.82352,294.0,103.59
2023-10-23 02:00:00,101.28,0.0,6956.5,36950.0,47104.0,8.8015,91.86552,273.0,101.85
2023-10-23 03:00:00,100.19,0.0,6940.5,34600.0,46768.0,8.6015,92.16735,248.0,100.4
2023-10-23 04:00:00,98.88,0.0,6986.75,33700.0,46704.0,8.3515,92.468155,221.0,98.43
2023-10-23 05:00:00,105.83,0.0,7395.25,35300.0,47955.0,7.8015,93.39328,210.0,102.93
2023-10-23 06:00:00,121.26,0.0,8462.25,39550.0,51186.0,7.4515,93.69719,217.0,139.56
2023-10-23 07:00:00,164.3,0.0,9612.75,44700.0,53895.0,7.3515,93.69229,272.0,159.37
2023-10-23 08:00:00,191.44,57.0,10091.5,48350.0,55823.0,7.2015,93.68497,360.0,180.35
2023-10-23 09:00:00,151.78,533.0,10335.5,48950.0,56543.0,7.8515,92.122246,464.0,158.09
2023-10-23 10:00:00,128.07,1110.0,10329.5,49750.0,56427.0,9.6515,87.94777,582.0,141.09
2023-10-23 11:00:00,109.03,1308.0,10237.0,50700.0,57144.0,11.2515,84.88478,627.0,118.25
2023-10-23 12:00:00,102.26,1260.0,10005.0,51650.0,56714.0,12.6015,81.40888,635.0,113.89
2023-10-23 13:00:00,103.22,1071.0,9835.75,51800.0,56398.0,14.0015,75.312225,753.0,106.19
2023-10-23 14:00:00,107.0,818.0,9735.75,50300.0,55795.0,12.4015,83.87925,955.0,109.49
2023-10-23 15:00:00,118.98,495.0,9757.0,48750.0,55016.0,12.0515,86.11966,1192.0,116.75
2023-10-23 16:00:00,125.36,223.0,9741.75,47950.0,53851.0,12.3015,85.857346,1480.0,138.96
2023-10-23 17:00:00,139.39,70.0,10032.5,47100.0,54043.0,12.1015,90.54819,1755.0,169.77
2023-10-23 18:00:00,149.18,6.0,10401.0,49700.0,54493.0,12.1015,92.372894,1989.0,214.01
2023-10-23 19:00:00,156.21,0.0,10473.75,54000.0,55709.0,11.8015,93.28207,2242.0,240.0
2023-10-23 20:00:00,128.09,0.0,10039.0,51400.0,54291.0,11.6515,92.96435,2390.0,160.89
2023-10-23 21:00:00,104.0,0.0,9382.0,47400.0,51530.0,11.5515,92.95899,2443.0,145.46
2023-10-23 22:00:00,108.22,0.0,8970.0,45800.0,50707.0,11.7015,92.34982,2427.0,135.2
2023-10-23 23:00:00,92.76,0.0,8545.25,47000.0,49574.0,11.8015,91.74246,2313.0,119.22
2023-10-24 00:00:00,101.33,0.0,8384.25,44700.0,48462.0,12.1515,89.950806,1899.0,127.58
2023-10-24 01:00:00,97.21,0.0,8055.25,41750.0,47733.0,12.0515,91.14953,1918.0,114.04
2023-10-24 02:00:00,94.54,0.0,7821.0,40600.0,47612.0,11.1015,93.87163,2225.0,108.4
2023-10-24 03:00:00,89.46,0.0,7751.5,38300.0,47319.0,11.2515,92.63287,2238.0,106.36
2023-10-24 04:00:00,90.31,0.0,7838.25,37300.0,47260.0,11.1515,92.62729,2149.0,102.1
2023-10-24 05:00:00,94.69,0.0,8162.0,38750.0,48640.0,10.7515,95.439064,2137.0,108.99
2023-10-24 06:00:00,102.0,0.0,9079.75,42650.0,51154.0,11.0015,95.44784,2264.0,118.76
2023-10-24 07:00:00,120.59,0.0,10042.75,47400.0,53845.0,10.9515,94.17904,2288.0,148.77
2023-10-24 08:00:00,130.77,13.0,10425.75,50550.0,54920.0,10.6015,95.75375,2200.0,175.82
2023-10-24 09:00:00,136.35,120.0,10600.5,51600.0,56043.0,10.9015,94.492294,2146.0,159.48
2023-10-24 10:00:00,128.37,297.0,10553.5,52050.0,56732.0,11.4015,93.26161,2092.0,135.0
2023-10-24 11:00:00,125.0,539.0,10527.5,52500.0,57758.0,11.5015,94.20346,2075.0,113.76
2023-10-24 12:00:00,118.99,1014.0,10351.0,53250.0,58507.0,11.6015,92.96168,2067.0,105.52
2023-10-24 13:00:00,112.54,1670.0,10240.0,53150.0,58166.0,11.9015,92.36138,2115.0,89.33
2023-10-24 14:00:00,110.0,1982.0,10024.25,51600.0,56703.0,13.4515,84.5605,2181.0,79.48
2023-10-24 15:00:00,109.59,1987.0,9880.75,49600.0,55793.0,12.9015,80.09403,2183.0,90.0
2023-10-24 16:00:00,118.1,1437.0,9739.5,48200.0,54682.0,13.8515,75.28708,2173.0,102.03
2023-10-24 17:00:00,133.16,554.0,10031.5,47550.0,54242.0,13.9515,76.32019,2064.0,113.96
2023-10-24 18:00:00,149.98,37.0,10440.5,49950.0,56481.0,13.0515,77.72933,1968.0,138.65
2023-10-24 19:00:00,154.12,0.0,10482.25,53650.0,57057.0,11.7015,82.39608,1813.0,152.25
2023-10-24 20:00:00,133.45,0.0,9990.5,51450.0,55886.0,11.4015,83.48004,1739.0,128.48
2023-10-24 21:00:00,119.31,0.0,9428.25,48000.0,54335.0,10.8015,85.99213,1680.0,107.76
2023-10-24 22:00:00,114.1,0.0,9068.0,46300.0,53722.0,10.0015,88.278305,1497.0,96.51
2023-10-24 23:00:00,102.78,0.0,8671.0,48250.0,53262.0,9.3515,90.350845,1312.0,87.31
2023-10-25 00:00:00,99.07,0.0,8290.75,44350.0,50712.0,9.5015,90.977776,1120.0,64.33
2023-10-25 01:00:00,94.56,0.0,7869.0,41250.0,49982.0,9.6015,90.98462,1038.0,43.01
2023-10-25 02:00:00,89.97,0.0,7552.0,40650.0,49581.0,10.3015,86.233025,1015.0,33.0
2023-10-25 03:00:00,87.92,0.0,7527.25,38150.0,48855.0,10.6515,81.983376,1019.0,17.61
2023-10-25 04:00:00,95.08,0.0,7634.25,37300.0,48933.0,10.4015,82.2312,1064.0,9.73
2023-10-25 05:00:00,99.34,0.0,7988.25,38150.0,49463.0,10.0515,84.17584,1115.0,17.45
2023-10-25 06:00:00,106.86,0.0,9017.5,41900.0,52979.0,10.6015,81.41984,1252.0,55.65
2023-10-25 07:00:00,128.23,0.0,10032.75,47050.0,55085.0,10.7515,82.27581,1455.0,82.21
2023-10-25 08:00:00,141.35,12.0,10356.25,49800.0,56929.0,10.4015,88.91259,1765.0,120.0
2023-10-25 09:00:00,140.53,90.0,10463.75,50650.0,59683.0,10.5515,89.22572,2084.0,105.71
2023-10-25 10:00:00,128.69,197.0,10463.75,51300.0,60437.0,10.8015,89.546936,2317.0,90.08
2023-10-25 11:00:00,123.87,302.0,10531.5,51750.0,60475.0,10.9015,90.46281,2236.0,76.92
2023-10-25 12:00:00,117.39,399.0,10376.0,52700.0,59817.0,11.2015,91.39846,2042.0,70.09
2023-10-25 13:00:00,115.69,565.0,10272.25,52550.0,59001.0,12.0015,92.06057,1800.0,64.0
2023-10-25 14:00:00,121.44,674.0,10079.75,50700.0,57874.0,12.5015,92.70223,1550.0,61.0
2023-10-25 15:00:00,114.0,613.0,9975.75,49250.0,57108.0,13.1515,85.65937,1412.0,48.98
2023-10-25 16:00:00,129.1,401.0,9963.75,48000.0,56311.0,12.1015,86.99386,1373.0,50.99
2023-10-25 17:00:00,137.66,145.0,10292.75,47050.0,56351.0,11.5015,88.11211,1387.0,77.88
2023-10-25 18:00:00,151.09,10.0,10669.0,48950.0,58099.0,11.0015,91.38547,1383.0,92.73
2023-10-25 19:00:00,157.96,0.0,10663.0,53250.0,57887.0,10.6015,94.16342,1284.0,109.17
2023-10-25 20:00:00,137.25,0.0,10109.0,51700.0,56297.0,10.4015,94.78872,1197.0,98.44
2023-10-25 21:00:00,123.73,0.0,9548.25,48150.0,54999.0,9.9515,95.732346,1106.0,86.66
2023-10-25 22:00:00,120.06,0.0,9132.75,46300.0,54628.0,9.6015,96.0441,991.0,66.1
2023-10-25 23:00:00,112.8,0.0,8687.75,47500.0,54712.0,9.2015,96.03176,872.0,35.1
2023-10-26 00:00:00,95.11,0.0,8245.25,44250.0,51215.0,8.5515,96.33855,509.0,5.44
2023-10-26 01:00:00,97.2,0.0,7959.25,41600.0,49820.0,8.2515,96.32995,464.0,-3.2
2023-10-26 02:00:00,96.98,0.0,7649.0,40400.0,49150.0,8.0015,96.322754,387.0,-3.93
2023-10-26 03:00:00,92.74,0.0,7562.0,38100.0,48927.0,6.8515,96.621666,303.0,0.31
2023-10-26 04:00:00,94.21,0.0,7578.25,37050.0,49278.0,7.2515,96.632286,257.0,-2.14
2023-10-26 05:00:00,100.0,0.0,8081.0,38150.0,50165.0,7.7015,95.657005,278.0,6.5
2023-10-26 06:00:00,117.46,0.0,8976.5,41800.0,52300.0,7.3515,95.31716,372.0,65.53
2023-10-26 07:00:00,133.62,0.0,9935.0,47450.0,54761.0,7.7515,94.680824,512.0,87.91
2023-10-26 08:00:00,144.05,21.0,10334.5,49850.0,56376.0,7.8015,94.03613,677.0,115.21
2023-10-26 09:00:00,149.0,235.0,10471.5,50900.0,57379.0,7.8515,94.038445,723.0,127.0
2023-10-26 10:00:00,146.37,572.0,10449.0,51200.0,56827.0,9.1015,92.51128,728.0,123.2
2023-10-26 11:00:00,140.0,701.0,10467.25,52200.0,56942.0,9.8015,91.61663,725.0,125.72
2023-10-26 12:00:00,131.11,664.0,10248.75,53250.0,57294.0,11.2015,89.27786,745.0,125.31
2023-10-26 13:00:00,120.09,702.0,10173.75,53000.0,57670.0,11.9015,86.3937,841.0,121.56
2023-10-26 14:00:00,119.6,744.0,10001.75,51050.0,56667.0,12.4015,87.31325,920.0,119.33
2023-10-26 15:00:00,113.2,771.0,9914.75,49300.0,56038.0,11.8515,87.2619,1011.0,118.05
2023-10-26 16:00:00,114.25,605.0,9901.75,48250.0,55555.0,12.6515,85.60723,1188.0,121.46
2023-10-26 17:00:00,126.69,231.0,10187.5,47650.0,56266.0,12.9515,84.50479,1343.0,142.34
2023-10-26 18:00:00,151.03,14.0,10470.25,50050.0,57801.0,11.7515,89.92077,1431.0,146.32
2023-10-26 19:00:00,151.18,0.0,10554.0,53850.0,58637.0,10.7515,91.67675,1348.0,144.72
2023-10-26 20:00:00,130.95,0.0,10060.25,51700.0,57393.0,11.3515,92.32953,1323.0,116.8
2023-10-26 21:00:00,119.06,0.0,9525.5,48200.0,55520.0,10.8015,91.98825,1264.0,97.48
2023-10-26 22:00:00,117.06,0.0,9234.5,46150.0,54821.0,10.6015,92.907974,1106.0,101.74
2023-10-26 23:00:00,104.85,0.0,8765.25,47400.0,54702.0,10.8015,92.918755,990.0,89.58
2023-10-27 00:00:00,104.56,0.0,8408.75,44100.0,52974.0,10.7515,93.85522,491.0,77.59
2023-10-27 01:00:00,97.55,0.0,7931.75,41350.0,51893.0,11.2015,92.63007,421.0,60.24
2023-10-27 02:00:00,96.77,0.0,7740.5,40450.0,50447.0,11.5015,92.33823,391.0,41.36
2023-10-27 03:00:00,98.0,0.0,7617.0,38050.0,49315.0,11.1015,92.934906,423.0,24.8
2023-10-27 04:00:00,104.36,0.0,7716.0,37050.0,49115.0,10.9515,92.30625,440.0,5.41
2023-10-27 05:00:00,107.85,0.0,8098.25,37850.0,50468.0,11.0015,93.241066,507.0,32.18
2023-10-27 06:00:00,115.7,0.0,8988.0,42300.0,52991.0,10.8015,92.297485,602.0,68.15
2023-10-27 07:00:00,131.65,0.0,10053.0,47600.0,55819.0,10.4015,92.89716,731.0,108.12
2023-10-27 08:00:00,154.01,20.0,10478.75,49850.0,57410.0,10.1015,91.6357,909.0,119.92
2023-10-27 09:00:00,152.7,215.0,10642.0,51000.0,58113.0,10.2015,94.4626,1087.0,124.76
2023-10-27 10:00:00,147.58,514.0,10710.75,51700.0,58775.0,10.9015,94.17682,1222.0,118.72
2023-10-27 11:00:00,141.6,748.0,10716.25,52450.0,58942.0,11.5515,91.11624,1429.0,112.26
2023-10-27 12:00:00,125.13,930.0,10469.75,53250.0,59056.0,11.9515,87.857285,1780.0,104.36
2023-10-27 13:00:00,111.89,1191.0,10279.75,52850.0,58231.0,12.6015,84.46563,2060.0,100.42
2023-10-27 14:00:00,105.36,1252.0,10096.0,50850.0,56926.0,12.7015,84.195,2296.0,97.16
2023-10-27 15:00:00,92.87,1141.0,9972.0,49300.0,56274.0,13.1015,82.84736,2386.0,96.67
2023-10-27 16:00:00,86.69,808.0,9955.25,47700.0,55943.0,13.3515,80.69463,2442.0,99.32
2023-10-27 17:00:00,120.4,313.0,10121.25,46800.0,57235.0,13.6515,78.34431,2461.0,113.51
2023-10-27 18:00:00,140.02,17.0,10380.25,48650.0,58533.0,12.4515,81.93801,2425.0,124.54
2023-10-27 19:00:00,140.7,0.0,10451.0,52150.0,58940.0,11.3015,86.62504,2456.0,129.73
2023-10-27 20:00:00,121.29,0.0,9977.25,50800.0,57545.0,10.7515,87.158226,2500.0,107.99
2023-10-27 21:00:00,100.2,0.0,9341.0,47650.0,56036.0,10.6015,89.83372,2496.0,87.75
2023-10-27 22:00:00,96.89,0.0,9086.0,45850.0,55557.0,10.5015,92.27993,2472.0,83.21
2023-10-27 23:00:00,93.7,0.0,8732.25,47800.0,54138.0,10.5015,92.90255,2486.0,59.55
2023-10-28 00:00:00,84.6,0.0,8297.25,44550.0,51054.0,10.5015,91.97,2130.0,53.1
2023-10-28 01:00:00,68.61,0.0,7840.5,41500.0,49593.0,10.2515,92.26526,2242.0,37.27
2023-10-28 02:00:00,64.59,0.0,7447.0,40200.0,47760.0,10.2015,91.64203,2462.0,39.74
2023-10-28 03:00:00,55.0,0.0,7266.25,37500.0,47541.0,10.1015,90.40525,2640.0,33.5
2023-10-28 04:00:00,51.09,0.0,7220.0,36050.0,46798.0,9.3515,92.83999,2806.0,39.73
2023-10-28 05:00:00,46.49,0.0,7308.5,36150.0,47012.0,9.3015,92.52269,2992.0,32.02
2023-10-28 06:00:00,62.3,0.0,7524.0,37500.0,47700.0,9.5015,91.59752,3152.0,35.82
2023-10-28 07:00:00,64.95,0.0,7988.25,39700.0,49579.0,9.9515,89.480194,3282.0,63.26
2023-10-28 08:00:00,87.84,38.0,8375.5,42000.0,50954.0,10.6515,90.444885,3392.0,74.06
2023-10-28 09:00:00,89.24,507.0,8764.75,44100.0,51797.0,10.8015,89.84894,3481.0,58.94
2023-10-28 10:00:00,87.01,1171.0,8929.25,45250.0,52133.0,11.3015,87.79885,3556.0,44.83
2023-10-28 11:00:00,69.29,1737.0,9011.5,45750.0,52819.0,12.1515,82.452644,3630.0,31.1
2023-10-28 12:00:00,44.74,2129.0,8936.75,47300.0,53207.0,13.0015,77.98365,3578.0,20.8
2023-10-28 13:00:00,37.04,2349.0,8761.5,47000.0,52428.0,13.8015,71.81195,3415.0,10.0
2023-10-28 14:00:00,27.75,2291.0,8577.5,44500.0,51569.0,14.5515,65.019455,3162.0,13.21
2023-10-28 15:00:00,47.58,1949.0,8492.75,42600.0,50308.0,13.9015,71.58864,2820.0,21.79
2023-10-28 16:00:00,50.43,1322.0,8442.5,41500.0,48989.0,13.8015,73.280045,2429.0,34.04
2023-10-28 17:00:00,74.36,493.0,8787.0,41300.0,50116.0,13.5015,76.24722,2361.0,66.07
2023-10-28 18:00:00,102.93,21.0,9130.75,42700.0,50838.0,12.9515,77.4526,2625.0,99.02
2023-10-28 19:00:00,83.28,0.0,9232.5,46200.0,53018.0,12.4015,81.10916,3112.0,114.8
2023-10-28 20:00:00,58.76,0.0,8870.25,45500.0,52529.0,12.2515,83.58085,3441.0,90.24
2023-10-28 21:00:00,31.79,0.0,8432.0,43200.0,50773.0,11.9515,87.857285,3693.0,53.25
2023-10-28 22:00:00,22.48,0.0,8170.75,42350.0,50190.0,12.5515,87.91083,3891.0,49.5
2023-10-28 23:00:00,9.71,0.0,7845.75,44000.0,49441.0,13.3015,84.26311,4057.0,40.15
2023-10-29 00:00:00,6.62,0.0,7420.0,41350.0,43036.0,13.7015,84.029106,4160.0,39.86
2023-10-29 01:00:00,-1.07,0.0,7227.75,38550.0,41884.0,14.1515,82.42737,4179.0,30.36
2023-10-29 02:00:00,-1.01,0.0,7096.25,38100.0,41634.0,14.5015,79.78509,4164.0,18.59
2023-10-29 03:00:00,-0.84,0.0,6814.0,34150.0,40822.0,13.6015,82.35863,4162.0,15.63
2023-10-29 04:00:00,-0.9,0.0,6777.25,33300.0,40276.0,13.6015,82.08495,4159.0,18.35
2023-10-29 05:00:00,-1.02,0.0,6935.0,33500.0,39711.0,13.1515,82.30213,4111.0,34.32
2023-10-29 06:00:00,-1.05,0.0,7214.0,34300.0,39382.0,12.9015,80.36329,4033.0,30.26
2023-10-29 07:00:00,-0.47,42.0,7424.25,35350.0,39489.0,12.6015,77.13691,3913.0,58.2
2023-10-29 08:00:00,-0.03,595.0,7749.75,36500.0,41211.0,12.2515,78.13275,3762.0,55.25
2023-10-29 09:00:00,-0.04,1382.0,8113.0,38750.0,42316.0,12.7015,76.633156,3597.0,64.21
2023-10-29 10:00:00,-0.28,1873.0,8357.25,40500.0,43460.0,13.8015,76.04046,3513.0,52.34
2023-10-29 11:00:00,-0.08,1644.0,8554.25,42100.0,44373.0,14.8515,73.46713,3515.0,49.1
2023-10-29 12:00:00,0.34,1182.0,8637.25,44700.0,45560.0,15.2515,68.550476,3531.0,44.99
2023-10-29 13:00:00,0.62,987.0,8459.5,44550.0,45581.0,14.7515,76.70394,3547.0,29.19
2023-10-29 14:00:00,9.91,1062.0,8185.0,41450.0,46352.0,13.2015,81.48771,3655.0,31.71
2023-10-29 15:00:00,23.7,830.0,8064.5,40250.0,46212.0,14.2515,82.16725,3736.0,51.82
2023-10-29 16:00:00,39.02,306.0,8093.75,39650.0,46683.0,14.2015,73.59824,3749.0,72.39
2023-10-29 17:00:00,53.6,12.0,8460.75,40250.0,49017.0,13.8015,71.32839,3674.0,128.66
2023-10-29 18:00:00,67.3,0.0,8988.0,44800.0,52211.0,13.7015,66.40036,3579.0,138.2
2023-10-29 19:00:00,67.3,0.0,9292.75,46500.0,53542.0,13.4015,64.10196,3519.0,143.01
2023-10-29 20:00:00,62.84,0.0,9003.25,44250.0,52640.0,13.0015,65.57124,3481.0,130.28
2023-10-29 21:00:00,55.06,0.0,8591.75,42350.0,50798.0,12.6015,68.00697,3435.0,112.47
2023-10-29 22:00:00,52.18,0.0,8304.0,41550.0,49784.0,12.3015,69.35908,3427.0,102.18
2023-10-29 23:00:00,38.84,0.0,7992.5,43050.0,48918.0,11.7515,74.42113,3448.0,98.46
2023-10-30 00:00:00,8.0,0.0,7713.25,41500.0,44507.0,11.4015,78.00287,3579.0,107.68
2023-10-30 01:00:00,8.16,0.0,7268.25,39050.0,42256.0,11.2015,82.332924,3448.0,100.69
2023-10-30 02:00:00,8.36,0.0,7132.5,37950.0,41996.0,11.3515,75.635086,3340.0,101.28
2023-10-30 03:00:00,10.02,0.0,7066.25,35350.0,41683.0,11.2515,79.31973,3251.0,100.19
2023-10-30 04:00:00,13.6,0.0,7155.75,34450.0,43125.0,11.3515,82.91132,3140.0,98.88
2023-10-30 05:00:00,21.06,0.0,7633.5,36300.0,45787.0,11.1015,86.313705,2980.0,105.83
2023-10-30 06:00:00,77.65,0.0,8683.75,40500.0,50808.0,10.7015,89.53912,2812.0,121.26
2023-10-30 07:00:00,105.91,23.0,9810.0,44850.0,52258.0,10.7515,91.3692,2644.0,164.3
2023-10-30 08:00:00,111.0,403.0,10241.5,47750.0,52783.0,11.1015,92.314995,2437.0,191.44
2023-10-30 09:00:00,103.0,936.0,10442.25,49850.0,52950.0,12.4015,85.010445,2150.0,151.78
2023-10-30 10:00:00,90.0,1119.0,10385.5,50650.0,52701.0,13.0515,82.84123,1807.0,128.07
2023-10-30 11:00:00,96.17,1048.0,10320.25,51300.0,53427.0,13.0015,84.51038,1417.0,109.03
2023-10-30 12:00:00,102.54,898.0,10195.0,52450.0,54268.0,13.7515,81.018326,1008.0,102.26
2023-10-30 13:00:00,114.62,663.0,10157.25,52850.0,55743.0,13.2015,88.26026,617.0,103.22
2023-10-30 14:00:00,123.98,454.0,10033.0,51400.0,56405.0,12.7015,90.290726,355.0,107.0
2023-10-30 15:00:00,139.45,232.0,9922.5,49900.0,56813.0,13.1515,90.62198,209.0,118.98
2023-10-30 16:00:00,145.0,70.0,9926.5,48900.0,57455.0,12.9015,93.0306,163.0,125.36
2023-10-30 17:00:00,165.84,3.0,10239.25,49100.0,59427.0,12.6015,93.94124,201.0,139.39
2023-10-30 18:00:00,171.0,0.0,10578.5,53200.0,60269.0,12.1015,96.11981,298.0,149.18
2023-10-30 19:00:00,151.16,0.0,10586.5,54650.0,60285.0,11.9515,94.85032,410.0,156.21
2023-10-30 20:00:00,129.03,0.0,10054.0,51350.0,58846.0,11.4015,97.7077,613.0,128.09
2023-10-30 21:00:00,110.6,0.0,9455.75,47500.0,56612.0,11.1515,93.87397,848.0,104.0
2023-10-30 22:00:00,118.23,0.0,9121.75,46050.0,54596.0,10.4015,93.83874,989.0,108.22
2023-10-30 23:00:00,103.4,0.0,8822.75,47850.0,53380.0,9.7015,94.76054,1013.0,92.76
2023-10-31 00:00:00,86.05,0.0,8316.0,45650.0,50336.0,9.3515,94.426254,1091.0,101.33
2023-10-31 01:00:00,79.2,0.0,7988.5,43050.0,49620.0,8.9015,94.40686,1060.0,97.21
2023-10-31 02:00:00,71.96,0.0,7670.0,42050.0,48072.0,8.7515,95.692406,1121.0,94.54
2023-10-31 03:00:00,64.8,0.0,7643.5,39850.0,46966.0,8.6015,95.687386,1205.0,89.46
2023-10-31 04:00:00,67.36,0.0,7677.5,39050.0,47087.0,8.4015,96.33427,1186.0,90.31
2023-10-31 05:00:00,78.54,0.0,7993.0,40500.0,48488.0,8.3515,96.33283,1111.0,94.69
2023-10-31 06:00:00,97.28,0.0,8880.0,44350.0,51270.0,8.4015,96.66253,973.0,102.0
2023-10-31 07:00:00,117.43,24.0,9908.25,48950.0,53076.0,8.3015,96.3314,858.0,120.59
2023-10-31 08:00:00,141.0,443.0,10353.5,51000.0,54921.0,8.2515,95.6756,782.0,130.77
2023-10-31 09:00:00,122.42,1128.0,10502.25,52650.0,55792.0,9.0515,93.45658,749.0,136.35
2023-10-31 10:00:00,112.3,1695.0,10520.0,53050.0,56839.0,10.2015,89.1975,710.0,128.37
2023-10-31 11:00:00,105.68,1806.0,10504.0,53250.0,57394.0,11.4515,85.76939,667.0,125.0
2023-10-31 12:00:00,103.22,1696.0,10318.25,53750.0,58071.0,12.4015,81.93158,655.0,118.99
2023-10-31 13:00:00,103.94,1458.0,10197.5,53450.0,58146.0,12.7015,80.606026,681.0,112.54
2023-10-31 14:00:00,112.3,1049.0,10045.0,51200.0,58017.0,11.3515,86.62996,739.0,110.0
2023-10-31 15:00:00,119.8,620.0,9930.25,49050.0,58544.0,11.3015,88.986694,787.0,109.59
2023-10-31 16:00:00,135.11,198.0,9840.5,48050.0,58321.0,11.8515,86.09937,853.0,118.1
2023-10-31 17:00:00,161.81,5.0,10115.25,48600.0,58458.0,11.2515,87.79436,1003.0,133.16
2023-10-31 18:00:00,172.04,0.0,10517.25,53000.0,58757.0,10.7015,90.753395,1258.0,149.98
2023-10-31 19:00:00,152.92,0.0,10609.75,54700.0,58601.0,10.7015,90.753395,1539.0,154.12
2023-10-31 20:00:00,125.88,0.0,10210.75,51100.0,56656.0,10.6515,92.288734,1651.0,133.45
2023-10-31 21:00:00,115.92,0.0,9675.0,47100.0,53404.0,10.8015,91.06595,1792.0,119.31
2023-10-31 22:00:00,111.55,0.0,9296.75,45450.0,53224.0,11.2515,90.48783,1853.0,114.1
2023-10-31 23:00:00,99.72,0.0,8864.5,47400.0,52627.0,11.4515,89.59756,1921.0,102.78
2023-11-01 00:00:00,65.31,0.0,8174.5,44150.0,53771.0,11.3515,91.71439,2292.0,99.07
2023-11-01 01:00:00,64.2,0.0,7503.25,40750.0,51319.0,11.4015,92.02452,2595.0,94.56
2023-11-01 02:00:00,50.23,0.0,7299.5,40200.0,50832.0,11.9515,90.53758,2986.0,89.97
2023-11-01 03:00:00,26.48,0.0,7189.5,37150.0,48540.0,12.3015,89.66319,3303.0,87.92
2023-11-01 04:00:00,23.75,0.0,7185.5,35850.0,46558.0,12.5015,89.67854,3457.0,95.08
2023-11-01 05:00:00,30.13,0.0,7372.25,35950.0,46651.0,12.4015,90.26898,3472.0,99.34
2023-11-01 06:00:00,47.99,0.0,7618.75,37400.0,47274.0,12.2515,90.86035,3441.0,106.86
2023-11-01 07:00:00,68.07,11.0,7916.75,38800.0,48701.0,12.1515,91.76418,3432.0,128.23
2023-11-01 08:00:00,66.88,192.0,8263.5,39850.0,50331.0,12.1015,91.45654,3445.0,141.35
2023-11-01 09:00:00,69.23,573.0,8568.5,42100.0,52205.0,12.2015,90.85693,3474.0,140.53
2023-11-01 10:00:00,46.22,1049.0,8753.75,43700.0,52794.0,12.9015,87.94191,3478.0,128.69
2023-11-01 11:00:00,43.5,1317.0,8859.0,44600.0,53835.0,13.9015,81.30834,3506.0,123.87
2023-11-01 12:00:00,47.64,1160.0,8759.5,46750.0,55028.0,14.8515,72.248856,3607.0,117.39
2023-11-01 13:00:00,38.92,796.0,8538.25,46950.0,53970.0,14.8515,67.78032,3769.0,115.69
2023-11-01 14:00:00,32.84,472.0,8407.25,43900.0,52612.0,13.6015,78.59943,3910.0,121.44
2023-11-01 15:00:00,37.28,287.0,8417.25,41900.0,52106.0,13.2015,81.48771,3930.0,114.0
2023-11-01 16:00:00,51.58,89.0,8746.25,41000.0,52688.0,12.9015,80.90422,3892.0,129.1
2023-11-01 17:00:00,63.4,3.0,9377.75,42250.0,54616.0,12.1015,81.06896,3852.0,137.66
2023-11-01 18:00:00,80.46,0.0,9723.5,47150.0,57390.0,11.7515,81.571625,3822.0,151.09
2023-11-01 19:00:00,71.8,0.0,9449.75,48800.0,57545.0,11.1515,83.450226,3771.0,157.96
2023-11-01 20:00:00,57.48,0.0,9038.25,46500.0,56027.0,10.8015,85.12312,3639.0,137.25
2023-11-01 21:00:00,40.15,0.0,8711.75,44000.0,53373.0,10.2515,88.599686,3515.0,123.73
2023-11-01 22:00:00,40.77,0.0,8455.5,43200.0,52487.0,10.0515,88.883575,3470.0,120.06
2023-11-01 23:00:00,23.0,0.0,8097.5,46600.0,52888.0,10.2015,87.40206,3499.0,112.8
2023-11-02 00:00:00,19.49,0.0,7758.25,43850.0,51347.0,10.2515,85.35311,3855.0,95.11
2023-11-02 01:00:00,7.56,0.0,7548.5,41300.0,49278.0,10.5515,83.37834,4018.0,97.2
2023-11-02 02:00:00,4.57,0.0,7462.75,40450.0,49172.0,11.3515,78.261406,4090.0,96.98
2023-11-02 03:00:00,3.24,0.0,7305.75,38150.0,48130.0,10.9015,84.55934,4124.0,92.74
2023-11-02 04:00:00,3.42,0.0,7492.25,37100.0,47642.0,11.0015,79.283295,4114.0,94.21
2023-11-02 05:00:00,4.31,0.0,7870.0,39200.0,48463.0,11.2515,77.18553,4033.0,100.0
2023-11-02 06:00:00,17.1,0.0,8524.0,43200.0,52238.0,11.7515,75.70192,3889.0,117.46
2023-11-02 07:00:00,74.93,24.0,9400.75,47550.0,56975.0,12.2015,75.263504,3737.0,133.62
2023-11-02 08:00:00,87.83,563.0,10036.25,50400.0,58384.0,12.5015,75.56996,3406.0,144.05
2023-11-02 09:00:00,72.63,1415.0,10346.75,52250.0,58690.0,12.7015,73.83054,2794.0,149.0
2023-11-02 10:00:00,60.59,2183.0,10450.0,53250.0,58385.0,12.7015,70.39468,2318.0,146.37
2023-11-02 11:00:00,62.39,2546.0,10460.25,54750.0,57827.0,12.4015,69.141754,2235.0,140.0
2023-11-02 12:00:00,62.14,2583.0,10417.25,56800.0,58082.0,11.8515,71.19935,2225.0,131.11
2023-11-02 13:00:00,61.89,2222.0,10321.0,56800.0,59534.0,12.3015,69.8363,2225.0,120.09
2023-11-02 14:00:00,77.48,1678.0,10200.5,54950.0,60007.0,12.5015,61.937225,2290.0,119.6
2023-11-02 15:00:00,91.4,1081.0,10101.0,54150.0,60709.0,12.0015,66.03321,2673.0,113.2
2023-11-02 16:00:00,99.5,344.0,10078.5,53100.0,60673.0,11.1015,70.56603,2950.0,114.25
2023-11-02 17:00:00,103.64,5.0,10311.5,53450.0,61796.0,10.7515,71.48038,3128.0,126.69
2023-11-02 18:00:00,117.02,0.0,10731.0,57300.0,62714.0,10.8015,68.57767,3142.0,151.03
2023-11-02 19:00:00,96.74,0.0,10814.0,58500.0,62167.0,10.5515,66.87409,3154.0,151.18
2023-11-02 20:00:00,87.94,0.0,10311.25,55350.0,60432.0,10.1515,69.647766,3187.0,130.95
2023-11-02 21:00:00,76.06,0.0,9716.75,52200.0,59169.0,9.6015,75.60132,3236.0,119.06
2023-11-02 22:00:00,72.27,0.0,9314.75,51000.0,56966.0,9.1015,81.21915,3297.0,117.06
2023-11-02 23:00:00,57.04,0.0,8972.5,52750.0,55426.0,8.8015,84.90371,3354.0,104.85
2023-11-03 00:00:00,15.17,0.0,8292.25,47950.0,53217.0,8.6515,86.064445,3977.0,104.56
2023-11-03 01:00:00,11.47,0.0,7931.0,44600.0,52145.0,8.6015,83.42937,4011.0,97.55
2023-11-03 02:00:00,10.0,0.0,7631.25,43100.0,50549.0,8.3015,87.22291,4012.0,96.77
2023-11-03 03:00:00,5.73,0.0,7564.25,40350.0,49563.0,7.8515,89.620995,4020.0,98.0
2023-11-03 04:00:00,9.73,0.0,7584.0,39050.0,49713.0,7.6514997,90.225784,4018.0,104.36
2023-11-03 05:00:00,23.6,0.0,7778.75,40750.0,51741.0,7.6514997,90.225784,3988.0,107.85
2023-11-03 06:00:00,61.74,0.0,8295.75,44600.0,56512.0,7.7015,89.300476,3954.0,115.7
2023-11-03 07:00:00,90.49,12.0,9186.0,48800.0,57727.0,7.7515,88.38429,3925.0,131.65
2023-11-03 08:00:00,95.13,352.0,9886.75,51650.0,58915.0,7.8015,87.47715,3888.0,154.01
2023-11-03 09:00:00,89.59,968.0,10213.0,53450.0,59269.0,7.9515,85.398705,3842.0,152.7
2023-11-03 10:00:00,82.9,1719.0,10385.5,54050.0,59486.0,8.5015,81.41985,3799.0,147.58
2023-11-03 11:00:00,72.77,2262.0,10366.0,54350.0,59670.0,8.8515,78.14795,3793.0,141.6
2023-11-03 12:00:00,62.13,2341.0,10362.0,54950.0,60018.0,9.2515,75.54213,3834.0,125.13
2023-11-03 13:00:00,61.14,2031.0,10259.25,54850.0,60036.0,10.0015,73.85752,3876.0,111.89
2023-11-03 14:00:00,65.09,1542.0,10073.0,52750.0,60136.0,11.5515,63.904163,3874.0,105.36
2023-11-03 15:00:00,69.73,930.0,9800.25,50750.0,60871.0,11.3515,66.35084,3854.0,92.87
2023-11-03 16:00:00,82.45,270.0,9834.0,49450.0,60471.0,10.8515,69.546616,3842.0,86.69
2023-11-03 17:00:00,90.38,4.0,10004.0,49350.0,61043.0,9.9515,72.32636,3837.0,120.4
2023-11-03 18:00:00,95.61,0.0,10432.25,53950.0,61768.0,9.2015,74.23005,3844.0,140.02
2023-11-03 19:00:00,89.84,0.0,10406.75,55550.0,60633.0,8.8015,75.46575,3829.0,140.7
2023-11-03 20:00:00,69.96,0.0,9945.75,52300.0,59365.0,8.1515,78.0397,3745.0,121.29
2023-11-03 21:00:00,53.76,0.0,9346.5,49050.0,57191.0,7.6514997,80.73964,3640.0,100.2
2023-11-03 22:00:00,45.53,0.0,9105.75,48350.0,55806.0,7.2515,83.26515,3577.0,96.89
2023-11-03 23:00:00,23.94,0.0,8895.0,50800.0,52051.0,7.1514997,84.12993,3558.0,93.7
2023-11-04 00:00:00,45.72,0.0,8538.5,48300.0,53217.0,7.3015,84.4413,3376.0,84.6
2023-11-04 01:00:00,32.06,0.0,7953.75,45150.0,51449.0,8.3015,81.67615,3250.0,68.61
2023-11-04 02:00:00,30.0,0.0,7602.5,44050.0,48367.0,8.4515,82.54967,3108.0,64.59
2023-11-04 03:00:00,22.01,0.0,7412.5,41150.0,46877.0,8.6015,83.42937,3006.0,55.0
2023-11-04 04:00:00,19.19,0.0,7268.0,39900.0,46900.0,8.2515,86.91802,3059.0,51.09
2023-11-04 05:00:00,15.4,0.0,7225.75,39900.0,47623.0,8.6015,85.7635,3196.0,46.49
2023-11-04 06:00:00,16.13,0.0,7367.75,41300.0,49277.0,8.2015,87.8166,3337.0,62.3
2023-11-04 07:00:00,25.08,4.0,7731.25,42600.0,50972.0,7.4014997,93.051926,3505.0,64.95
2023-11-04 08:00:00,25.85,104.0,8141.0,44400.0,51211.0,8.0515,90.25542,3723.0,87.84
2023-11-04 09:00:00,20.0,280.0,8633.25,47200.0,50830.0,8.9515,84.920334,3888.0,89.24
2023-11-04 10:00:00,13.95,336.0,8967.0,48900.0,50348.0,9.7015,81.02092,4011.0,87.01
2023-11-04 11:00:00,15.2,320.0,9204.25,49700.0,50565.0,8.9015,86.68323,4136.0,69.29
2023-11-04 12:00:00,20.0,303.0,9354.25,51450.0,50996.0,9.1015,87.298805,4202.0,44.74
2023-11-04 13:00:00,21.14,353.0,9175.0,51450.0,51230.0,9.5515,82.97239,4185.0,37.04
2023-11-04 14:00:00,30.79,407.0,8877.75,48850.0,52375.0,10.6015,81.142555,4089.0,27.75
2023-11-04 15:00:00,39.74,326.0,8754.25,46350.0,54243.0,11.7015,78.580925,3953.0,47.58
2023-11-04 16:00:00,31.55,94.0,8860.0,45200.0,54680.0,11.7515,80.20345,3855.0,50.43
2023-11-04 17:00:00,40.44,2.0,9089.0,46200.0,55908.0,11.4515,85.76939,3823.0,74.36
2023-11-04 18:00:00,48.74,0.0,9535.75,49850.0,57770.0,10.8015,86.283516,3817.0,102.93
2023-11-04 19:00:00,40.23,0.0,9550.0,50650.0,55151.0,10.2515,88.3001,3840.0,83.28
2023-11-04 20:00:00,26.48,0.0,9080.5,47850.0,51673.0,10.0515,87.98357,3894.0,58.76
2023-11-04 21:00:00,18.82,0.0,8580.5,45100.0,48498.0,10.2515,83.342224,3960.0,31.79
2023-11-04 22:00:00,11.73,0.0,8344.25,43950.0,47639.0,9.9515,83.87736,4001.0,22.48
2023-11-04 23:00:00,7.05,0.0,8175.25,46350.0,46735.0,9.9515,83.87736,4018.0,9.71
2023-11-05 00:00:00,8.71,0.0,7957.25,45000.0,44776.0,10.1515,83.615036,3712.0,6.62
2023-11-05 01:00:00,6.59,0.0,7563.75,42350.0,42481.0,10.2015,85.930305,3472.0,-1.07
2023-11-05 02:00:00,5.18,0.0,7261.0,41500.0,42046.0,10.1515,87.10117,3225.0,-1.01
2023-11-05 03:00:00,2.98,0.0,7030.75,38700.0,41667.0,9.5515,90.36539,2933.0,-0.84
2023-11-05 04:00:00,4.24,0.0,6949.75,37500.0,41844.0,9.5515,90.36539,2530.0,-0.9
2023-11-05 05:00:00,7.99,0.0,6984.5,37250.0,43237.0,9.4515,90.97437,2131.0,-1.02
2023-11-05 06:00:00,9.25,0.0,7057.75,38300.0,44754.0,9.3015,92.2091,1956.0,-1.05
2023-11-05 07:00:00,19.83,4.0,7262.5,39600.0,46240.0,9.0515,92.82352,2099.0,-0.47
2023-11-05 08:00:00,24.07,133.0,7553.0,40700.0,47964.0,9.2515,92.20614,2557.0,-0.03
2023-11-05 09:00:00,27.24,397.0,8030.75,43300.0,49905.0,9.9515,90.3944,3138.0,-0.04
2023-11-05 10:00:00,25.5,618.0,8392.75,45400.0,50155.0,10.4515,88.61667,3567.0,-0.28
2023-11-05 11:00:00,25.66,761.0,8615.5,46500.0,51040.0,11.5515,83.78016,3785.0,-0.08
2023-11-05 12:00:00,24.57,991.0,8819.5,48750.0,51541.0,11.1015,83.16199,3919.0,0.34
2023-11-05 13:00:00,13.78,1209.0,8840.0,48550.0,50497.0,11.3515,78.79623,4023.0,0.62
2023-11-05 14:00:00,16.06,1316.0,8667.75,45050.0,49439.0,10.4015,81.95104,4071.0,9.91
2023-11-05 15:00:00,29.96,1010.0,8525.0,43250.0,49470.0,11.6015,74.64983,4062.0,23.7
2023-11-05 16:00:00,44.67,313.0,8440.75,42400.0,49937.0,11.6015,70.178795,4012.0,39.02
2023-11-05 17:00:00,53.94,3.0,8636.75,43600.0,53329.0,11.0015,67.90809,3916.0,53.6
2023-11-05 18:00:00,72.68,0.0,9275.75,48700.0,56925.0,10.7515,70.25359,3800.0,67.3
2023-11-05 19:00:00,59.16,0.0,9729.0,50850.0,56537.0,10.1015,76.73735,3709.0,67.3
2023-11-05 20:00:00,47.71,0.0,9509.75,48950.0,52321.0,10.1515,78.887344,3665.0,62.84
2023-11-05 21:00:00,29.89,0.0,9141.5,46700.0,49334.0,9.9015,81.04805,3657.0,55.06
2023-11-05 22:00:00,25.08,0.0,8675.25,45400.0,47623.0,9.6015,82.97857,3655.0,52.18
2023-11-05 23:00:00,21.14,0.0,8439.25,47450.0,45874.0,9.9015,81.60593,3642.0,38.84
2023-11-06 00:00:00,19.32,0.0,8262.25,45750.0,44228.0,10.6015,76.818054,3620.0,8.0
2023-11-06 01:00:00,13.87,0.0,7464.5,43250.0,41853.0,10.5015,77.331436,3650.0,8.16
2023-11-06 02:00:00,5.7,0.0,7321.25,42450.0,41709.0,9.6015,85.28318,3736.0,8.36
2023-11-06 03:00:00,2.53,0.0,7373.25,40250.0,41333.0,9.0515,87.59345,3828.0,10.02
2023-11-06 04:00:00,4.3,0.0,7640.75,39300.0,41621.0,9.1015,86.11072,3876.0,13.6
2023-11-06 05:00:00,16.93,0.0,8317.5,41100.0,45485.0,8.8015,83.166084,3898.0,21.06
2023-11-06 06:00:00,73.05,0.0,9395.75,45700.0,51300.0,8.5515,82.562325,3919.0,77.65
2023-11-06 07:00:00,96.21,10.0,10177.75,51500.0,53768.0,8.2515,81.95359,3939.0,105.91
2023-11-06 08:00:00,99.59,428.0,10455.5,54700.0,54882.0,8.0015,82.49256,3960.0,111.0
2023-11-06 09:00:00,79.85,1159.0,10624.25,56100.0,55847.0,8.7015,81.72897,3958.0,103.0
2023-11-06 10:00:00,61.85,1635.0,10615.25,56400.0,56388.0,9.9015,79.9424,3987.0,90.0
2023-11-06 11:00:00,58.04,1690.0,10637.5,56750.0,55711.0,10.9015,75.30061,3934.0,96.17
2023-11-06 12:00:00,58.05,1601.0,10558.0,57700.0,56229.0,11.5015,70.88776,3783.0,102.54
2023-11-06 13:00:00,66.98,1487.0,10485.25,57800.0,56097.0,11.3015,72.82715,3567.0,114.62
2023-11-06 14:00:00,80.29,1245.0,10425.0,55950.0,57327.0,11.2515,76.92237,3320.0,123.98
2023-11-06 15:00:00,99.67,839.0,10340.75,54250.0,58145.0,10.8515,80.90014,3134.0,139.45
2023-11-06 16:00:00,112.44,240.0,10499.0,53300.0,58616.0,10.8015,77.64425,3036.0,145.0
2023-11-06 17:00:00,138.14,1.0,10893.0,54300.0,59659.0,10.1015,79.151405,3048.0,165.84
2023-11-06 18:00:00,151.35,0.0,11087.5,58350.0,60007.0,9.7515,80.47268,3098.0,171.0
2023-11-06 19:00:00,139.93,0.0,10658.25,59950.0,60168.0,9.5515,81.27967,3138.0,151.16
2023-11-06 20:00:00,111.81,0.0,10060.0,56250.0,59371.0,8.9015,85.79499,3137.0,129.03
2023-11-06 21:00:00,106.29,0.0,9508.5,52400.0,56082.0,8.5015,89.05884,3047.0,110.6
2023-11-06 22:00:00,99.56,0.0,9124.0,51100.0,55100.0,8.4515,89.36088,2910.0,118.23
2023-11-06 23:00:00,89.86,0.0,8776.5,53400.0,53870.0,8.1515,90.88487,2787.0,103.4
2023-11-07 00:00:00,83.68,0.0,8235.0,50050.0,50585.0,7.8015,92.11922,2798.0,86.05
2023-11-07 01:00:00,76.45,0.0,7823.25,47250.0,49469.0,7.5515,93.05996,2585.0,79.2
2023-11-07 02:00:00,70.96,0.0,7650.75,46700.0,49125.0,8.1015005,90.25912,2388.0,71.96
2023-11-07 03:00:00,68.01,0.0,7611.0,44600.0,49152.0,7.6015,92.743164,2282.0,64.8
2023-11-07 04:00:00,70.25,0.0,7715.5,43850.0,49402.0,7.4014997,93.37284,2242.0,67.36
2023-11-07 05:00:00,83.56,0.0,8175.75,45450.0,50505.0,7.2515,93.36515,2243.0,78.54
2023-11-07 06:00:00,102.1,0.0,9108.0,49650.0,53773.0,7.1015,93.68007,2288.0,97.28
2023-11-07 07:00:00,132.97,5.0,9863.25,54950.0,56491.0,6.9014997,94.31944,2342.0,117.43
2023-11-07 08:00:00,136.4,271.0,10209.75,57400.0,57309.0,6.7015,93.985,2413.0,141.0
2023-11-07 09:00:00,120.48,795.0,10396.5,58200.0,58373.0,7.4014997,90.2072,2559.0,122.42
2023-11-07 10:00:00,99.52,1272.0,10377.75,58000.0,58912.0,8.7515,83.73584,2777.0,112.3
2023-11-07 11:00:00,89.03,1644.0,10390.0,57650.0,58708.0,9.6015,80.17528,2971.0,105.68
2023-11-07 12:00:00,86.21,1825.0,10287.5,58150.0,60522.0,10.4515,76.0054,3100.0,103.22
2023-11-07 13:00:00,88.79,1747.0,10239.75,58050.0,60914.0,10.9515,72.26288,3192.0,103.94
2023-11-07 14:00:00,97.92,1459.0,10163.75,55750.0,60609.0,10.4015,74.44115,3226.0,112.3
2023-11-07 15:00:00,108.42,891.0,10118.0,54150.0,59678.0,10.3015,78.369774,3190.0,119.8
2023-11-07 16:00:00,113.69,242.0,10263.25,52950.0,58319.0,9.9515,78.047226,3143.0,135.11
2023-11-07 17:00:00,137.61,1.0,10759.0,54550.0,59551.0,9.5515,80.1682,3121.0,161.81
2023-11-07 18:00:00,149.94,0.0,10918.0,59300.0,60018.0,8.8515,82.60021,3156.0,172.04
2023-11-07 19:00:00,133.13,0.0,10483.0,61300.0,59742.0,8.4515,84.86484,3219.0,152.92
2023-11-07 20:00:00,105.32,0.0,9902.75,57800.0,58490.0,8.3515,86.62875,3277.0,125.88
2023-11-07 21:00:00,92.98,0.0,9461.25,54300.0,56084.0,8.6015,85.17462,3298.0,115.92
2023-11-07 22:00:00,94.04,0.0,9102.25,53050.0,54083.0,8.8015,83.74177,3270.0,111.55
2023-11-07 23:00:00,93.4,0.0,8686.5,54800.0,53157.0,8.4515,85.7477,3189.0,99.72
2023-11-08 00:00:00,97.17,0.0,8487.25,51250.0,52088.0,8.0015,88.10176,2933.0,65.31
2023-11-08 01:00:00,79.9,0.0,8100.25,48650.0,51781.0,7.6015,89.911224,2851.0,64.2
2023-11-08 02:00:00,75.03,0.0,7868.25,47800.0,50900.0,7.8515,92.43919,2747.0,50.23
2023-11-08 03:00:00,70.66,0.0,7815.75,45600.0,49908.0,7.6015,93.06263,2676.0,26.48
2023-11-08 04:00:00,66.76,0.0,8034.75,44550.0,49640.0,7.2515,94.01065,2694.0,23.75
2023-11-08 05:00:00,75.01,0.0,8519.0,46150.0,50623.0,7.1015,93.35745,2798.0,30.13
2023-11-08 06:00:00,84.74,0.0,9450.25,50200.0,53293.0,6.9014997,92.06456,2927.0,47.99
2023-11-08 07:00:00,107.77,4.0,10180.0,55300.0,56787.0,7.0015,90.17733,3084.0,68.07
2023-11-08 08:00:00,111.47,243.0,10500.0,57550.0,58407.0,7.0015,90.17733,3291.0,66.88
2023-11-08 09:00:00,93.8,761.0,10647.5,58750.0,59344.0,7.4515,87.747955,3464.0,69.23
2023-11-08 10:00:00,85.1,1293.0,10646.25,58300.0,59099.0,8.5515,85.16915,3595.0,46.22
2023-11-08 11:00:00,78.85,1555.0,10620.75,58000.0,59245.0,9.9015,82.1672,3756.0,43.5
2023-11-08 12:00:00,76.05,1349.0,10513.75,58750.0,59892.0,10.8515,78.45309,3908.0,47.64
2023-11-08 13:00:00,76.28,914.0,10406.5,58200.0,59939.0,10.6515,81.14929,4030.0,38.92
2023-11-08 14:00:00,83.41,533.0,10323.25,55700.0,59408.0,10.6515,77.09021,4121.0,32.84
2023-11-08 15:00:00,103.28,254.0,10342.5,53900.0,58879.0,10.6015,77.34723,4164.0,37.28
2023-11-08 16:00:00,103.31,60.0,10495.75,53000.0,57337.0,10.5515,77.6052,4188.0,51.58
2023-11-08 17:00:00,119.31,0.0,10910.75,54050.0,58460.0,10.1515,81.91863,4189.0,63.4
2023-11-08 18:00:00,127.26,0.0,10935.0,59050.0,59677.0,9.9015,86.19243,4077.0,80.46
2023-11-08 19:00:00,121.12,0.0,10395.75,61000.0,59657.0,10.3015,86.82044,3788.0,71.8
2023-11-08 20:00:00,112.81,0.0,9812.5,57050.0,57869.0,10.6015,87.4393,3293.0,57.48
2023-11-08 21:00:00,99.05,0.0,9392.0,53800.0,56071.0,10.8515,87.75819,2670.0,40.15
2023-11-08 22:00:00,92.33,0.0,9044.25,52250.0,55309.0,11.0015,88.068,2215.0,40.77
2023-11-08 23:00:00,82.58,0.0,8464.5,53750.0,55067.0,11.0015,87.77176,1890.0,23.0
2023-11-09 00:00:00,79.05,0.0,8351.25,51050.0,55102.0,11.0515,85.72772,1977.0,19.49
2023-11-09 01:00:00,82.51,0.0,7980.5,48050.0,54524.0,11.2015,85.16645,1816.0,7.56
2023-11-09 02:00:00,78.78,0.0,7748.25,46850.0,53351.0,10.8015,86.283516,1661.0,4.57
2023-11-09 03:00:00,79.34,0.0,7709.75,44600.0,52616.0,11.0015,86.30364,1498.0,3.24
2023-11-09 04:00:00,80.8,0.0,7898.25,43250.0,52031.0,10.8515,88.05475,1389.0,3.42
2023-11-09 05:00:00,85.47,0.0,8387.5,45150.0,53691.0,10.5515,91.66415,1374.0,4.31
2023-11-09 06:00:00,109.61,0.0,9295.25,49500.0,57038.0,10.1515,92.883606,1408.0,17.1
2023-11-09 07:00:00,120.06,2.0,10007.5,53900.0,60128.0,9.7015,91.92109,1454.0,74.93
2023-11-09 08:00:00,128.92,170.0,10390.5,56900.0,60921.0,8.7515,92.49119,1628.0,87.83
2023-11-09 09:00:00,116.62,565.0,10591.25,58050.0,60724.0,8.7515,91.23741,1984.0,72.63
2023-11-09 10:00:00,100.08,984.0,10574.25,58400.0,59563.0,9.6515,90.06635,2420.0,60.59
2023-11-09 11:00:00,95.0,1225.0,10593.75,58700.0,59220.0,10.7515,83.6861,2861.0,62.39
2023-11-09 12:00:00,90.16,1160.0,10505.25,59600.0,60731.0,11.5015,77.22509,3231.0,62.14
2023-11-09 13:00:00,92.32,940.0,10376.0,59700.0,60643.0,11.8015,72.91857,3455.0,61.89
2023-11-09 14:00:00,100.61,621.0,10262.0,57800.0,60545.0,10.5015,76.80193,3538.0,77.48
2023-11-09 15:00:00,115.36,320.0,10275.5,56850.0,61025.0,10.4015,80.83884,3588.0,91.4
2023-11-09 16:00:00,106.95,73.0,10396.25,55800.0,61509.0,10.3515,79.188156,3630.0,99.5
2023-11-09 17:00:00,132.01,0.0,10824.0,56850.0,63015.0,9.2015,84.94797,3626.0,103.64
2023-11-09 18:00:00,128.66,0.0,10977.0,60850.0,63938.0,9.0015,87.88922,3608.0,117.02
2023-11-09 19:00:00,112.17,0.0,10504.0,62650.0,63460.0,8.4015,88.745285,3641.0,96.74
2023-11-09 20:00:00,105.39,0.0,9873.75,58900.0,61237.0,7.8015,89.92651,3687.0,87.94
2023-11-09 21:00:00,94.7,0.0,9411.5,55150.0,58272.0,7.6514997,88.68158,3692.0,76.06
2023-11-09 22:00:00,84.04,0.0,9091.5,53850.0,56671.0,7.4515,88.358055,3690.0,72.27
2023-11-09 23:00:00,74.36,0.0,8636.5,54800.0,55812.0,7.3015,87.734146,3683.0,57.04
2023-11-10 00:00:00,64.19,0.0,8187.5,51850.0,53134.0,7.4515,85.04833,3902.0,15.17
2023-11-10 01:00:00,59.73,0.0,7821.0,49100.0,52247.0,7.7515,83.90771,3896.0,11.47
2023-11-10 02:00:00,53.74,0.0,7644.0,48100.0,51226.0,7.3515,88.34928,3864.0,10.0
2023-11-10 03:00:00,48.36,0.0,7640.0,45600.0,50651.0,7.4515,88.052536,3818.0,5.73
2023-11-10 04:00:00,50.0,0.0,7861.5,44400.0,50814.0,7.4515,86.53891,3760.0,9.73
2023-11-10 05:00:00,67.26,0.0,8394.75,46350.0,52467.0,6.6015,90.461395,3698.0,23.6
2023-11-10 06:00:00,84.53,0.0,9247.75,50200.0,55649.0,6.4515,90.450455,3610.0,61.74
2023-11-10 07:00:00,106.77,1.0,10001.0,54750.0,59349.0,6.3015,88.8755,3427.0,90.49
2023-11-10 08:00:00,113.0,68.0,10349.5,57050.0,61429.0,6.4515,86.741,3137.0,95.13
2023-11-10 09:00:00,112.18,234.0,10565.25,58000.0,62048.0,7.0015,83.526215,2731.0,89.59
2023-11-10 10:00:00,100.65,389.0,10590.75,57850.0,61561.0,7.7515,81.03583,2358.0,82.9
2023-11-10 11:00:00,92.96,463.0,10613.0,58000.0,62111.0,8.1015005,83.080086,2118.0,72.77
2023-11-10 12:00:00,86.76,462.0,10502.5,58850.0,62510.0,8.8515,81.74873,1894.0,62.13
2023-11-10 13:00:00,94.44,400.0,10447.25,58750.0,62136.0,9.3015,81.24607,1661.0,61.14
2023-11-10 14:00:00,96.3,268.0,10246.25,56350.0,61724.0,8.8015,85.19642,1491.0,65.09
2023-11-10 15:00:00,108.56,131.0,10173.25,54950.0,60786.0,9.1515,82.63797,1447.0,69.73
2023-11-10 16:00:00,115.0,31.0,10244.25,53600.0,60641.0,9.1515,82.63797,1590.0,82.45
2023-11-10 17:00:00,132.86,0.0,10738.5,54350.0,62346.0,8.5515,86.9472,1868.0,90.38
2023-11-10 18:00:00,135.1,0.0,10767.75,58000.0,63661.0,8.2515,89.96079,2155.0,95.61
2023-11-10 19:00:00,123.58,0.0,10278.75,59350.0,63411.0,8.0015,93.083984,2366.0,89.84
2023-11-10 20:00:00,112.93,0.0,9753.0,56450.0,61559.0,7.9014997,93.07866,2495.0,69.96
2023-11-10 21:00:00,105.1,0.0,9361.75,53700.0,59781.0,7.6514997,92.427574,2569.0,53.76
2023-11-10 22:00:00,103.97,0.0,9139.25,52850.0,58931.0,7.6015,92.10712,2613.0,45.53
2023-11-10 23:00:00,93.2,0.0,8711.25,54400.0,57284.0,7.1015,93.035805,2652.0,23.94
2023-11-11 00:00:00,87.3,0.0,8192.0,51650.0,54197.0,6.8515,91.10944,2708.0,45.72
2023-11-11 01:00:00,85.89,0.0,7853.5,48900.0,51701.0,6.6514997,88.595825,2683.0,32.06
2023-11-11 02:00:00,85.88,0.0,7630.75,47400.0,50579.0,6.6015,90.461395,2603.0,30.0
2023-11-11 03:00:00,83.21,0.0,7445.0,45000.0,49535.0,6.2015,92.02164,2538.0,22.01
2023-11-11 04:00:00,82.71,0.0,7344.25,43450.0,48776.0,5.9515,92.00623,2468.0,19.19
2023-11-11 05:00:00,85.44,0.0,7427.5,43400.0,48745.0,5.5515,92.62727,2281.0,15.4
2023-11-11 06:00:00,86.3,0.0,7675.5,44850.0,48976.0,5.3015,92.612946,2009.0,16.13
2023-11-11 07:00:00,88.0,2.0,7905.25,46850.0,49648.0,5.0015,93.24818,1790.0,25.08
2023-11-11 08:00:00,92.0,348.0,8222.0,48450.0,51312.0,4.7015,93.89037,1667.0,25.85
2023-11-11 09:00:00,94.89,1136.0,8618.75,51300.0,53550.0,5.5015,92.624405,1599.0,20.0
2023-11-11 10:00:00,91.28,1900.0,8888.0,52700.0,54433.0,6.5515,91.72411,1445.0,13.95
2023-11-11 11:00:00,90.22,2387.0,9123.0,53250.0,54690.0,7.4014997,86.23384,1260.0,15.2
2023-11-11 12:00:00,87.94,2506.0,9271.25,54600.0,54701.0,8.1515,85.42028,1094.0,20.0
2023-11-11 13:00:00,87.8,2324.0,9044.75,54300.0,54567.0,9.0015,86.69309,952.0,21.14
2023-11-11 14:00:00,91.5,1870.0,8854.75,51100.0,54079.0,8.9015,84.623184,834.0,30.79
2023-11-11 15:00:00,102.87,1154.0,8785.25,49600.0,54865.0,8.9015,84.33244,702.0,39.74
2023-11-11 16:00:00,115.75,289.0,9035.0,48650.0,56104.0,8.2515,84.84256,591.0,31.55
2023-11-11 17:00:00,127.98,0.0,9736.25,49850.0,57440.0,7.3015,87.734146,515.0,40.44
2023-11-11 18:00:00,135.76,0.0,10033.25,54000.0,58623.0,6.3515,91.07531,468.0,48.74
2023-11-11 19:00:00,124.47,0.0,9769.5,55800.0,58571.0,5.6015,91.98459,439.0,40.23
2023-11-11 20:00:00,113.51,0.0,9344.0,53350.0,57140.0,5.0015,92.92143,411.0,26.48
2023-11-11 21:00:00,102.58,0.0,8976.0,51300.0,56443.0,4.9014997,92.91593,379.0,18.82
2023-11-11 22:00:00,92.38,0.0,8780.25,50650.0,56776.0,4.9014997,92.58995,362.0,11.73
2023-11-11 23:00:00,87.41,0.0,8560.5,52150.0,57731.0,4.3515,93.87358,357.0,7.05
2023-11-12 00:00:00,89.63,0.0,8113.25,50700.0,52915.0,3.7515,95.18273,361.0,8.71
2023-11-12 01:00:00,85.36,0.0,7593.0,47800.0,52777.0,3.4515,95.171265,385.0,6.59
2023-11-12 02:00:00,85.19,0.0,7369.5,46150.0,51475.0,3.8014998,94.513756,379.0,5.18
2023-11-12 03:00:00,82.99,0.0,7285.0,43100.0,49344.0,3.7015,94.509415,354.0,2.98
2023-11-12 04:00:00,82.15,0.0,7278.0,41000.0,48231.0,3.8014998,96.19885,329.0,4.24
2023-11-12 05:00:00,86.4,0.0,7348.0,40950.0,48897.0,3.9015,98.25745,323.0,7.99
2023-11-12 06:00:00,85.79,0.0,7657.75,42200.0,50176.0,4.0015,99.6496,325.0,9.25
2023-11-12 07:00:00,85.1,1.0,7948.0,43200.0,51355.0,4.4014997,99.650734,328.0,19.83
2023-11-12 08:00:00,87.26,194.0,8352.75,44450.0,53074.0,4.6514997,99.303955,332.0,24.07
2023-11-12 09:00:00,89.75,666.0,8782.25,45950.0,54624.0,5.2515,96.5787,313.0,27.24
2023-11-12 10:00:00,88.58,1080.0,8984.25,47500.0,56128.0,6.3515,93.64316,273.0,25.5
2023-11-12 11:00:00,85.62,1255.0,9157.5,48850.0,57179.0,7.3515,90.515816,230.0,25.66
2023-11-12 12:00:00,88.09,1164.0,9124.25,50650.0,57829.0,8.3515,86.03346,199.0,24.57
2023-11-12 13:00:00,88.19,797.0,8873.0,50800.0,56747.0,9.2515,80.68087,194.0,13.78
2023-11-12 14:00:00,92.6,444.0,8715.0,47150.0,54984.0,8.5515,84.87595,227.0,16.06
2023-11-12 15:00:00,108.7,215.0,8690.75,45050.0,53779.0,8.6515,83.14772,312.0,29.96
2023-11-12 16:00:00,112.74,45.0,8883.5,44150.0,53236.0,8.4015,87.53318,489.0,44.67
2023-11-12 17:00:00,134.96,0.0,9542.75,45600.0,53940.0,7.6514997,91.4782,737.0,53.94
2023-11-12 18:00:00,123.47,0.0,9962.25,50450.0,58024.0,6.3515,93.64316,977.0,72.68
2023-11-12 19:00:00,121.08,0.0,9756.5,52600.0,58302.0,5.9014997,92.32471,1109.0,59.16
2023-11-12 20:00:00,106.55,0.0,9359.0,50200.0,57557.0,6.6514997,88.595825,1116.0,47.71
2023-11-12 21:00:00,107.33,0.0,8923.0,47700.0,54558.0,6.4014997,90.13231,1055.0,29.89
2023-11-12 22:00:00,100.14,0.0,8639.25,46750.0,55134.0,6.6015,90.77642,993.0,25.08
2023-11-12 23:00:00,88.02,0.0,8287.0,48250.0,53693.0,6.9515,92.06761,1000.0,21.14
2023-11-13 00:00:00,91.26,0.0,7889.0,46150.0,52716.0,7.5015,94.02226,654.0,19.32
2023-11-13 01:00:00,86.82,0.0,7542.75,44050.0,53309.0,8.1515,94.37431,726.0,13.87
2023-11-13 02:00:00,87.0,0.0,7332.75,42700.0,52324.0,8.4015,95.030975,817.0,5.7
2023-11-13 03:00:00,82.76,0.0,7267.0,40650.0,51346.0,9.0515,95.37871,916.0,2.53
2023-11-13 04:00:00,74.05,0.0,7535.0,39650.0,50580.0,9.4515,95.07124,1020.0,4.3
2023-11-13 05:00:00,76.74,0.0,8261.0,41150.0,51846.0,10.1015,95.095924,1287.0,16.93
2023-11-13 06:00:00,77.23,0.0,9345.5,45350.0,55019.0,10.3015,94.466866,1815.0,73.05
2023-11-13 07:00:00,109.32,0.0,10188.25,51350.0,57668.0,10.4015,94.154465,2393.0,96.21
2023-11-13 08:00:00,123.48,22.0,10531.75,53550.0,58211.0,10.5015,92.90255,2987.0,99.59
2023-11-13 09:00:00,105.86,85.0,10638.5,54150.0,59443.0,11.4015,93.573166,3484.0,79.85
2023-11-13 10:00:00,110.23,156.0,10678.0,54350.0,59316.0,13.1515,92.73793,3812.0,61.85
2023-11-13 11:00:00,101.25,210.0,10741.75,54250.0,59447.0,13.8015,91.26464,4038.0,58.04
2023-11-13 12:00:00,90.16,258.0,10636.75,55350.0,60287.0,14.5515,88.9567,4187.0,58.05
2023-11-13 13:00:00,78.33,315.0,10602.0,55300.0,59932.0,14.9015,89.86028,4251.0,66.98
2023-11-13 14:00:00,71.57,407.0,10524.5,52650.0,58259.0,15.3515,89.02132,4266.0,80.29
2023-11-13 15:00:00,56.56,396.0,10502.5,51000.0,57668.0,14.9015,91.03906,4257.0,99.67
2023-11-13 16:00:00,61.59,107.0,10611.5,50100.0,58211.0,14.4015,85.2254,4237.0,112.44
2023-11-13 17:00:00,85.46,0.0,11162.0,50450.0,59875.0,13.3015,74.68899,4194.0,138.14
2023-11-13 18:00:00,92.08,0.0,11283.25,55050.0,60991.0,12.3515,73.51786,4144.0,151.35
2023-11-13 19:00:00,105.0,0.0,10795.25,57200.0,60693.0,12.0015,75.22968,4108.0,139.93
2023-11-13 20:00:00,87.74,0.0,10115.0,53850.0,57913.0,11.8515,75.718605,4094.0,111.81
2023-11-13 21:00:00,62.47,0.0,9477.0,50150.0,55166.0,11.7015,75.95214,4092.0,106.29
2023-11-13 22:00:00,55.0,0.0,9181.5,48350.0,53056.0,11.6515,76.463486,4089.0,99.56
2023-11-13 23:00:00,55.33,0.0,8842.75,48750.0,52715.0,11.7015,75.69359,4080.0,89.86
2023-11-14 00:00:00,11.26,0.0,8500.25,45650.0,50015.0,11.7515,75.9604,4122.0,83.68
2023-11-14 01:00:00,2.17,0.0,8157.0,43500.0,48598.0,11.6515,76.203285,4123.0,76.45
2023-11-14 02:00:00,0.88,0.0,7947.5,42350.0,48973.0,11.0515,83.43826,4121.0,70.96
2023-11-14 03:00:00,0.53,0.0,7872.5,40150.0,48796.0,10.7515,83.6861,4097.0,68.01
2023-11-14 04:00:00,0.78,0.0,7972.0,39550.0,48867.0,10.9515,81.466225,4062.0,70.25
2023-11-14 05:00:00,2.91,0.0,8410.25,41750.0,50415.0,10.8015,83.125534,4026.0,83.56
2023-11-14 06:00:00,49.32,0.0,9365.5,46250.0,55112.0,10.6015,84.52561,3987.0,102.1
2023-11-14 07:00:00,80.03,0.0,10294.75,52200.0,58147.0,10.9515,82.30123,3964.0,132.97
2023-11-14 08:00:00,90.84,93.0,10648.5,54050.0,58849.0,10.7015,82.8312,3949.0,136.4
2023-11-14 09:00:00,82.44,365.0,10849.0,54650.0,58149.0,10.9015,82.85592,3925.0,120.48
2023-11-14 10:00:00,73.91,588.0,10833.5,54650.0,58333.0,11.5015,82.37085,3906.0,99.52
2023-11-14 11:00:00,72.82,569.0,10854.25,54650.0,59032.0,12.1515,78.64818,3871.0,89.03
2023-11-14 12:00:00,75.08,489.0,10699.25,55550.0,59864.0,11.7015,84.934135,3803.0,86.21
2023-11-14 13:00:00,75.22,371.0,10646.0,55600.0,60388.0,11.3015,90.4914,3708.0,88.79
2023-11-14 14:00:00,82.78,297.0,10542.75,53350.0,59960.0,11.2015,92.63007,3564.0,97.92
2023-11-14 15:00:00,91.22,224.0,10538.75,52100.0,59772.0,11.3515,90.49496,3412.0,108.42
2023-11-14 16:00:00,85.94,57.0,10640.0,51250.0,59551.0,11.2515,88.38671,3351.0,113.69
2023-11-14 17:00:00,109.28,0.0,11139.25,52700.0,62179.0,11.2515,89.281876,3359.0,137.61
2023-11-14 18:00:00,119.97,0.0,11280.75,57650.0,64301.0,10.8515,86.58075,3362.0,149.94
2023-11-14 19:00:00,116.99,0.0,10786.25,59600.0,64381.0,9.8015,89.77249,3370.0,133.13
2023-11-14 20:00:00,100.35,0.0,10128.5,56050.0,62425.0,9.6015,90.369026,3402.0,105.32
2023-11-14 21:00:00,89.86,0.0,9579.25,52500.0,60366.0,9.7515,86.766785,3420.0,92.98
2023-11-14 22:00:00,92.32,0.0,9232.75,50350.0,59820.0,9.8015,87.9612,3403.0,94.04
2023-11-14 23:00:00,85.5,0.0,8888.5,50950.0,59065.0,9.5015,89.44461,3376.0,93.4
2023-11-15 00:00:00,81.1,0.0,8542.5,47600.0,53900.0,9.7515,88.55708,3359.0,97.17
2023-11-15 01:00:00,76.42,0.0,8130.25,44650.0,53030.0,9.4015,88.82939,3308.0,79.9
2023-11-15 02:00:00,72.9,0.0,7897.75,44000.0,51785.0,9.3515,92.21208,3238.0,75.03
2023-11-15 03:00:00,70.69,0.0,7840.25,41650.0,51812.0,8.9515,92.81802,3187.0,70.66
2023-11-15 04:00:00,74.45,0.0,8049.0,40850.0,51553.0,8.7515,92.49119,3165.0,66.76
2023-11-15 05:00:00,81.14,0.0,8529.5,42500.0,52866.0,8.6515,92.80148,3160.0,75.01
2023-11-15 06:00:00,96.94,0.0,9483.0,46850.0,57623.0,8.5515,93.11318,3172.0,84.74
2023-11-15 07:00:00,116.71,0.0,10359.5,52550.0,60009.0,8.4015,93.105255,3188.0,107.77
2023-11-15 08:00:00,121.72,219.0,10692.75,54800.0,60740.0,8.2015,93.41364,3185.0,111.47
2023-11-15 09:00:00,110.04,955.0,10840.25,55550.0,61601.0,8.7515,92.17633,3176.0,93.8
2023-11-15 10:00:00,100.1,1702.0,10831.0,55850.0,61831.0,9.8515,89.169174,3221.0,85.1
2023-11-15 11:00:00,90.84,2220.0,10802.25,56100.0,61884.0,11.1015,78.22338,3274.0,78.85
2023-11-15 12:00:00,86.04,2455.0,10687.0,57600.0,62202.0,11.8015,74.684364,3303.0,76.05
2023-11-15 13:00:00,85.55,2322.0,10617.0,57500.0,61749.0,12.3015,68.88474,3314.0,76.28
2023-11-15 14:00:00,85.64,1927.0,10512.0,55600.0,60436.0,12.2015,69.57734,3302.0,83.41
2023-11-15 15:00:00,98.26,1111.0,10511.0,54350.0,60197.0,11.3015,73.32924,3271.0,103.28
2023-11-15 16:00:00,110.28,237.0,10630.5,52900.0,59517.0,10.8015,75.28363,3211.0,103.31
2023-11-15 17:00:00,122.92,0.0,11137.5,54200.0,61105.0,9.7515,76.15201,3157.0,119.31
2023-11-15 18:00:00,129.9,0.0,11205.25,58050.0,62117.0,8.9515,77.35307,3135.0,127.26
2023-11-15 19:00:00,121.08,0.0,10703.5,59500.0,62035.0,8.5515,78.64731,3126.0,121.12
2023-11-15 20:00:00,110.44,0.0,10067.25,55800.0,60278.0,8.1515,81.65629,3124.0,112.81
2023-11-15 21:00:00,97.65,0.0,9604.25,52400.0,58117.0,7.7015,85.07591,3116.0,99.05
2023-11-15 22:00:00,91.66,0.0,9322.75,50900.0,56846.0,7.3015,87.43018,3093.0,92.33
2023-11-15 23:00:00,84.21,0.0,8839.5,53200.0,56421.0,6.9014997,89.235504,3027.0,82.58
2023-11-16 00:00:00,85.48,0.0,8452.75,49050.0,52021.0,6.5015,89.51417,2102.0,79.05
2023-11-16 01:00:00,83.31,0.0,8104.25,47200.0,51057.0,6.1514997,91.0616,1677.0,82.51
2023-11-16 02:00:00,84.57,0.0,7850.25,46450.0,51069.0,5.9515,90.098335,1221.0,78.78
2023-11-16 03:00:00,82.14,0.0,7831.0,43850.0,50807.0,6.2515,88.25219,845.0,79.34
2023-11-16 04:00:00,88.12,0.0,7960.75,42850.0,50927.0,5.5515,92.62727,589.0,80.8
2023-11-16 05:00:00,92.89,0.0,8419.25,44050.0,53469.0,5.6015,93.93322,429.0,85.47
2023-11-16 06:00:00,102.72,0.0,9389.5,48450.0,56885.0,5.3015,94.9092,361.0,109.61
2023-11-16 07:00:00,126.9,0.0,10243.25,54700.0,60228.0,5.2015,95.23756,347.0,120.06
2023-11-16 08:00:00,129.99,65.0,10607.0,56950.0,61314.0,4.7515,96.22742,374.0,128.92
2023-11-16 09:00:00,128.59,248.0,10797.0,57250.0,61510.0,5.7515,94.92713,410.0,116.62
2023-11-16 10:00:00,120.1,338.0,10773.5,57150.0,62340.0,6.7515,93.01694,401.0,100.08
2023-11-16 11:00:00,116.62,376.0,10791.0,57650.0,62900.0,7.3015,92.726364,417.0,95.0
2023-11-16 12:00:00,122.63,417.0,10671.75,58200.0,63160.0,8.2015,92.77657,462.0,90.16
2023-11-16 13:00:00,126.66,408.0,10551.25,57700.0,62421.0,8.3515,93.74087,536.0,92.32
2023-11-16 14:00:00,134.67,325.0,10500.75,55250.0,61203.0,8.5515,92.79595,668.0,100.61
2023-11-16 15:00:00,144.38,173.0,10475.75,53250.0,60441.0,8.2515,94.378654,841.0,115.36
2023-11-16 16:00:00,143.81,35.0,10694.75,52050.0,61340.0,7.8515,94.68495,1037.0,106.95
2023-11-16 17:00:00,164.02,0.0,11231.5,53250.0,63652.0,7.6514997,95.32812,1197.0,132.01
2023-11-16 18:00:00,132.55,0.0,11302.75,57250.0,65588.0,7.5515,95.980354,1258.0,128.66
2023-11-16 19:00:00,125.26,0.0,10821.0,58450.0,65546.0,7.2515,96.30109,1206.0,112.17
2023-11-16 20:00:00,121.19,0.0,10205.0,55750.0,64284.0,6.9014997,96.62299,1085.0,105.39
2023-11-16 21:00:00,115.0,0.0,9708.75,52500.0,62996.0,6.6015,97.28378,970.0,94.7
2023-11-16 22:00:00,110.2,0.0,9480.25,51000.0,61655.0,6.4515,97.954216,876.0,84.04
2023-11-16 23:00:00,100.85,0.0,9003.0,52600.0,61402.0,6.4014997,98.291916,752.0,74.36
2023-11-17 00:00:00,106.0,0.0,8646.75,51150.0,57217.0,6.5515,98.293945,215.0,64.19
2023-11-17 01:00:00,100.0,0.0,8249.0,48600.0,55953.0,6.4515,98.29259,282.0,59.73
2023-11-17 02:00:00,97.51,0.0,8040.75,47950.0,55321.0,5.8515,98.625435,387.0,53.74
2023-11-17 03:00:00,92.8,0.0,7981.25,45400.0,54421.0,5.9014997,97.94527,436.0,48.36
2023-11-17 04:00:00,95.7,0.0,8136.0,44850.0,54487.0,5.8515,98.625435,419.0,50.0
2023-11-17 05:00:00,103.2,0.0,8640.25,46200.0,55525.0,6.2015,97.27517,394.0,67.26
2023-11-17 06:00:00,119.46,0.0,9528.25,50500.0,59052.0,6.8015,94.968666,396.0,84.53
2023-11-17 07:00:00,131.03,0.0,10318.25,56450.0,62494.0,6.8015,96.28799,404.0,106.77
2023-11-17 08:00:00,141.92,89.0,10657.75,58550.0,63970.0,6.5515,96.947685,409.0,113.0
2023-11-17 09:00:00,134.75,437.0,10870.0,59250.0,64418.0,6.2515,94.618286,442.0,112.18
2023-11-17 10:00:00,127.89,856.0,10885.25,58950.0,64721.0,6.9515,91.74952,485.0,100.65
2023-11-17 11:00:00,125.18,1263.0,10870.5,59100.0,64764.0,7.4515,87.747955,540.0,92.96
2023-11-17 12:00:00,119.57,1576.0,10715.5,59600.0,65163.0,7.8515,86.27982,590.0,86.76
2023-11-17 13:00:00,112.36,1638.0,10638.5,59150.0,64546.0,8.1015005,85.1199,598.0,94.44
2023-11-17 14:00:00,123.91,1389.0,10485.75,56650.0,63621.0,8.3515,83.11088,586.0,96.3
2023-11-17 15:00:00,128.95,779.0,10434.75,54500.0,63483.0,8.9015,78.15565,527.0,108.56
2023-11-17 16:00:00,133.66,138.0,10493.0,53650.0,64099.0,8.4015,83.40519,460.0,115.0
2023-11-17 17:00:00,146.32,0.0,11000.0,55500.0,64264.0,6.1514997,91.0616,417.0,132.86
2023-11-17 18:00:00,149.96,0.0,10983.0,59100.0,64756.0,5.9515,92.00623,395.0,135.1
2023-11-17 19:00:00,141.92,0.0,10503.75,59600.0,64482.0,5.4014997,93.59597,365.0,123.58
2023-11-17 20:00:00,128.47,0.0,9962.75,56950.0,63165.0,4.6015,95.21497,341.0,112.93
2023-11-17 21:00:00,120.41,0.0,9555.0,53700.0,60472.0,4.2515,95.53759,343.0,105.1
2023-11-17 22:00:00,118.34,0.0,9386.25,52750.0,60093.0,4.2515,95.53759,369.0,103.97
2023-11-17 23:00:00,112.47,0.0,8986.0,55050.0,59229.0,4.8015,94.556786,397.0,93.2
2023-11-18 00:00:00,110.56,0.0,8404.0,51500.0,57186.0,4.9014997,94.561066,592.0,87.3
2023-11-18 01:00:00,97.38,0.0,8051.75,48250.0,55731.0,5.2515,93.588455,767.0,85.89
2023-11-18 02:00:00,90.61,0.0,7723.75,46850.0,54885.0,6.0515,90.1059,896.0,85.88
2023-11-18 03:00:00,85.91,0.0,7606.0,44100.0,53672.0,6.1015,88.858604,1020.0,83.21
2023-11-18 04:00:00,82.42,0.0,7639.5,42900.0,53147.0,6.3515,88.26107,1210.0,82.71
2023-11-18 05:00:00,82.44,0.0,7749.25,43000.0,53436.0,6.9515,88.007515,1453.0,85.44
2023-11-18 06:00:00,85.68,0.0,8121.0,44850.0,54592.0,7.4014997,86.83487,1778.0,86.3
2023-11-18 07:00:00,92.08,0.0,8610.75,46800.0,55591.0,7.7515,86.269615,2174.0,88.0
2023-11-18 08:00:00,100.1,22.0,9024.75,48750.0,57178.0,7.9515,85.992004,2532.0,92.0
2023-11-18 09:00:00,95.41,88.0,9448.5,51100.0,58386.0,8.3015,84.84813,2842.0,94.89
2023-11-18 10:00:00,91.96,143.0,9692.0,51950.0,59188.0,8.4015,86.335724,3133.0,91.28
2023-11-18 11:00:00,83.97,181.0,9773.25,52200.0,59320.0,8.5015,89.67186,3392.0,90.22
2023-11-18 12:00:00,84.48,194.0,9765.0,53350.0,59360.0,8.8515,89.69911,3591.0,87.94
2023-11-18 13:00:00,80.38,173.0,9623.0,52700.0,58499.0,9.1015,88.80427,3706.0,87.8
2023-11-18 14:00:00,78.34,123.0,9418.75,50250.0,57687.0,9.1515,91.264015,3772.0,91.5
2023-11-18 15:00:00,79.05,63.0,9516.75,48300.0,57341.0,9.6515,91.918015,3829.0,102.87
2023-11-18 16:00:00,88.3,13.0,9657.0,47050.0,57265.0,10.1515,91.948654,3867.0,115.75
2023-11-18 17:00:00,105.26,0.0,10069.75,48450.0,58446.0,10.5515,93.21784,3878.0,127.98
2023-11-18 18:00:00,108.01,0.0,10159.25,51500.0,59607.0,11.1515,92.93758,3870.0,135.76
2023-11-18 19:00:00,93.05,0.0,9636.5,52300.0,57841.0,11.7015,92.967,3856.0,124.47
2023-11-18 20:00:00,84.02,0.0,9185.0,49850.0,55764.0,12.2015,93.30242,3812.0,113.51
2023-11-18 21:00:00,78.25,0.0,8846.5,47650.0,54850.0,12.4515,94.245316,3755.0,102.58
2023-11-18 22:00:00,73.73,0.0,8594.25,47000.0,54455.0,13.0015,93.650795,3698.0,92.38
2023-11-18 23:00:00,58.01,0.0,8228.75,49500.0,52915.0,12.9515,95.20203,3645.0,87.41
2023-11-19 00:00:00,19.4,0.0,7975.75,47700.0,50470.0,13.6515,92.46139,3749.0,89.63
2023-11-19 01:00:00,5.87,0.0,7645.75,45350.0,47481.0,13.4515,92.45005,3771.0,85.36
2023-11-19 02:00:00,4.1,0.0,7343.0,44800.0,45349.0,13.4015,91.841125,3770.0,85.19
2023-11-19 03:00:00,0.13,0.0,7170.5,41500.0,44289.0,12.8515,91.20244,3764.0,82.99
2023-11-19 04:00:00,0.07,0.0,7094.5,39750.0,43711.0,12.7515,90.59397,3767.0,82.15
2023-11-19 05:00:00,0.09,0.0,7138.75,39400.0,43660.0,12.2015,90.85693,3757.0,86.4
2023-11-19 06:00:00,2.33,0.0,7533.25,40600.0,43756.0,11.7515,90.22164,3732.0,85.79
2023-11-19 07:00:00,5.59,0.0,7836.75,42100.0,45668.0,11.4015,89.89441,3711.0,85.1
2023-11-19 08:00:00,14.49,132.0,8214.25,43100.0,48184.0,11.2015,90.18131,3725.0,87.26
2023-11-19 09:00:00,18.82,662.0,8636.5,44800.0,49791.0,11.3515,89.890625,3785.0,89.75
2023-11-19 10:00:00,12.6,1124.0,8858.0,46350.0,51157.0,12.0015,87.275925,3893.0,88.58
2023-11-19 11:00:00,12.65,1250.0,9052.5,47600.0,51936.0,12.1015,87.8707,3969.0,85.62
2023-11-19 12:00:00,11.68,1310.0,9029.0,49600.0,52487.0,12.7515,85.90359,3981.0,88.09
2023-11-19 13:00:00,2.21,1226.0,8826.0,48600.0,52594.0,12.1515,83.850204,4014.0,88.19
2023-11-19 14:00:00,16.65,932.0,8662.25,45750.0,53155.0,12.4515,81.93801,4047.0,92.6
2023-11-19 15:00:00,52.29,484.0,8645.5,44700.0,53069.0,12.3015,80.823074,4066.0,108.7
2023-11-19 16:00:00,73.09,79.0,8859.5,43400.0,53641.0,12.2015,77.59781,4088.0,112.74
2023-11-19 17:00:00,93.01,0.0,9497.5,44300.0,56218.0,12.0015,78.892555,4131.0,134.96
2023-11-19 18:00:00,104.61,0.0,9855.5,48500.0,58629.0,11.4515,83.48599,4185.0,123.47
2023-11-19 19:00:00,103.91,0.0,9670.0,50850.0,58760.0,11.3515,84.040215,4224.0,121.08
2023-11-19 20:00:00,88.87,0.0,9276.0,49050.0,57983.0,11.4015,85.76418,4227.0,106.55
2023-11-19 21:00:00,84.46,0.0,8806.75,46600.0,56731.0,11.5015,87.52252,4203.0,107.33
2023-11-19 22:00:00,88.05,0.0,8524.25,45800.0,55758.0,11.7515,88.134056,4163.0,100.14
2023-11-19 23:00:00,80.05,0.0,8195.25,48900.0,54672.0,11.5515,89.30578,4103.0,88.02
2023-11-20 00:00:00,68.3,0.0,7826.25,45800.0,53272.0,11.3515,87.80337,4028.0,91.26
2023-11-20 01:00:00,62.68,0.0,7587.5,43450.0,52746.0,11.3515,88.99078,3941.0,86.82
2023-11-20 02:00:00,59.91,0.0,7366.5,42900.0,51843.0,11.0015,87.47638,3835.0,87.0
2023-11-20 03:00:00,51.98,0.0,7278.5,40400.0,51178.0,10.8015,87.75365,3724.0,82.76
2023-11-20 04:00:00,60.24,0.0,7445.0,39450.0,51404.0,10.2015,89.80317,3608.0,74.05
2023-11-20 05:00:00,80.43,0.0,8002.25,41550.0,53229.0,9.8015,90.690414,3483.0,76.74
2023-11-20 06:00:00,101.66,0.0,9135.5,46450.0,57102.0,9.4515,91.90571,3294.0,77.23
2023-11-20 07:00:00,126.64,0.0,10089.0,52600.0,60673.0,9.4015,90.662254,3019.0,109.32
2023-11-20 08:00:00,124.41,64.0,10539.5,54900.0,61474.0,9.3515,89.73785,2676.0,123.48
2023-11-20 09:00:00,115.6,306.0,10684.5,56100.0,61956.0,9.8515,91.31028,2284.0,105.86
2023-11-20 10:00:00,107.23,549.0,10674.75,56750.0,62454.0,10.5015,87.1345,1936.0,110.23
2023-11-20 11:00:00,106.11,602.0,10725.5,57250.0,62781.0,10.6515,82.825035,1645.0,101.25
2023-11-20 12:00:00,101.2,680.0,10642.25,58150.0,63155.0,10.9015,80.08412,1361.0,90.16
2023-11-20 13:00:00,113.5,793.0,10678.25,57850.0,63017.0,10.8015,81.72413,1127.0,78.33
2023-11-20 14:00:00,119.39,797.0,10554.25,56600.0,62543.0,9.4015,91.28059,947.0,71.57
2023-11-20 15:00:00,117.1,446.0,10650.5,55450.0,62052.0,9.4015,90.970955,841.0,56.56
2023-11-20 16:00:00,125.0,77.0,10729.5,54350.0,61697.0,9.3015,91.27396,763.0,61.59
2023-11-20 17:00:00,145.62,0.0,11252.5,55800.0,63081.0,9.2015,91.26734,682.0,85.46
2023-11-20 18:00:00,139.98,0.0,11360.5,59650.0,65227.0,9.0015,93.13694,625.0,92.08
2023-11-20 19:00:00,130.08,0.0,10873.5,61400.0,64454.0,8.6015,95.0387,579.0,105.0
2023-11-20 20:00:00,120.04,0.0,10217.5,57700.0,62686.0,7.6514997,97.63938,553.0,87.74
2023-11-20 21:00:00,107.01,0.0,9648.0,53900.0,60723.0,6.8015,97.62349,533.0,62.47
2023-11-20 22:00:00,108.05,0.0,9490.5,51950.0,59707.0,6.1015,96.60163,508.0,55.0
2023-11-20 23:00:00,98.69,0.0,9113.75,53800.0,58828.0,6.0515,95.60049,491.0,55.33
2023-11-21 00:00:00,102.75,0.0,8696.75,51400.0,56759.0,6.3015,95.27854,398.0,11.26
2023-11-21 01:00:00,98.2,0.0,8294.75,48550.0,56362.0,6.1015,96.26747,414.0,2.17
2023-11-21 02:00:00,96.12,0.0,8024.5,47850.0,56045.0,6.2515,97.95097,477.0,0.88
2023-11-21 03:00:00,91.17,0.0,7944.25,45300.0,55212.0,6.1514997,98.28852,569.0,0.53
2023-11-21 04:00:00,92.96,0.0,8045.5,43800.0,55503.0,6.6514997,97.62064,619.0,0.78
2023-11-21 05:00:00,101.13,0.0,8490.25,45450.0,57344.0,7.0015,97.29236,638.0,2.91
2023-11-21 06:00:00,119.84,0.0,9492.5,49900.0,60440.0,7.4014997,96.63625,633.0,49.32
2023-11-21 07:00:00,131.38,0.0,10478.75,55900.0,63869.0,7.7515,95.986626,643.0,80.03
2023-11-21 08:00:00,132.71,52.0,10837.25,58050.0,64598.0,8.0515,95.34267,691.0,90.84
2023-11-21 09:00:00,133.68,329.0,11023.5,58750.0,65924.0,7.6514997,97.306206,703.0,82.44
2023-11-21 10:00:00,135.0,644.0,11027.0,59150.0,66164.0,8.4515,96.00853,683.0,73.91
2023-11-21 11:00:00,132.54,844.0,11055.0,59400.0,66681.0,9.3015,94.74432,685.0,72.82
2023-11-21 12:00:00,133.82,925.0,10912.25,59800.0,66288.0,10.7015,90.44847,727.0,75.08
2023-11-21 13:00:00,131.42,929.0,10886.25,58100.0,65857.0,11.5515,84.917694,772.0,75.22
2023-11-21 14:00:00,134.45,763.0,10793.25,57400.0,65750.0,11.0515,88.36947,838.0,82.78
2023-11-21 15:00:00,130.88,396.0,10781.25,56650.0,65335.0,10.6515,88.93325,946.0,91.22
2023-11-21 16:00:00,133.67,65.0,10876.0,55600.0,64850.0,10.2015,91.33326,1117.0,85.94
2023-11-21 17:00:00,143.04,0.0,11399.0,57050.0,67098.0,9.9515,91.93642,1341.0,109.28
2023-11-21 18:00:00,142.08,0.0,11486.0,61000.0,67557.0,9.4015,94.428406,1486.0,119.97
2023-11-21 19:00:00,132.35,0.0,10976.5,62800.0,67338.0,9.4515,94.43054,1415.0,116.99
2023-11-21 20:00:00,124.79,0.0,10314.0,59450.0,65260.0,9.1515,95.059784,1205.0,100.35
2023-11-21 21:00:00,110.52,0.0,9754.5,56050.0,63633.0,8.7515,95.36795,1011.0,89.86
2023-11-21 22:00:00,110.91,0.0,9422.5,54350.0,62784.0,7.9014997,92.759895,854.0,92.32
2023-11-21 23:00:00,98.04,0.0,9078.0,56050.0,62033.0,6.4515,94.62668,726.0,85.5
2023-11-22 00:00:00,98.0,0.0,8707.25,51900.0,59812.0,5.4515,94.91518,803.0,81.1
2023-11-22 01:00:00,95.01,0.0,8309.5,49000.0,58701.0,4.7015,95.889175,646.0,76.42
2023-11-22 02:00:00,95.01,0.0,8077.5,48350.0,58110.0,3.5514998,96.19129,510.0,72.9
2023-11-22 03:00:00,92.0,0.0,8038.5,46300.0,57720.0,3.1515,96.86405,404.0,70.69
2023-11-22 04:00:00,92.41,0.0,8187.25,45550.0,57023.0,2.8014998,97.546425,318.0,74.45
2023-11-22 05:00:00,93.65,0.0,8644.5,47050.0,58692.0,2.3014998,97.88513,260.0,81.14
2023-11-22 06:00:00,117.24,0.0,9623.0,51550.0,61755.0,1.8515,98.580475,221.0,96.94
2023-11-22 07:00:00,137.22,0.0,10602.5,57900.0,65217.0,0.9015,98.56947,176.0,116.71
2023-11-22 08:00:00,151.06,132.0,10948.25,59900.0,66560.0,1.3015001,98.57413,137.0,121.72
2023-11-22 09:00:00,131.26,763.0,11146.75,60450.0,68115.0,2.2515,98.585075,117.0,110.04
2023-11-22 10:00:00,114.95,1406.0,11156.25,60200.0,67208.0,3.3014998,97.211494,122.0,100.1
2023-11-22 11:00:00,103.52,1893.0,11159.25,60400.0,66075.0,4.1015,94.860855,177.0,90.84
2023-11-22 12:00:00,95.52,2142.0,11010.25,61000.0,65733.0,5.0015,91.30288,270.0,86.04
2023-11-22 13:00:00,102.49,2022.0,10928.75,59550.0,64845.0,5.8015,86.676216,414.0,85.55
2023-11-22 14:00:00,116.4,1533.0,10843.25,58800.0,64680.0,5.8515,81.34776,571.0,85.64
2023-11-22 15:00:00,119.99,797.0,10848.0,57850.0,64644.0,6.1514997,80.24566,773.0,98.26
2023-11-22 16:00:00,127.25,110.0,10983.25,56550.0,63679.0,6.0015,81.080795,1059.0,110.28
2023-11-22 17:00:00,133.0,0.0,11539.0,57950.0,64936.0,5.6514997,84.25044,1378.0,122.92
2023-11-22 18:00:00,129.89,0.0,11554.75,61850.0,65251.0,5.6015,84.841866,1701.0,129.9
2023-11-22 19:00:00,118.81,0.0,11102.25,64000.0,64477.0,5.5015,84.83059,1947.0,121.08
2023-11-22 20:00:00,123.0,0.0,10536.0,60850.0,62295.0,5.4014997,85.11974,2120.0,110.44
2023-11-22 21:00:00,101.29,0.0,10001.5,57500.0,58770.0,5.4515,85.72878,2218.0,97.65
2023-11-22 22:00:00,102.3,0.0,9736.5,56950.0,56384.0,5.7515,85.459145,2251.0,91.66
2023-11-22 23:00:00,87.0,0.0,9409.75,57600.0,54648.0,6.9014997,81.77608,2272.0,84.21
2023-11-23 00:00:00,64.97,0.0,8965.5,54750.0,53139.0,7.4515,81.84871,2283.0,85.48
2023-11-23 01:00:00,46.05,0.0,8489.0,51950.0,51777.0,7.8015,83.91361,2182.0,83.31
2023-11-23 02:00:00,41.12,0.0,8200.75,51350.0,50383.0,7.4014997,90.832634,2098.0,84.57
2023-11-23 03:00:00,30.13,0.0,8090.75,49000.0,48134.0,7.8015,91.80311,2077.0,82.14
2023-11-23 04:00:00,21.82,0.0,8212.5,47450.0,48430.0,8.0515,91.81877,2132.0,88.12
2023-11-23 05:00:00,34.98,0.0,8703.5,48700.0,50408.0,8.3515,90.89872,2238.0,92.89
2023-11-23 06:00:00,83.31,0.0,9685.0,53550.0,55413.0,8.2015,92.14335,2355.0,102.72
2023-11-23 07:00:00,115.18,0.0,10637.25,59200.0,59830.0,8.5515,91.224075,2443.0,126.9
2023-11-23 08:00:00,130.48,41.0,11009.75,61350.0,61228.0,8.5015,92.47681,2524.0,129.99
2023-11-23 09:00:00,127.54,241.0,11219.0,61600.0,62063.0,8.9015,91.24741,2650.0,128.59
2023-11-23 10:00:00,108.85,458.0,11249.0,61350.0,62461.0,9.5515,88.84193,2827.0,120.1
2023-11-23 11:00:00,83.06,592.0,11255.25,61200.0,62576.0,10.3015,86.233025,3015.0,116.62
2023-11-23 12:00:00,69.6,687.0,11122.5,61450.0,62420.0,10.7515,85.69636,3199.0,122.63
2023-11-23 13:00:00,78.58,632.0,10958.25,59700.0,61604.0,10.9515,86.29863,3325.0,126.66
2023-11-23 14:00:00,84.07,463.0,10816.5,58850.0,60450.0,11.0015,84.85725,3362.0,134.67
2023-11-23 15:00:00,87.79,224.0,10801.25,57950.0,59347.0,11.2015,85.454475,3369.0,144.38
2023-11-23 16:00:00,95.39,34.0,10948.25,56700.0,58948.0,11.3515,83.75673,3415.0,143.81
2023-11-23 17:00:00,132.53,0.0,11441.75,58500.0,59820.0,11.0515,83.15592,3509.0,164.02
2023-11-23 18:00:00,153.31,0.0,11452.25,62100.0,61643.0,10.4515,84.508705,3615.0,132.55
2023-11-23 19:00:00,150.49,0.0,10952.0,63650.0,62040.0,9.5515,88.238914,3716.0,125.26
2023-11-23 20:00:00,128.0,0.0,10348.5,59200.0,59794.0,10.1515,84.18736,3790.0,121.19
2023-11-23 21:00:00,113.21,0.0,9808.5,55500.0,56992.0,10.4515,84.508705,3836.0,115.0
2023-11-23 22:00:00,98.18,0.0,9591.25,54750.0,56058.0,10.9515,84.279015,3873.0,110.2
2023-11-23 23:00:00,37.06,0.0,9231.5,56150.0,54974.0,11.3015,83.46811,3902.0,100.85
2023-11-24 00:00:00,29.61,0.0,8665.0,53600.0,52966.0,11.1015,87.485634,3804.0,106.0
2023-11-24 01:00:00,10.06,0.0,8225.75,50700.0,51483.0,11.1515,86.6103,3719.0,100.0
2023-11-24 02:00:00,12.47,0.0,7996.75,50500.0,50479.0,10.4515,80.020515,3572.0,97.51
2023-11-24 03:00:00,1.06,0.0,7910.75,48200.0,49345.0,9.4015,80.980125,3480.0,92.8
2023-11-24 04:00:00,1.99,0.0,8027.75,47100.0,49498.0,9.2515,75.54213,3456.0,95.7
2023-11-24 05:00:00,31.74,0.0,8485.5,48600.0,51587.0,8.7015,69.10999,3461.0,103.2
2023-11-24 06:00:00,71.3,0.0,9470.0,52850.0,55449.0,7.7515,73.971695,3455.0,119.46
2023-11-24 07:00:00,95.47,0.0,10408.5,58600.0,58318.0,7.6514997,71.13145,3437.0,131.03
2023-11-24 08:00:00,117.73,57.0,10754.75,61100.0,59618.0,8.2515,64.510155,3401.0,141.92
2023-11-24 09:00:00,118.01,399.0,11000.5,61300.0,60461.0,8.0015,66.79458,3345.0,134.75
2023-11-24 10:00:00,102.12,717.0,11024.25,61000.0,60023.0,7.9515,70.687965,3354.0,127.89
2023-11-24 11:00:00,96.28,843.0,11034.75,60300.0,59222.0,7.0515,78.69539,3498.0,125.18
2023-11-24 12:00:00,77.86,1130.0,10838.5,60550.0,58979.0,6.5015,81.14932,3642.0,119.57
2023-11-24 13:00:00,75.72,1386.0,10746.25,59650.0,58883.0,6.1514997,83.12962,3742.0,112.36
2023-11-24 14:00:00,83.81,1245.0,10584.25,58200.0,58447.0,5.7515,85.158485,3851.0,123.91
2023-11-24 15:00:00,85.67,664.0,10590.25,57050.0,58985.0,5.9014997,79.36086,3911.0,128.95
2023-11-24 16:00:00,101.27,85.0,10609.5,56350.0,60028.0,5.5515,78.74599,3918.0,133.66
2023-11-24 17:00:00,116.01,0.0,11110.25,57900.0,61157.0,4.5515,84.42161,3922.0,146.32
2023-11-24 18:00:00,119.28,0.0,11062.0,60900.0,61925.0,4.4014997,87.15262,3935.0,149.96
2023-11-24 19:00:00,111.98,0.0,10684.5,61400.0,61241.0,4.2515,89.332504,3936.0,141.92
2023-11-24 20:00:00,103.7,0.0,10145.25,58800.0,59698.0,4.1515,84.98015,3911.0,128.47
2023-11-24 21:00:00,86.21,0.0,9635.5,55800.0,57334.0,4.9014997,81.21817,3853.0,120.41
2023-11-24 22:00:00,84.82,0.0,9524.0,55000.0,56840.0,5.0515,79.517845,3728.0,118.34
2023-11-24 23:00:00,78.9,0.0,9235.75,56350.0,56100.0,5.2515,78.70018,3539.0,112.47
2023-11-25 00:00:00,78.07,0.0,8762.0,54150.0,56138.0,5.1015,77.83725,3280.0,110.56
2023-11-25 01:00:00,74.03,0.0,8380.75,51350.0,56598.0,4.8015,78.91353,3002.0,97.38
2023-11-25 02:00:00,72.07,0.0,8032.75,51050.0,56478.0,4.0015,81.67906,2840.0,90.61
2023-11-25 03:00:00,71.61,0.0,7779.25,48300.0,55083.0,3.2515,86.7283,2806.0,85.91
2023-11-25 04:00:00,69.99,0.0,7753.75,46350.0,54658.0,3.0514998,85.77751,2880.0,82.42
2023-11-25 05:00:00,74.19,0.0,7866.5,46950.0,54641.0,2.8515,84.222496,3007.0,82.44
2023-11-25 06:00:00,79.81,0.0,8253.75,49150.0,55079.0,2.9515,81.24203,3130.0,85.68
2023-11-25 07:00:00,87.08,0.0,8661.5,51850.0,55394.0,3.2515,80.115364,3261.0,92.08
2023-11-25 08:00:00,94.29,63.0,9077.25,54100.0,56270.0,3.5015,83.99663,3340.0,100.1
2023-11-25 09:00:00,91.93,425.0,9487.75,56800.0,57792.0,4.6514997,85.64304,3353.0,95.41
2023-11-25 10:00:00,89.17,822.0,9785.25,57800.0,57900.0,5.1514997,87.22525,3349.0,91.96
2023-11-25 11:00:00,87.06,1181.0,9926.5,57800.0,59617.0,5.6514997,86.6612,3313.0,83.97
2023-11-25 12:00:00,84.87,1431.0,9889.5,58300.0,60664.0,5.9014997,87.91217,3212.0,84.48
2023-11-25 13:00:00,83.12,1457.0,9711.75,56700.0,60451.0,5.9515,85.180565,3103.0,80.38
2023-11-25 14:00:00,90.09,1195.0,9526.75,55450.0,59705.0,6.8015,86.473465,3048.0,78.34
2023-11-25 15:00:00,95.91,625.0,9636.25,54850.0,60317.0,6.8015,83.50202,3014.0,79.05
2023-11-25 16:00:00,114.98,77.0,9811.5,53750.0,61485.0,5.8515,86.37698,2977.0,88.3
2023-11-25 17:00:00,124.1,0.0,10219.0,55800.0,62661.0,5.6514997,86.35655,2896.0,105.26
2023-11-25 18:00:00,131.65,0.0,10297.75,59800.0,63994.0,5.1514997,87.84339,2768.0,108.01
2023-11-25 19:00:00,127.62,0.0,9810.0,61650.0,63965.0,5.0015,88.14041,2599.0,93.05
2023-11-25 20:00:00,129.16,0.0,9285.5,59250.0,63453.0,4.9014997,88.75647,2342.0,84.02
2023-11-25 21:00:00,118.81,0.0,8924.5,57050.0,61892.0,4.6015,90.9543,2030.0,78.25
2023-11-25 22:00:00,118.33,0.0,8758.75,56150.0,61255.0,4.4515,92.56394,1757.0,73.73
2023-11-25 23:00:00,113.51,0.0,8542.75,58750.0,61544.0,4.6015,93.55581,1537.0,58.01
2023-11-26 00:00:00,112.39,0.0,8375.25,56850.0,58284.0,4.5515,90.63005,1299.0,19.4
2023-11-26 01:00:00,106.11,0.0,7960.25,54700.0,57006.0,4.2015,93.53558,1190.0,5.87
2023-11-26 02:00:00,103.11,0.0,7670.5,54750.0,56488.0,4.7015,93.89037,1126.0,4.1
2023-11-26 03:00:00,100.52,0.0,7523.5,52150.0,55492.0,4.6015,94.88108,1068.0,0.13
2023-11-26 04:00:00,97.53,0.0,7534.75,50650.0,54464.0,4.7015,94.5525,977.0,0.07
2023-11-26 05:00:00,98.15,0.0,7598.5,50350.0,54734.0,4.6015,93.88559,872.0,0.09
2023-11-26 06:00:00,101.28,0.0,7896.5,51850.0,54958.0,4.5515,92.56973,790.0,2.33
2023-11-26 07:00:00,111.32,0.0,8237.5,53550.0,55522.0,4.6015,94.88108,739.0,5.59
2023-11-26 08:00:00,113.54,29.0,8628.25,54500.0,56717.0,4.8015,95.89242,710.0,14.49
2023-11-26 09:00:00,117.94,196.0,9084.0,56550.0,59219.0,4.7015,96.56374,695.0,18.82
2023-11-26 10:00:00,116.25,403.0,9360.5,58650.0,61124.0,5.0015,95.23004,697.0,12.6
2023-11-26 11:00:00,114.81,579.0,9582.5,59650.0,62134.0,5.3515,92.29195,707.0,12.65
2023-11-26 12:00:00,113.85,688.0,9635.5,60450.0,62901.0,5.8015,88.83321,740.0,11.68
2023-11-26 13:00:00,110.22,632.0,9393.5,58150.0,62074.0,6.0515,88.54391,776.0,2.21
2023-11-26 14:00:00,115.1,481.0,9185.75,56300.0,60972.0,5.7015,86.971695,803.0,16.65
2023-11-26 15:00:00,123.26,225.0,9184.5,55500.0,62106.0,5.5015,86.037186,826.0,52.29
2023-11-26 16:00:00,134.15,30.0,9396.0,54650.0,63016.0,5.1514997,89.09131,870.0,73.09
2023-11-26 17:00:00,144.56,0.0,9984.75,57100.0,63895.0,4.7015,89.68564,938.0,93.01
2023-11-26 18:00:00,156.68,0.0,10238.75,61350.0,66040.0,4.4515,87.77866,1034.0,104.61
2023-11-26 19:00:00,145.94,0.0,9984.5,63950.0,66263.0,4.4014997,87.46283,1259.0,103.91
2023-11-26 20:00:00,135.91,0.0,9547.25,62100.0,65549.0,4.3515,88.70919,1662.0,88.87
2023-11-26 21:00:00,122.41,0.0,9157.5,59750.0,63025.0,4.7515,86.8781,2175.0,84.46
2023-11-26 22:00:00,118.99,0.0,8917.5,58700.0,61793.0,4.9014997,85.669914,2518.0,88.05
2023-11-26 23:00:00,102.53,0.0,8656.25,60700.0,58971.0,4.9014997,84.76267,2703.0,80.05
2023-11-27 00:00:00,99.41,0.0,8344.75,58450.0,56718.0,4.8515,83.56015,3056.0,68.3
2023-11-27 01:00:00,94.24,0.0,8068.75,56350.0,56831.0,4.4515,88.71781,3236.0,62.68
2023-11-27 02:00:00,89.9,0.0,7808.75,56450.0,56595.0,3.9515,90.265396,3397.0,59.91
2023-11-27 03:00:00,88.82,0.0,7697.25,54050.0,56187.0,3.7515,91.21832,3547.0,51.98
2023-11-27 04:00:00,87.91,0.0,7833.0,53000.0,56322.0,3.9015,90.582924,3642.0,60.24
2023-11-27 05:00:00,94.09,0.0,8370.25,54800.0,58372.0,4.3015,90.93332,3679.0,80.43
2023-11-27 06:00:00,122.01,0.0,9458.75,59350.0,63396.0,4.6514997,89.36514,3615.0,101.66
2023-11-27 07:00:00,132.94,0.0,10480.5,65350.0,67419.0,4.7515,89.37327,3409.0,126.64
2023-11-27 08:00:00,144.99,8.0,10973.75,68150.0,69102.0,5.0515,89.39762,3386.0,124.41
2023-11-27 09:00:00,139.41,53.0,11201.75,68850.0,69717.0,5.1015,92.601456,3418.0,115.6
2023-11-27 10:00:00,138.0,108.0,11192.75,68850.0,70204.0,5.2015,93.2587,3423.0,107.23
2023-11-27 11:00:00,136.94,159.0,11294.25,68950.0,70403.0,5.5515,93.60345,3302.0,106.11
2023-11-27 12:00:00,133.97,207.0,11226.5,68850.0,69623.0,6.0515,93.95448,3084.0,101.2
2023-11-27 13:00:00,132.67,235.0,11135.5,66850.0,69231.0,6.6514997,93.98267,2873.0,113.5
2023-11-27 14:00:00,130.0,205.0,11025.75,66600.0,68856.0,5.7015,94.92515,2724.0,119.39
2023-11-27 15:00:00,121.63,101.0,11062.5,66050.0,67486.0,6.1514997,95.60396,2601.0,117.1
2023-11-27 16:00:00,117.7,15.0,11207.0,64800.0,66694.0,6.8515,95.62803,2585.0,125.0
2023-11-27 17:00:00,125.99,0.0,11707.0,65950.0,67384.0,7.2015,96.29964,2643.0,145.62
2023-11-27 18:00:00,130.11,0.0,11751.25,69000.0,67376.0,7.6514997,96.312675,2769.0,139.98
2023-11-27 19:00:00,131.4,0.0,11280.0,70450.0,67186.0,7.6514997,95.001915,2943.0,130.08
2023-11-27 20:00:00,126.0,0.0,10666.0,66650.0,65092.0,7.0515,94.97847,3100.0,120.04
2023-11-27 21:00:00,106.06,0.0,10055.25,62650.0,61485.0,5.5515,94.919174,3252.0,107.01
2023-11-27 22:00:00,102.49,0.0,9911.75,60550.0,59943.0,4.1015,94.1936,3369.0,108.05
2023-11-27 23:00:00,85.14,0.0,9607.25,61800.0,59001.0,3.2515,95.163605,3434.0,98.69
2023-11-28 00:00:00,77.74,0.0,9048.25,59150.0,59314.0,2.7015,93.45893,3172.0,102.75
2023-11-28 01:00:00,70.49,0.0,8596.75,56500.0,59222.0,2.6515,92.79012,3282.0,98.2
2023-11-28 02:00:00,67.47,0.0,8377.5,56550.0,58845.0,2.5514998,92.784454,3349.0,96.12
2023-11-28 03:00:00,64.49,0.0,8278.25,53850.0,57634.0,2.8014998,91.80827,3330.0,91.17
2023-11-28 04:00:00,68.29,0.0,8384.75,52250.0,57138.0,2.5514998,91.792244,3198.0,92.96
2023-11-28 05:00:00,80.11,0.0,8781.75,53900.0,58409.0,2.4015,91.4536,2922.0,101.13
2023-11-28 06:00:00,97.62,0.0,9733.5,58050.0,61193.0,2.2515,91.11525,2496.0,119.84
2023-11-28 07:00:00,118.38,0.0,10721.5,64550.0,65451.0,1.8015001,90.7556,1967.0,131.38
2023-11-28 08:00:00,127.87,127.0,11091.5,67000.0,67131.0,1.3515,87.48592,1385.0,132.71
2023-11-28 09:00:00,138.37,1122.0,11300.25,67450.0,68270.0,1.0515001,84.31615,883.0,133.68
2023-11-28 10:00:00,139.25,1876.0,11335.5,67450.0,68882.0,1.0015,81.268776,537.0,135.0
2023-11-28 11:00:00,138.51,2217.0,11344.0,67200.0,68965.0,1.6515,78.42739,318.0,132.54
2023-11-28 12:00:00,135.62,2271.0,11178.25,66650.0,68609.0,2.3014998,77.10453,187.0,133.82
2023-11-28 13:00:00,137.73,1967.0,11131.75,64350.0,68151.0,2.9515,71.23473,128.0,131.42
2023-11-28 14:00:00,143.98,1534.0,11035.0,63950.0,67589.0,2.5015,70.36104,119.0,134.45
2023-11-28 15:00:00,150.0,844.0,11021.0,63150.0,66727.0,2.5015,71.40841,143.0,130.88
2023-11-28 16:00:00,164.01,105.0,11158.75,62200.0,66226.0,1.7514999,80.18933,215.0,133.67
2023-11-28 17:00:00,189.98,0.0,11721.75,64450.0,66543.0,-0.3485,87.32101,324.0,143.04
2023-11-28 18:00:00,177.0,0.0,11845.5,68600.0,67202.0,-0.4985,87.95398,453.0,142.08
2023-11-28 19:00:00,161.68,0.0,11371.25,70700.0,66853.0,-0.6985,88.58816,620.0,132.35
2023-11-28 20:00:00,140.69,0.0,10730.5,67250.0,65453.0,-0.4985,89.591866,791.0,124.79
2023-11-28 21:00:00,130.28,0.0,10170.75,63650.0,62725.0,0.1015,88.00985,991.0,110.52
2023-11-28 22:00:00,119.44,0.0,10000.25,61900.0,61884.0,0.2015,88.667755,1212.0,110.91
2023-11-28 23:00:00,109.32,0.0,9741.25,63900.0,61802.0,0.3015,89.98557,1389.0,98.04
2023-11-29 00:00:00,98.42,0.0,9329.5,59850.0,58480.0,0.55149996,90.66482,2562.0,98.0
2023-11-29 01:00:00,95.03,0.0,8905.5,57000.0,57169.0,0.60150003,92.33587,2765.0,95.01
2023-11-29 02:00:00,92.1,0.0,8592.75,56750.0,56110.0,0.60150003,91.33219,2889.0,95.01
2023-11-29 03:00:00,86.29,0.0,8454.0,54500.0,55116.0,0.60150003,91.66567,2975.0,92.0
2023-11-29 04:00:00,85.0,0.0,8541.5,53250.0,54983.0,0.8015,91.01391,3053.0,92.41
2023-11-29 05:00:00,95.7,0.0,9006.75,55100.0,56276.0,1.3515,87.80496,3103.0,93.65
2023-11-29 06:00:00,104.16,0.0,9990.0,59500.0,60425.0,1.7014999,85.94356,3082.0,117.24
2023-11-29 07:00:00,132.95,0.0,10950.5,65400.0,64537.0,1.6015,89.11256,2917.0,137.22
2023-11-29 08:00:00,149.69,78.0,11326.0,68500.0,65177.0,1.3015001,92.378105,2617.0,151.06
2023-11-29 09:00:00,145.45,727.0,11540.25,68950.0,66215.0,1.4015,93.391396,2231.0,131.26
2023-11-29 10:00:00,133.87,1304.0,11533.75,68400.0,66964.0,2.5514998,90.48393,1771.0,114.95
2023-11-29 11:00:00,129.98,1617.0,11517.0,68050.0,67608.0,3.8515,86.78852,1371.0,103.52
2023-11-29 12:00:00,128.26,1645.0,11354.0,68200.0,67459.0,4.7515,82.07203,1040.0,95.52
2023-11-29 13:00:00,132.45,1442.0,11271.5,66350.0,66743.0,5.1514997,78.96658,752.0,102.49
2023-11-29 14:00:00,146.75,1080.0,11166.0,65800.0,66635.0,4.5515,81.752884,538.0,116.4
2023-11-29 15:00:00,168.0,555.0,11199.75,65100.0,66455.0,4.3515,81.14253,384.0,119.99
2023-11-29 16:00:00,200.0,67.0,11340.5,64500.0,67137.0,3.7015,84.929436,282.0,127.25
2023-11-29 17:00:00,250.0,0.0,11867.25,66500.0,68250.0,1.4514999,91.72119,223.0,133.0
2023-11-29 18:00:00,250.0,0.0,11842.25,70350.0,69575.0,2.7515,88.25212,180.0,129.89
2023-11-29 19:00:00,200.0,0.0,11389.25,71600.0,69725.0,1.1015,93.038055,153.0,118.81
2023-11-29 20:00:00,161.0,0.0,10845.75,67950.0,67163.0,-0.09850001,95.72847,143.0,123.0
2023-11-29 21:00:00,139.01,0.0,10312.75,64150.0,64759.0,-0.0485,95.381775,141.0,101.29
2023-11-29 22:00:00,128.5,0.0,10058.25,62400.0,64067.0,-0.1485,96.07656,139.0,102.3
2023-11-29 23:00:00,114.27,0.0,9785.25,63400.0,63271.0,0.3015,97.49635,137.0,87.0
2023-11-30 00:00:00,104.79,0.0,9399.5,60400.0,61289.0,-0.39850003,98.19566,82.0,64.97
2023-11-30 01:00:00,104.52,0.0,8890.25,57450.0,60301.0,1.0015,97.51053,116.0,46.05
2023-11-30 02:00:00,102.2,0.0,8636.25,57250.0,60283.0,0.7515,97.50546,168.0,41.12
2023-11-30 03:00:00,100.0,0.0,8501.0,55100.0,59553.0,2.0515,96.49027,234.0,30.13
2023-11-30 04:00:00,101.63,0.0,8605.5,53700.0,59035.0,1.6015,97.173134,312.0,21.82
2023-11-30 05:00:00,106.3,0.0,9067.25,55250.0,60190.0,1.4514999,97.87054,379.0,34.98
2023-11-30 06:00:00,129.41,0.0,10065.5,59750.0,63516.0,2.0515,97.18336,415.0,83.31
2023-11-30 07:00:00,168.09,0.0,11012.5,66150.0,67453.0,1.8015001,97.876564,452.0,115.18
2023-11-30 08:00:00,219.27,29.0,11410.5,68850.0,68850.0,1.4015,98.57528,526.0,130.48
2023-11-30 09:00:00,237.05,297.0,11649.25,68850.0,69309.0,1.7014999,98.226234,597.0,127.54
2023-11-30 10:00:00,222.32,647.0,11639.25,68300.0,69752.0,2.1015,96.4917,552.0,108.85
2023-11-30 11:00:00,223.14,941.0,11722.5,67750.0,69456.0,2.9015,95.15015,508.0,83.06
2023-11-30 12:00:00,195.1,1146.0,11539.0,67650.0,69621.0,3.6015,90.23906,486.0,69.6
2023-11-30 13:00:00,189.72,1141.0,11389.25,65450.0,69239.0,4.3015,85.605286,474.0,78.58
2023-11-30 14:00:00,195.0,962.0,11347.75,65050.0,69272.0,2.9015,90.83442,486.0,84.07
2023-11-30 15:00:00,195.0,499.0,11339.75,64850.0,69384.0,2.8515,90.1823,534.0,87.79
2023-11-30 16:00:00,226.0,58.0,11416.0,64200.0,69250.0,2.6015,89.83993,607.0,95.39
2023-11-30 17:00:00,260.97,0.0,11917.0,66200.0,70188.0,1.9015,93.417496,626.0,132.53
2023-11-30 18:00:00,249.34,0.0,11916.5,70100.0,70628.0,1.3515,97.16743,575.0,153.31
2023-11-30 19:00:00,196.93,0.0,11443.5,71900.0,70342.0,0.9515,96.45911,512.0,150.49
2023-11-30 20:00:00,153.9,0.0,10906.0,68350.0,67148.0,0.6515,97.50345,445.0,128.0
2023-11-30 21:00:00,132.69,0.0,10439.75,64100.0,64557.0,0.4015,97.85233,370.0,113.21
2023-11-30 22:00:00,124.61,0.0,10252.75,62000.0,63375.0,0.2015,97.84883,309.0,98.18
2023-11-30 23:00:00,113.66,0.0,9881.25,62900.0,62102.0,0.1515,95.3892,241.0,37.06
2023-12-01 00:00:00,106.91,0.0,9329.666666666666,59925.0,60095.0,0.1015,92.64351,199.0,29.61
2023-12-01 01:00:00,102.63,0.0,9009.5,56950.0,58088.0,-0.09850001,92.63183,157.0,10.06
2023-12-01 02:00:00,99.1,0.0,8704.0,56600.0,57199.0,0.2015,95.04446,173.0,12.47
2023-12-01 03:00:00,95.88,0.0,8610.25,54200.0,56978.0,0.1515,93.32548,184.0,1.06
2023-12-01 04:00:00,96.07,0.0,8717.5,52900.0,56992.0,-0.09850001,93.31219,194.0,1.99
2023-12-01 05:00:00,102.26,0.0,9162.0,54500.0,57799.0,-0.1985,92.28719,206.0,31.74
2023-12-01 06:00:00,119.96,0.0,10158.5,58750.0,62081.0,-0.3485,90.93233,219.0,71.3
2023-12-01 07:00:00,152.04,0.0,11088.0,64850.0,66199.0,-0.7485,90.56899,248.0,95.47
2023-12-01 08:00:00,203.2,23.0,11472.5,67500.0,67552.0,-1.2485001,90.8677,290.0,117.73
2023-12-01 09:00:00,222.11,244.0,11806.0,68250.0,67692.0,-1.3985,91.1943,319.0,118.01
2023-12-01 10:00:00,214.65,558.0,11793.25,68300.0,68085.0,-1.0985,91.21519,320.0,102.12
2023-12-01 11:00:00,212.75,828.0,11737.0,67850.0,68395.0,-0.5985,89.25374,305.0,96.28
2023-12-01 12:00:00,196.39,974.0,11479.25,67750.0,68028.0,0.1515,85.14643,301.0,77.86
2023-12-01 13:00:00,173.37,941.0,11383.75,66000.0,68012.0,0.7515,82.13753,322.0,75.72
2023-12-01 14:00:00,173.93,765.0,11283.25,65750.0,67921.0,0.7515,76.27859,337.0,83.81
2023-12-01 15:00:00,181.79,374.0,11240.75,65450.0,67319.0,0.8015,74.882095,335.0,85.67
2023-12-01 16:00:00,199.95,42.0,11322.75,64350.0,67455.0,0.60150003,75.12571,333.0,101.27
2023-12-01 17:00:00,229.97,0.0,11843.5,66650.0,68255.0,0.1015,79.35491,338.0,116.01
2023-12-01 18:00:00,198.92,0.0,11718.75,70100.0,69077.0,0.0014999956,81.73344,332.0,119.28
2023-12-01 19:00:00,168.4,0.0,11268.25,70900.0,68512.0,-0.2985,82.302025,298.0,111.98
2023-12-01 20:00:00,142.27,0.0,10714.25,68100.0,65837.0,-0.5985,82.262115,251.0,103.7
2023-12-01 21:00:00,125.07,0.0,10316.0,64500.0,63339.0,-0.9485,80.99497,206.0,86.21
2023-12-01 22:00:00,118.2,0.0,10224.75,63250.0,61814.0,-1.1485,80.96657,173.0,84.82
2023-12-01 23:00:00,108.1,0.0,9885.5,64600.0,61581.0,-1.4985001,81.22141,142.0,78.9
2023-12-02 00:00:00,105.52,0.0,9401.0,60450.0,61181.0,-1.8485,81.78596,160.0,78.07
2023-12-02 01:00:00,103.12,0.0,9043.5,57600.0,60313.0,-2.8485,89.06233,133.0,74.03
2023-12-02 02:00:00,102.41,0.0,8696.75,57050.0,60068.0,-4.2485,90.99214,118.0,72.07
2023-12-02 03:00:00,100.19,0.0,8468.0,54450.0,59637.0,-4.4985,92.01749,109.0,71.61
2023-12-02 04:00:00,98.78,0.0,8384.25,52850.0,59138.0,-4.7985,93.05466,101.0,69.99
2023-12-02 05:00:00,98.17,0.0,8526.0,53000.0,59188.0,-5.2985,94.097885,101.0,74.19
2023-12-02 06:00:00,99.26,0.0,8924.5,55150.0,59678.0,-5.3485003,94.81616,108.0,79.81
2023-12-02 07:00:00,105.77,0.0,9336.0,58200.0,60518.0,-5.2485,95.18232,119.0,87.08
2023-12-02 08:00:00,120.34,63.0,9839.75,60800.0,63666.0,-5.2485,94.82041,132.0,94.29
2023-12-02 09:00:00,127.99,754.0,10303.0,63500.0,65385.0,-4.3985,94.49809,129.0,91.93
2023-12-02 10:00:00,130.75,1466.0,10526.25,65050.0,66837.0,-2.7485,89.406204,117.0,89.17
2023-12-02 11:00:00,126.92,1932.0,10668.5,65250.0,67746.0,-1.1485,83.11589,107.0,87.06
2023-12-02 12:00:00,121.06,2159.0,10623.75,66100.0,67573.0,0.1515,77.32122,101.0,84.87
2023-12-02 13:00:00,114.58,2042.0,10432.0,63650.0,66813.0,1.0015,74.36299,100.0,83.12
2023-12-02 14:00:00,118.52,1653.0,10201.5,62100.0,65914.0,0.5015,75.67002,104.0,90.09
2023-12-02 15:00:00,123.5,899.0,10242.75,61400.0,65216.0,0.7015,77.69932,123.0,95.91
2023-12-02 16:00:00,129.79,104.0,10412.75,60550.0,64882.0,-0.0485,84.496956,173.0,114.98
2023-12-02 17:00:00,144.15,0.0,10847.25,62750.0,65310.0,-1.6485,89.497574,246.0,124.1
2023-12-02 18:00:00,145.01,0.0,10950.5,66200.0,66371.0,-1.6984999,89.82721,322.0,131.65
2023-12-02 19:00:00,129.68,0.0,10529.25,67950.0,66095.0,-0.8985,90.22387,389.0,127.62
2023-12-02 20:00:00,122.68,0.0,9970.0,65850.0,64577.0,0.3515,87.069,456.0,129.16
2023-12-02 21:00:00,117.13,0.0,9581.5,63700.0,62801.0,1.1015,86.50921,535.0,118.81
2023-12-02 22:00:00,112.46,0.0,9409.75,63000.0,62525.0,1.2514999,87.79557,628.0,118.33
2023-12-02 23:00:00,108.81,0.0,9253.5,65300.0,62529.0,0.4515,93.00209,706.0,113.51
2023-12-03 00:00:00,109.2,0.0,9069.5,63650.0,60699.0,-0.6485,93.62607,742.0,112.39
2023-12-03 01:00:00,104.05,0.0,8655.0,61950.0,61404.0,-1.2985001,92.561134,870.0,106.11
2023-12-03 02:00:00,101.4,0.0,8342.5,61800.0,58649.0,-1.4484999,91.869286,1014.0,103.11
2023-12-03 03:00:00,100.0,0.0,8191.0,59250.0,57633.0,-1.6485,91.85634,1200.0,100.52
2023-12-03 04:00:00,95.8,0.0,8186.25,57650.0,57413.0,-1.5985,92.200874,1443.0,97.53
2023-12-03 05:00:00,92.29,0.0,8203.0,57500.0,57310.0,-1.4985001,92.2071,1739.0,98.15
2023-12-03 06:00:00,89.18,0.0,8450.25,58650.0,57434.0,-1.3985,90.856865,2063.0,101.28
2023-12-03 07:00:00,92.57,0.0,8789.75,60500.0,58082.0,-1.4484999,87.86474,2370.0,111.32
2023-12-03 08:00:00,97.02,25.0,9229.25,62050.0,60169.0,-1.4985001,84.64097,2672.0,113.54
2023-12-03 09:00:00,100.15,279.0,9727.25,63750.0,63206.0,-0.8985,78.610176,2921.0,117.94
2023-12-03 10:00:00,104.96,605.0,10056.0,65300.0,64964.0,0.0014999956,75.86578,3115.0,116.25
2023-12-03 11:00:00,105.07,685.0,10206.5,66200.0,65823.0,0.4515,76.51169,3241.0,114.81
2023-12-03 12:00:00,102.91,566.0,10267.0,66550.0,66591.0,0.5015,77.37878,3315.0,113.85
2023-12-03 13:00:00,100.0,378.0,10055.0,64100.0,65991.0,0.4515,78.238,3429.0,110.22
2023-12-03 14:00:00,105.68,215.0,9861.5,61650.0,64739.0,1.1015,79.79974,3520.0,115.1
2023-12-03 15:00:00,115.0,90.0,9830.5,60700.0,64708.0,1.3515,74.70301,3538.0,123.26
2023-12-03 16:00:00,122.2,9.0,10060.5,60250.0,65022.0,1.4514999,75.83511,3560.0,134.15
2023-12-03 17:00:00,127.9,0.0,10560.25,62600.0,66309.0,1.2514999,80.41169,3579.0,144.56
2023-12-03 18:00:00,129.05,0.0,10781.75,66250.0,68115.0,1.5014999,79.274086,3604.0,156.68
2023-12-03 19:00:00,126.07,0.0,10530.25,68400.0,68133.0,2.2015,73.21838,3637.0,145.94
2023-12-03 20:00:00,112.33,0.0,10118.0,66200.0,66962.0,2.2515,71.09541,3658.0,135.91
2023-12-03 21:00:00,100.0,0.0,9765.25,63750.0,63812.0,2.6515,67.58346,3642.0,122.41
2023-12-03 22:00:00,99.09,0.0,9554.0,62200.0,63167.0,3.2015,63.333714,3574.0,118.99
2023-12-03 23:00:00,89.0,0.0,9304.25,63400.0,62740.0,3.2015,60.788563,3457.0,102.53
2023-12-04 00:00:00,93.86,0.0,8927.0,62800.0,59804.0,2.7515,60.222443,3298.0,99.41
2023-12-04 01:00:00,89.81,0.0,8537.5,60250.0,60070.0,2.7515,58.217762,3200.0,94.24
2023-12-04 02:00:00,88.02,0.0,8298.75,60150.0,60512.0,2.7015,55.41325,3161.0,89.9
2023-12-04 03:00:00,85.38,0.0,8202.75,57600.0,60488.0,2.8014998,53.172688,3204.0,88.82
2023-12-04 04:00:00,85.83,0.0,8310.25,56300.0,60516.0,3.0015,51.4358,3254.0,87.91
2023-12-04 05:00:00,91.96,0.0,8733.25,58250.0,61359.0,3.2515,50.727848,3262.0,94.09
2023-12-04 06:00:00,103.38,0.0,9815.0,63000.0,65422.0,3.3014998,52.111607,3305.0,122.01
2023-12-04 07:00:00,115.28,0.0,10871.5,68850.0,67706.0,3.5015,47.973087,3427.0,132.94
2023-12-04 08:00:00,122.58,6.0,11504.0,71550.0,69723.0,3.2015,48.9994,3563.0,144.99
2023-12-04 09:00:00,126.27,61.0,11788.75,71900.0,70976.0,3.0514998,53.040333,3638.0,139.41
2023-12-04 10:00:00,128.02,138.0,11843.0,72000.0,72259.0,2.9015,62.557903,3614.0,138.0
2023-12-04 11:00:00,130.7,212.0,11888.75,71850.0,73201.0,2.6515,75.76351,3470.0,136.94
2023-12-04 12:00:00,126.45,251.0,11785.0,71350.0,74164.0,3.1015,82.7454,3199.0,133.97
2023-12-04 13:00:00,124.63,226.0,11692.5,69600.0,73493.0,4.0515,83.46238,2804.0,132.67
2023-12-04 14:00:00,127.27,155.0,11645.0,69000.0,73218.0,4.6015,85.942604,2405.0,130.0
2023-12-04 15:00:00,125.27,71.0,11632.25,68350.0,72252.0,4.7515,87.49603,2105.0,121.63
2023-12-04 16:00:00,123.94,8.0,11809.5,67250.0,71124.0,4.6514997,89.04959,1880.0,117.7
2023-12-04 17:00:00,130.0,0.0,12243.0,68800.0,72166.0,4.8515,90.97174,1710.0,125.99
2023-12-04 18:00:00,127.14,0.0,12171.75,71500.0,72923.0,5.3515,90.36967,1560.0,130.11
2023-12-04 19:00:00,122.37,0.0,11696.25,72900.0,73008.0,5.8015,89.772064,1395.0,131.4
2023-12-04 20:00:00,114.62,0.0,11135.25,68850.0,71765.0,6.1514997,89.48622,1239.0,126.0
2023-12-04 21:00:00,105.55,0.0,10546.25,64350.0,70650.0,6.5515,88.58719,1078.0,106.06
2023-12-04 22:00:00,100.0,0.0,10332.25,62100.0,68988.0,5.9515,91.68578,950.0,102.49
2023-12-04 23:00:00,91.76,0.0,10018.25,62800.0,68010.0,6.0515,92.012405,892.0,85.14
2023-12-05 00:00:00,90.85,0.0,9873.0,60350.0,64017.0,6.6015,91.09241,1411.0,77.74
2023-12-05 01:00:00,88.01,0.0,9385.25,57750.0,63024.0,6.6015,93.33167,1246.0,70.49
2023-12-05 02:00:00,85.73,0.0,9063.25,57900.0,62259.0,5.4515,94.25478,1179.0,67.47
2023-12-05 03:00:00,83.62,0.0,8863.0,55550.0,62022.0,5.1514997,96.23936,1183.0,64.49
2023-12-05 04:00:00,84.71,0.0,8879.25,54150.0,61951.0,5.8515,93.945045,1202.0,68.29
2023-12-05 05:00:00,91.02,0.0,9297.25,55800.0,63506.0,5.6514997,95.586624,1211.0,80.11
2023-12-05 06:00:00,107.97,0.0,10372.75,60450.0,68011.0,5.2515,97.254555,1222.0,97.62
2023-12-05 07:00:00,113.96,0.0,11416.75,66850.0,69302.0,5.0515,97.59021,1256.0,118.38
2023-12-05 08:00:00,122.58,5.0,11875.75,69900.0,70550.0,4.8015,98.613846,1280.0,127.87
2023-12-05 09:00:00,122.88,57.0,12271.75,70150.0,71198.0,4.5515,97.58058,1235.0,138.37
2023-12-05 10:00:00,120.55,132.0,12182.25,70000.0,72338.0,4.5015,96.21994,1155.0,139.25
2023-12-05 11:00:00,119.3,205.0,12164.0,69750.0,72953.0,4.0515,97.22819,1103.0,138.51
2023-12-05 12:00:00,116.75,250.0,11916.0,69350.0,73004.0,4.0015,96.88528,1097.0,135.62
2023-12-05 13:00:00,116.83,238.0,11851.5,67150.0,72345.0,4.0515,95.530525,1131.0,137.73
2023-12-05 14:00:00,119.95,171.0,11662.0,66500.0,71331.0,3.1015,94.14767,1171.0,143.98
2023-12-05 15:00:00,122.09,78.0,11684.75,66050.0,70162.0,3.3515,93.16044,1195.0,150.0
2023-12-05 16:00:00,128.87,9.0,11790.0,65450.0,69218.0,3.5015,95.84984,1228.0,164.01
2023-12-05 17:00:00,146.31,0.0,12296.25,67700.0,71040.0,3.7015,96.19583,1295.0,189.98
2023-12-05 18:00:00,147.47,0.0,12344.75,70950.0,71493.0,3.9015,95.18844,1412.0,177.0
2023-12-05 19:00:00,141.56,0.0,11936.0,72400.0,71482.0,4.0015,95.192245,1582.0,161.68
2023-12-05 20:00:00,128.63,0.0,11313.25,69300.0,69746.0,4.0515,94.85883,1714.0,140.69
2023-12-05 21:00:00,117.83,0.0,10646.0,65300.0,67315.0,4.1015,94.52671,1774.0,130.28
2023-12-05 22:00:00,111.55,0.0,10353.75,63400.0,66071.0,4.1515,94.19589,1763.0,119.44
2023-12-05 23:00:00,103.28,0.0,10026.5,64750.0,65909.0,4.1515,94.19589,1764.0,109.32
2023-12-06 00:00:00,94.97,0.0,9490.5,61300.0,63680.0,3.9015,95.18844,1686.0,98.42
2023-12-06 01:00:00,93.1,0.0,9032.5,58750.0,63559.0,3.5514998,95.51276,1544.0,95.03
2023-12-06 02:00:00,92.57,0.0,8749.75,58550.0,63644.0,3.7515,94.846634,1393.0,92.1
2023-12-06 03:00:00,90.96,0.0,8546.5,56650.0,62930.0,4.3015,93.871185,1291.0,86.29
2023-12-06 04:00:00,90.59,0.0,8637.5,55350.0,62602.0,3.8014998,95.52165,1224.0,85.0
2023-12-06 05:00:00,93.89,0.0,9091.0,57150.0,63708.0,3.2015,95.50027,1144.0,95.7
2023-12-06 06:00:00,106.84,0.0,10068.5,61600.0,66040.0,2.5514998,96.16078,1040.0,104.16
2023-12-06 07:00:00,133.5,0.0,11117.5,67550.0,68546.0,2.5015,95.81664,914.0,132.95
2023-12-06 08:00:00,167.0,20.0,11654.5,70800.0,69171.0,2.5015,94.79534,814.0,149.69
2023-12-06 09:00:00,166.54,434.0,11932.25,71050.0,70155.0,2.3515,94.45046,730.0,145.45
2023-12-06 10:00:00,150.0,1008.0,11870.25,70800.0,70799.0,3.5514998,92.51154,643.0,133.87
2023-12-06 11:00:00,146.29,1445.0,11838.75,70450.0,71411.0,4.8015,92.9104,556.0,129.98
2023-12-06 12:00:00,133.01,1697.0,11657.75,69950.0,71461.0,5.8515,90.72326,472.0,128.26
2023-12-06 13:00:00,126.73,1753.0,11562.75,66850.0,71023.0,6.5515,86.75092,418.0,132.45
2023-12-06 14:00:00,135.67,1497.0,11414.25,66350.0,70892.0,5.7015,84.853134,368.0,146.75
2023-12-06 15:00:00,143.99,823.0,11422.0,65700.0,69215.0,5.7515,83.96517,322.0,168.0
2023-12-06 16:00:00,164.0,82.0,11569.25,64550.0,68053.0,4.9014997,86.892944,302.0,200.0
2023-12-06 17:00:00,178.07,0.0,12053.5,66750.0,69135.0,3.7015,91.865555,289.0,250.0
2023-12-06 18:00:00,165.28,0.0,12064.5,70200.0,70094.0,2.8014998,94.47022,277.0,250.0
2023-12-06 19:00:00,149.93,0.0,11670.0,71800.0,70759.0,1.7014999,96.13455,267.0,200.0
2023-12-06 20:00:00,129.91,0.0,11092.75,68550.0,69833.0,1.0015,97.15941,255.0,161.0
2023-12-06 21:00:00,115.68,0.0,10548.0,65200.0,67522.0,1.1515,97.16285,259.0,139.01
2023-12-06 22:00:00,107.33,0.0,10296.5,64150.0,67375.0,0.9515,97.50952,263.0,128.5
2023-12-06 23:00:00,100.44,0.0,9949.75,64750.0,66742.0,0.6515,97.50345,271.0,114.27
2023-12-07 00:00:00,99.2,0.0,9566.0,63200.0,64146.0,0.1015,97.84707,323.0,104.79
2023-12-07 01:00:00,97.85,0.0,9107.75,60600.0,63839.0,0.5015,97.147896,426.0,104.52
2023-12-07 02:00:00,96.86,0.0,8843.25,60600.0,63559.0,0.2515,96.79001,555.0,102.2
2023-12-07 03:00:00,91.81,0.0,8674.0,58500.0,63167.0,0.7015,95.755905,666.0,100.0
2023-12-07 04:00:00,89.92,0.0,8718.25,57400.0,63265.0,0.9515,95.41873,791.0,101.63
2023-12-07 05:00:00,94.53,0.0,9122.0,59250.0,64820.0,0.7515,95.7576,950.0,106.3
2023-12-07 06:00:00,107.27,0.0,10144.75,63950.0,68587.0,1.0015,96.8094,1146.0,129.41
2023-12-07 07:00:00,129.67,0.0,11108.25,70500.0,71757.0,1.3515,95.77799,1395.0,168.09
2023-12-07 08:00:00,150.0,24.0,11578.25,72950.0,72815.0,1.8015001,94.42617,1669.0,219.27
2023-12-07 09:00:00,137.7,412.0,11846.25,72700.0,73441.0,2.2515,93.101006,1898.0,237.05
2023-12-07 10:00:00,121.99,990.0,11856.25,72050.0,73764.0,3.0514998,90.845085,2029.0,222.32
2023-12-07 11:00:00,110.0,1516.0,11895.75,71150.0,73014.0,4.1015,86.196625,2115.0,223.14
2023-12-07 12:00:00,103.04,1801.0,11627.5,70600.0,71637.0,5.0015,85.07527,2183.0,195.1
2023-12-07 13:00:00,99.66,1691.0,11524.0,67550.0,70387.0,5.5515,83.941444,2305.0,189.72
2023-12-07 14:00:00,98.96,1193.0,11433.75,67200.0,69640.0,5.2515,80.40266,2544.0,195.0
2023-12-07 15:00:00,102.0,571.0,11369.25,67000.0,68928.0,5.2015,78.41183,2803.0,195.0
2023-12-07 16:00:00,104.34,43.0,11542.75,66100.0,69762.0,4.6514997,76.37973,3027.0,226.0
2023-12-07 17:00:00,116.49,0.0,11920.25,68200.0,71777.0,4.4014997,73.09535,3227.0,260.97
2023-12-07 18:00:00,120.71,0.0,11949.75,71100.0,73153.0,4.2015,69.679886,3365.0,249.34
2023-12-07 19:00:00,103.63,0.0,11451.0,72200.0,71653.0,4.7015,62.298145,3450.0,196.93
2023-12-07 20:00:00,99.88,0.0,10915.0,68750.0,69622.0,5.1015,57.532146,3465.0,153.9
2023-12-07 21:00:00,96.4,0.0,10416.5,65100.0,68298.0,5.1514997,58.403194,3401.0,132.69
2023-12-07 22:00:00,96.33,0.0,10216.0,63100.0,67228.0,5.3515,57.384605,3318.0,124.61
2023-12-07 23:00:00,87.08,0.0,9904.25,63300.0,66197.0,5.5015,55.95577,3252.0,113.66
2023-12-08 00:00:00,87.09,0.0,9454.25,61450.0,63351.0,5.2015,60.610558,2809.0,106.91
2023-12-08 01:00:00,83.26,0.0,9099.0,58850.0,62216.0,4.1015,81.3998,2592.0,102.63
2023-12-08 02:00:00,81.43,0.0,8805.25,58300.0,61087.0,3.5015,86.13399,2349.0,99.1
2023-12-08 03:00:00,79.52,0.0,8636.5,55350.0,60350.0,3.8014998,88.66163,2135.0,95.88
2023-12-08 04:00:00,80.0,0.0,8714.0,54000.0,60185.0,4.1015,90.59745,1898.0,96.07
2023-12-08 05:00:00,87.04,0.0,9107.25,54950.0,62273.0,4.5015,90.94731,1615.0,102.26
2023-12-08 06:00:00,100.26,0.0,10080.75,59050.0,66016.0,4.6514997,92.90211,1372.0,119.96
2023-12-08 07:00:00,107.84,0.0,11073.75,64800.0,68489.0,4.4515,94.54177,1228.0,152.04
2023-12-08 08:00:00,113.0,8.0,11570.75,67100.0,69631.0,4.5015,95.211205,1182.0,203.2
2023-12-08 09:00:00,118.7,147.0,11829.0,67550.0,70308.0,5.2515,95.23943,1214.0,222.11
2023-12-08 10:00:00,118.83,399.0,11805.5,67500.0,71000.0,6.2515,94.29059,1259.0,214.65
2023-12-08 11:00:00,118.15,698.0,11766.75,67650.0,71247.0,7.3015,93.36771,1296.0,212.75
2023-12-08 12:00:00,116.84,863.0,11520.0,67200.0,70884.0,8.1515,92.14034,1351.0,196.39
2023-12-08 13:00:00,112.0,850.0,11453.0,65050.0,70759.0,8.5015,92.47681,1412.0,173.37
2023-12-08 14:00:00,113.11,687.0,11309.75,64450.0,70103.0,7.7015,94.03151,1460.0,173.93
2023-12-08 15:00:00,106.25,325.0,11147.5,63950.0,68635.0,8.0515,94.04767,1550.0,181.79
2023-12-08 16:00:00,107.08,31.0,11250.75,62400.0,68235.0,8.0015,95.0155,1647.0,199.95
2023-12-08 17:00:00,116.2,0.0,11638.5,64050.0,69751.0,7.9515,95.33903,1730.0,229.97
2023-12-08 18:00:00,118.6,0.0,11490.25,66850.0,71234.0,7.9515,95.013565,1885.0,198.92
2023-12-08 19:00:00,105.86,0.0,11040.75,67450.0,70516.0,7.7515,95.33175,2048.0,168.4
2023-12-08 20:00:00,104.74,0.0,10507.25,64700.0,69579.0,8.1015005,94.37214,2188.0,142.27
2023-12-08 21:00:00,101.12,0.0,10077.0,61500.0,68240.0,8.2015,92.45947,2332.0,125.07
2023-12-08 22:00:00,100.0,0.0,9984.25,60550.0,67990.0,8.1515,92.773796,2460.0,118.2
2023-12-08 23:00:00,90.58,0.0,9747.25,61700.0,67472.0,8.3515,92.15237,2560.0,108.1
2023-12-09 00:00:00,95.0,0.0,9309.0,57850.0,61380.0,7.7515,94.03382,2960.0,105.52
2023-12-09 01:00:00,85.1,0.0,8885.25,55000.0,59618.0,6.9014997,94.31944,2965.0,103.12
2023-12-09 02:00:00,79.49,0.0,8435.0,54400.0,59003.0,6.7015,93.33684,3018.0,102.41
2023-12-09 03:00:00,73.07,0.0,8241.0,51550.0,57995.0,6.4014997,93.32131,3066.0,100.19
2023-12-09 04:00:00,65.38,0.0,8167.0,49450.0,57649.0,6.1015,93.30574,3121.0,98.78
2023-12-09 05:00:00,69.72,0.0,8208.25,49400.0,58064.0,6.0015,93.625824,3211.0,98.17
2023-12-09 06:00:00,76.04,0.0,8581.5,50700.0,58828.0,6.0015,93.625824,3287.0,99.26
2023-12-09 07:00:00,82.54,0.0,8981.0,53200.0,60120.0,6.1015,94.283905,3383.0,105.77
2023-12-09 08:00:00,85.29,4.0,9553.5,55500.0,61488.0,6.4014997,93.97096,3550.0,120.34
2023-12-09 09:00:00,91.94,52.0,9999.25,57850.0,63728.0,6.8015,92.698265,3751.0,127.99
2023-12-09 10:00:00,88.47,121.0,10282.25,59050.0,64333.0,7.2015,92.08284,3933.0,130.75
2023-12-09 11:00:00,85.94,135.0,10462.25,59300.0,65188.0,7.6514997,90.53745,4113.0,126.92
2023-12-09 12:00:00,81.68,130.0,10412.75,59750.0,64992.0,7.8515,89.31259,4252.0,121.06
2023-12-09 13:00:00,84.11,116.0,10228.5,57550.0,63165.0,7.8015,88.0839,4304.0,114.58
2023-12-09 14:00:00,86.38,86.0,10013.75,55850.0,61974.0,8.2015,88.4235,4288.0,118.52
2023-12-09 15:00:00,71.5,40.0,10056.5,55200.0,61852.0,8.7015,89.3809,4231.0,123.5
2023-12-09 16:00:00,73.15,5.0,10225.0,54100.0,61984.0,9.4515,90.66578,4190.0,129.79
2023-12-09 17:00:00,81.74,0.0,10689.5,55500.0,63194.0,10.4515,92.27701,4213.0,144.15
2023-12-09 18:00:00,80.98,0.0,10712.75,57900.0,63824.0,11.1015,93.87163,4268.0,145.01
2023-12-09 19:00:00,75.2,0.0,10303.5,58750.0,63912.0,11.6515,89.31375,4293.0,129.68
2023-12-09 20:00:00,66.69,0.0,9724.75,56700.0,62870.0,10.2515,85.35311,4268.0,122.68
2023-12-09 21:00:00,62.16,0.0,9311.0,54400.0,62014.0,9.1515,82.63797,4232.0,117.13
2023-12-09 22:00:00,57.48,0.0,9109.0,53600.0,61091.0,8.7515,80.05477,4241.0,112.46
2023-12-09 23:00:00,46.18,0.0,8991.25,55800.0,59509.0,9.1015,75.780014,4264.0,108.81
2023-12-10 00:00:00,33.86,0.0,8515.25,53750.0,55865.0,9.0015,73.16494,4236.0,109.2
2023-12-10 01:00:00,21.71,0.0,8064.5,51550.0,53827.0,8.8515,70.36842,4231.0,104.05
2023-12-10 02:00:00,13.11,0.0,7693.0,50400.0,53424.0,8.4015,78.07844,4247.0,101.4
2023-12-10 03:00:00,6.73,0.0,7594.75,47750.0,51626.0,8.6015,73.86438,4276.0,100.0
2023-12-10 04:00:00,9.9,0.0,7500.75,46100.0,51428.0,8.9515,68.43409,4297.0,95.8
2023-12-10 05:00:00,17.94,0.0,7461.25,45800.0,52055.0,8.7515,68.634254,4294.0,92.29
2023-12-10 06:00:00,24.03,0.0,7728.25,47200.0,53511.0,8.8015,68.88718,4262.0,89.18
2023-12-10 07:00:00,41.84,0.0,8053.25,48750.0,55213.0,8.6515,71.07535,4187.0,92.57
2023-12-10 08:00:00,59.66,25.0,8504.25,50850.0,57421.0,8.3515,73.5607,4063.0,97.02
2023-12-10 09:00:00,65.73,681.0,9016.0,52750.0,59867.0,8.0515,79.39888,3865.0,100.15
2023-12-10 10:00:00,68.45,1484.0,9375.25,54550.0,61201.0,8.8015,80.618546,3591.0,104.96
2023-12-10 11:00:00,60.08,1625.0,9592.0,55800.0,61749.0,9.9015,78.85009,3320.0,105.07
2023-12-10 12:00:00,63.95,1331.0,9681.25,56700.0,61958.0,10.8515,77.122055,3154.0,102.91
2023-12-10 13:00:00,57.15,878.0,9580.75,54350.0,60269.0,10.7515,83.6861,3122.0,100.0
2023-12-10 14:00:00,66.87,417.0,9428.25,52300.0,59826.0,10.3015,79.18081,3240.0,105.68
2023-12-10 15:00:00,68.39,163.0,9466.75,51750.0,59284.0,9.4515,78.51105,3451.0,115.0
2023-12-10 16:00:00,62.33,15.0,9706.75,51000.0,59095.0,9.1515,78.1941,3649.0,122.2
2023-12-10 17:00:00,62.76,0.0,10196.0,53150.0,62000.0,9.3515,77.954544,3886.0,127.9
2023-12-10 18:00:00,69.1,0.0,10373.25,56350.0,63873.0,9.7515,83.85389,4113.0,129.05
2023-12-10 19:00:00,69.99,0.0,10145.0,57850.0,64462.0,10.4015,87.42071,4173.0,126.07
2023-12-10 20:00:00,64.83,0.0,9717.75,55450.0,64153.0,11.2515,87.79436,4065.0,112.33
2023-12-10 21:00:00,61.41,0.0,9275.75,52700.0,62456.0,11.2015,88.085686,3880.0,100.0
2023-12-10 22:00:00,60.16,0.0,9100.25,51500.0,61529.0,10.4515,88.61667,3659.0,99.09
2023-12-10 23:00:00,60.0,0.0,8882.25,52700.0,60312.0,9.9515,89.480194,3430.0,89.0
2023-12-11 00:00:00,34.72,0.0,8344.0,50200.0,57625.0,9.8015,90.99824,3751.0,93.86
2023-12-11 01:00:00,16.09,0.0,7913.75,48000.0,55911.0,9.7515,90.99483,3792.0,89.81
2023-12-11 02:00:00,13.36,0.0,7690.75,47600.0,54940.0,9.8515,89.169174,3865.0,88.02
2023-12-11 03:00:00,9.32,0.0,7582.5,45050.0,54478.0,9.7515,88.85862,3970.0,85.38
2023-12-11 04:00:00,12.42,0.0,7745.75,43650.0,54437.0,9.7015,87.058136,4066.0,85.83
2023-12-11 05:00:00,35.45,0.0,8264.75,45800.0,57028.0,9.5515,86.747185,4130.0,91.96
2023-12-11 06:00:00,74.56,0.0,9352.25,50650.0,61723.0,9.5515,87.938774,4173.0,103.38
2023-12-11 07:00:00,94.05,0.0,10470.25,56350.0,64608.0,9.7015,87.65332,4205.0,115.28
2023-12-11 08:00:00,99.68,7.0,11141.5,59200.0,65765.0,9.8015,86.18224,4229.0,122.58
2023-12-11 09:00:00,98.67,206.0,11413.0,59900.0,67351.0,9.7515,85.00852,4243.0,126.27
2023-12-11 10:00:00,93.47,541.0,11471.75,60400.0,68175.0,9.9515,83.87736,4223.0,128.02
2023-12-11 11:00:00,91.43,767.0,11591.0,60750.0,68229.0,10.3015,82.218414,4124.0,130.7
2023-12-11 12:00:00,84.48,913.0,11432.5,60600.0,68445.0,10.7515,80.611176,3892.0,126.45
2023-12-11 13:00:00,82.92,1015.0,11302.25,58950.0,68235.0,10.9015,79.2687,3506.0,124.63
2023-12-11 14:00:00,91.99,888.0,11210.0,58300.0,68245.0,10.6015,79.496315,2983.0,127.27
2023-12-11 15:00:00,97.65,439.0,11187.0,57850.0,68523.0,10.6015,78.95416,2467.0,125.27
2023-12-11 16:00:00,107.16,36.0,11350.5,56950.0,68461.0,10.2515,79.173454,2051.0,123.94
2023-12-11 17:00:00,118.9,0.0,11787.25,58300.0,70001.0,9.7015,79.63921,1742.0,130.0
2023-12-11 18:00:00,123.12,0.0,11721.25,61300.0,70688.0,8.6515,82.005714,1512.0,127.14
2023-12-11 19:00:00,121.69,0.0,11259.5,63050.0,70635.0,7.4014997,87.743355,1309.0,122.37
2023-12-11 20:00:00,114.21,0.0,10680.5,59600.0,69466.0,6.8015,91.10604,1109.0,114.62
2023-12-11 21:00:00,99.6,0.0,10079.75,55950.0,67335.0,6.6514997,93.01153,925.0,105.55
2023-12-11 22:00:00,96.55,0.0,9929.25,54550.0,66579.0,6.6514997,94.63507,775.0,100.0
2023-12-11 23:00:00,88.1,0.0,9633.0,54800.0,65265.0,6.4014997,95.943924,640.0,91.76
2023-12-12 00:00:00,88.07,0.0,9208.75,52100.0,61429.0,6.5015,96.94647,556.0,90.85
2023-12-12 01:00:00,87.06,0.0,8778.25,49500.0,61055.0,6.7515,96.28652,530.0,88.01
2023-12-12 02:00:00,85.62,0.0,8512.5,49250.0,60997.0,7.2515,94.986305,615.0,85.73
2023-12-12 03:00:00,84.42,0.0,8314.5,46750.0,60211.0,7.4515,94.66841,743.0,83.62
2023-12-12 04:00:00,81.48,0.0,8361.25,45350.0,58958.0,7.2515,94.01065,772.0,84.71
2023-12-12 05:00:00,81.94,0.0,8800.75,46800.0,60261.0,6.6514997,94.308365,822.0,91.02
2023-12-12 06:00:00,93.48,0.0,9787.25,51100.0,64176.0,6.6514997,94.63507,1004.0,107.97
2023-12-12 07:00:00,111.26,0.0,10820.25,57250.0,67042.0,7.6514997,92.74596,1148.0,113.96
2023-12-12 08:00:00,119.67,4.0,11372.25,59400.0,67932.0,7.6015,94.02689,1216.0,122.58
2023-12-12 09:00:00,115.1,93.0,11660.75,58950.0,68216.0,7.1514997,95.63829,1371.0,122.88
2023-12-12 10:00:00,101.94,244.0,11640.5,58900.0,68074.0,8.0515,97.97997,1535.0,120.55
2023-12-12 11:00:00,101.97,388.0,11708.75,58700.0,68011.0,9.0515,96.02714,1567.0,119.3
2023-12-12 12:00:00,100.04,464.0,11494.25,58800.0,66746.0,9.8515,94.44769,1724.0,116.75
2023-12-12 13:00:00,90.54,489.0,11498.75,55850.0,66334.0,10.4015,94.154465,2010.0,116.83
2023-12-12 14:00:00,96.16,430.0,11339.25,56100.0,66636.0,11.4015,90.801926,2152.0,119.95
2023-12-12 15:00:00,98.31,194.0,11228.75,55850.0,66267.0,11.2515,90.48783,2278.0,122.09
2023-12-12 16:00:00,94.64,18.0,11364.75,55450.0,66864.0,11.0515,87.48102,2490.0,128.87
2023-12-12 17:00:00,99.29,0.0,11798.25,57650.0,70112.0,9.8515,92.2417,2654.0,146.31
2023-12-12 18:00:00,105.4,0.0,11827.5,60800.0,71167.0,9.1015,94.73621,2731.0,147.47
2023-12-12 19:00:00,93.6,0.0,11376.75,62200.0,71369.0,9.2015,92.51699,2764.0,141.56
2023-12-12 20:00:00,90.31,0.0,10783.5,59150.0,68372.0,8.7515,93.44148,2749.0,128.63
2023-12-12 21:00:00,84.32,0.0,10190.5,55800.0,65328.0,8.5015,93.110535,2697.0,117.83
2023-12-12 22:00:00,77.68,0.0,9919.75,54350.0,64513.0,8.5015,92.161354,2593.0,111.55
2023-12-12 23:00:00,76.9,0.0,9620.25,55450.0,63940.0,8.0015,92.76546,2337.0,103.28
2023-12-13 00:00:00,75.51,0.0,9265.0,53000.0,61600.0,7.7515,92.75153,2150.0,94.97
2023-12-13 01:00:00,72.94,0.0,8786.75,50600.0,60577.0,7.8515,91.17714,1961.0,93.1
2023-12-13 02:00:00,73.74,0.0,8502.5,50450.0,59786.0,7.8515,91.80625,1641.0,92.57
2023-12-13 03:00:00,71.5,0.0,8324.75,47800.0,59029.0,7.5515,93.380516,1292.0,90.96
2023-12-13 04:00:00,73.08,0.0,8359.25,46450.0,58852.0,8.1515,92.14034,1067.0,90.59
2023-12-13 05:00:00,75.65,0.0,8782.25,47900.0,61119.0,8.0515,92.13431,896.0,93.89
2023-12-13 06:00:00,82.43,0.0,9733.0,52250.0,65567.0,7.7015,94.67876,748.0,106.84
2023-12-13 07:00:00,100.84,0.0,10760.25,57850.0,69058.0,7.9515,93.08132,619.0,133.5
2023-12-13 08:00:00,97.98,4.0,11259.0,61300.0,70873.0,7.9014997,92.759895,529.0,167.0
2023-12-13 09:00:00,102.35,113.0,11509.75,62400.0,71242.0,8.0515,91.50421,468.0,166.54
2023-12-13 10:00:00,99.42,300.0,11513.5,62450.0,71835.0,8.1515,91.1973,420.0,150.0
2023-12-13 11:00:00,99.88,432.0,11483.0,62200.0,72429.0,8.3515,88.74105,391.0,146.29
2023-12-13 12:00:00,97.6,439.0,11320.5,62350.0,72623.0,8.3015,88.73681,347.0,133.01
2023-12-13 13:00:00,95.23,411.0,11272.0,60550.0,71764.0,8.4515,88.445206,357.0,126.73
2023-12-13 14:00:00,101.18,299.0,11141.25,60300.0,71669.0,8.3515,92.468155,460.0,135.67
2023-12-13 15:00:00,99.64,132.0,11188.5,60150.0,71121.0,8.3015,90.273865,554.0,143.99
2023-12-13 16:00:00,97.95,13.0,11346.25,59450.0,70674.0,8.1515,93.73121,724.0,164.0
2023-12-13 17:00:00,109.88,0.0,11847.75,61650.0,71625.0,7.8515,95.00968,1036.0,178.07
2023-12-13 18:00:00,105.34,0.0,11830.5,64600.0,72704.0,7.7015,95.98507,1406.0,165.28
2023-12-13 19:00:00,101.97,0.0,11449.25,65750.0,72132.0,7.4515,96.30689,1533.0,149.93
2023-12-13 20:00:00,94.6,0.0,10843.75,61900.0,69725.0,7.0015,96.62565,1614.0,129.91
2023-12-13 21:00:00,90.88,0.0,10292.25,58450.0,68932.0,6.3015,96.94166,1691.0,115.68
2023-12-13 22:00:00,92.35,0.0,10043.75,56750.0,68739.0,5.6514997,97.94117,1811.0,107.33
2023-12-13 23:00:00,84.25,0.0,9731.75,58000.0,69088.0,5.6514997,97.6017,1868.0,100.44
2023-12-14 00:00:00,77.34,0.0,9250.25,55800.0,65204.0,5.3515,97.93623,1440.0,99.2
2023-12-14 01:00:00,75.69,0.0,8847.0,53500.0,64186.0,5.9014997,99.31089,1272.0,97.85
2023-12-14 02:00:00,74.25,0.0,8524.25,53600.0,63262.0,6.9515,98.637436,1160.0,96.86
2023-12-14 03:00:00,77.03,0.0,8328.0,51050.0,61718.0,6.8515,98.29801,985.0,91.81
2023-12-14 04:00:00,76.84,0.0,8403.75,49300.0,61021.0,6.7515,96.952484,770.0,89.92
2023-12-14 05:00:00,80.16,0.0,8831.0,51000.0,63017.0,6.5515,95.94871,702.0,94.53
2023-12-14 06:00:00,86.38,0.0,9888.0,55500.0,66986.0,6.1015,95.27112,719.0,107.27
2023-12-14 07:00:00,106.47,0.0,10824.0,61850.0,69835.0,5.5015,92.94892,720.0,129.67
2023-12-14 08:00:00,111.71,4.0,11352.75,65000.0,72706.0,5.3015,90.68399,661.0,150.0
2023-12-14 09:00:00,112.72,135.0,11517.5,65400.0,73243.0,5.0515,90.02986,548.0,137.7
2023-12-14 10:00:00,109.89,372.0,11516.5,65300.0,74001.0,5.0515,91.627815,542.0,121.99
2023-12-14 11:00:00,107.44,492.0,11593.25,64900.0,74152.0,5.5515,88.5004,560.0,110.0
2023-12-14 12:00:00,103.9,508.0,11349.25,64200.0,72493.0,6.2515,84.6171,518.0,103.04
2023-12-14 13:00:00,97.66,447.0,11251.0,62250.0,71146.0,6.7515,84.0831,505.0,99.66
2023-12-14 14:00:00,101.32,315.0,11167.5,61950.0,71232.0,6.2515,86.721115,487.0,98.96
2023-12-14 15:00:00,105.31,135.0,11191.75,61550.0,71299.0,6.2515,89.80711,475.0,102.0
2023-12-14 16:00:00,116.39,14.0,11426.5,60850.0,71082.0,6.4014997,90.76228,562.0,104.34
2023-12-14 17:00:00,124.74,0.0,11859.0,62850.0,72697.0,6.1514997,91.6986,751.0,116.49
2023-12-14 18:00:00,124.72,0.0,11842.5,65900.0,73111.0,5.8015,92.96533,898.0,120.71
2023-12-14 19:00:00,114.22,0.0,11370.5,67150.0,73077.0,5.8515,91.04098,843.0,103.63
2023-12-14 20:00:00,101.9,0.0,10783.75,63700.0,71934.0,5.7515,90.399155,696.0,99.88
2023-12-14 21:00:00,96.2,0.0,10205.0,60050.0,69666.0,5.8015,88.83321,632.0,96.4
2023-12-14 22:00:00,94.46,0.0,10005.75,58200.0,68986.0,6.1514997,87.01569,581.0,96.33
2023-12-14 23:00:00,85.57,0.0,9726.25,59500.0,68690.0,6.3015,87.030304,532.0,87.08
2023-12-15 00:00:00,86.09,0.0,9304.5,56800.0,64810.0,6.4515,87.655525,509.0,87.09
2023-12-15 01:00:00,82.89,0.0,8841.0,54350.0,62828.0,6.6015,87.97586,479.0,83.26
2023-12-15 02:00:00,80.06,0.0,8459.5,53850.0,62469.0,6.1514997,90.74458,433.0,81.43
2023-12-15 03:00:00,76.5,0.0,8352.0,51450.0,61742.0,6.2515,92.02471,410.0,79.52
2023-12-15 04:00:00,75.16,0.0,8419.5,49900.0,61304.0,6.5015,92.04008,421.0,80.0
2023-12-15 05:00:00,80.41,0.0,8840.5,51450.0,62402.0,6.4515,93.6481,395.0,87.04
2023-12-15 06:00:00,95.97,0.0,9917.0,55800.0,66842.0,6.4515,94.95489,343.0,100.26
2023-12-15 07:00:00,106.68,0.0,10909.5,61750.0,69707.0,5.7015,96.92709,304.0,107.84
2023-12-15 08:00:00,121.5,6.0,11396.0,64850.0,70388.0,4.9014997,97.92882,288.0,113.0
2023-12-15 09:00:00,117.51,308.0,11609.0,65450.0,71041.0,4.3015,98.26303,297.0,118.7
2023-12-15 10:00:00,109.97,816.0,11571.0,65550.0,71962.0,5.1015,97.251274,343.0,118.83
2023-12-15 11:00:00,102.78,1096.0,11520.5,65500.0,71934.0,6.5015,93.97565,385.0,118.15
2023-12-15 12:00:00,94.24,1126.0,11311.25,64750.0,71170.0,7.8015,91.48796,433.0,116.84
2023-12-15 13:00:00,88.41,970.0,11329.75,61950.0,69862.0,8.6015,90.29596,459.0,112.0
2023-12-15 14:00:00,87.2,698.0,11156.25,61250.0,69018.0,9.0515,75.7716,430.0,113.11
2023-12-15 15:00:00,89.19,321.0,11028.0,60200.0,68068.0,8.7515,78.40461,409.0,106.25
2023-12-15 16:00:00,98.54,29.0,11176.0,58700.0,68418.0,8.1515,80.24812,426.0,107.08
2023-12-15 17:00:00,104.48,0.0,11540.75,60750.0,69702.0,6.2015,88.55693,479.0,116.2
2023-12-15 18:00:00,101.97,0.0,11389.75,63200.0,70207.0,5.1015,90.669655,508.0,118.6
2023-12-15 19:00:00,93.44,0.0,10944.5,64150.0,69543.0,4.5515,91.595345,547.0,105.86
2023-12-15 20:00:00,93.36,0.0,10415.25,61450.0,68113.0,4.1515,92.21975,646.0,104.74
2023-12-15 21:00:00,88.36,0.0,9927.75,58600.0,65207.0,4.1015,92.543625,704.0,101.12
2023-12-15 22:00:00,86.77,0.0,9864.0,58050.0,64730.0,3.8515,91.875046,657.0,100.0
2023-12-15 23:00:00,76.71,0.0,9721.0,58850.0,64066.0,3.4015,91.51996,631.0,90.58
2023-12-16 00:00:00,67.2,0.0,9048.25,56300.0,59932.0,3.1515,91.50344,1067.0,95.0
2023-12-16 01:00:00,63.21,0.0,8626.75,54300.0,58744.0,3.1015,91.50014,1201.0,85.1
2023-12-16 02:00:00,60.37,0.0,8225.25,53600.0,58207.0,4.2015,87.13313,1345.0,79.49
2023-12-16 03:00:00,58.0,0.0,8144.0,51400.0,57351.0,4.2015,86.20702,1466.0,73.07
2023-12-16 04:00:00,54.1,0.0,8139.25,50150.0,57491.0,3.9515,87.41995,1539.0,65.38
2023-12-16 05:00:00,55.64,0.0,8062.75,50250.0,57574.0,4.0015,87.113625,1521.0,69.72
2023-12-16 06:00:00,59.34,0.0,8318.0,51950.0,58430.0,3.9515,88.359474,1555.0,76.04
2023-12-16 07:00:00,65.1,0.0,8812.0,54100.0,60299.0,3.8515,89.29972,1644.0,82.54
2023-12-16 08:00:00,79.89,4.0,9414.75,56300.0,61940.0,3.9015,89.94136,1689.0,85.29
2023-12-16 09:00:00,86.29,125.0,9927.25,58300.0,62951.0,4.0015,90.912254,1687.0,91.94
2023-12-16 10:00:00,82.76,326.0,10347.75,60750.0,63987.0,5.1514997,88.46541,1614.0,88.47
2023-12-16 11:00:00,76.39,443.0,10613.75,61300.0,65429.0,6.5015,86.74597,1568.0,85.94
2023-12-16 12:00:00,71.64,436.0,10598.5,62150.0,65814.0,8.0015,83.35667,1592.0,81.68
2023-12-16 13:00:00,70.68,366.0,10456.75,60050.0,65190.0,8.8015,83.74177,1647.0,84.11
2023-12-16 14:00:00,75.48,250.0,10218.5,58200.0,64297.0,8.5015,85.45788,1751.0,86.38
2023-12-16 15:00:00,80.42,108.0,10302.25,56800.0,63997.0,8.5015,86.942345,1899.0,71.5
2023-12-16 16:00:00,84.02,11.0,10400.0,55450.0,64643.0,8.6015,86.95206,2015.0,73.15
2023-12-16 17:00:00,95.82,0.0,10881.5,57250.0,66567.0,8.5015,86.942345,2013.0,81.74
2023-12-16 18:00:00,101.6,0.0,10754.25,60500.0,67804.0,8.5015,86.64363,2013.0,80.98
2023-12-16 19:00:00,93.95,0.0,10182.5,62300.0,67386.0,8.6015,86.35597,2167.0,75.2
2023-12-16 20:00:00,84.54,0.0,9728.25,60300.0,65821.0,8.6015,86.35597,2296.0,66.69
2023-12-16 21:00:00,73.85,0.0,9328.5,58400.0,63088.0,8.5515,86.9472,2281.0,62.16
2023-12-16 22:00:00,74.41,0.0,9093.0,58050.0,62427.0,8.6015,87.55177,2227.0,57.48
2023-12-16 23:00:00,62.67,0.0,9049.0,60700.0,62246.0,8.5515,89.06296,2198.0,46.18
2023-12-17 00:00:00,46.02,0.0,8702.75,57150.0,57265.0,8.5515,89.3689,2003.0,33.86
2023-12-17 01:00:00,44.2,0.0,8210.0,55400.0,55847.0,8.5515,89.3689,1921.0,21.71
2023-12-17 02:00:00,46.37,0.0,7895.75,55300.0,54575.0,7.8015,88.69436,1894.0,13.11
2023-12-17 03:00:00,28.72,0.0,7784.0,52950.0,52831.0,7.2515,91.13661,1839.0,6.73
2023-12-17 04:00:00,26.38,0.0,7735.75,51700.0,53082.0,6.9515,92.386665,1782.0,9.9
2023-12-17 05:00:00,29.9,0.0,7733.25,51550.0,53613.0,6.9515,92.06761,1902.0,17.94
2023-12-17 06:00:00,39.09,0.0,8019.0,53150.0,54383.0,6.9515,91.11625,2060.0,24.03
2023-12-17 07:00:00,46.36,0.0,8207.25,54650.0,55183.0,6.8015,91.10604,2206.0,41.84
2023-12-17 08:00:00,57.69,6.0,8653.75,56650.0,56157.0,6.8015,89.84973,2329.0,59.66
2023-12-17 09:00:00,59.17,433.0,9107.0,58550.0,57877.0,6.8515,88.92175,2417.0,65.73
2023-12-17 10:00:00,54.43,1194.0,9455.25,60350.0,59589.0,6.8515,89.54202,2532.0,68.45
2023-12-17 11:00:00,49.0,1793.0,9835.0,60600.0,60395.0,7.9515,83.640495,2571.0,60.08
2023-12-17 12:00:00,43.71,2062.0,10005.75,60700.0,60456.0,8.6515,81.439926,2523.0,63.95
2023-12-17 13:00:00,40.18,2022.0,9813.5,58250.0,60506.0,9.0515,79.27008,2438.0,57.15
2023-12-17 14:00:00,46.67,1672.0,9646.0,55450.0,59687.0,8.7015,74.92336,2323.0,66.87
2023-12-17 15:00:00,57.55,866.0,9699.25,54200.0,59760.0,8.5015,76.74394,2308.0,68.39
2023-12-17 16:00:00,65.36,72.0,9985.25,52650.0,61205.0,7.9515,75.58564,2479.0,62.33
2023-12-17 17:00:00,82.6,0.0,10399.75,55700.0,62968.0,6.9014997,77.57017,2665.0,62.76
2023-12-17 18:00:00,88.46,0.0,10506.0,59800.0,64312.0,6.1015,84.30283,2783.0,69.1
2023-12-17 19:00:00,86.87,0.0,10211.0,62600.0,65424.0,5.4014997,87.86638,2854.0,69.99
2023-12-17 20:00:00,77.08,0.0,9761.25,61200.0,64913.0,5.0015,89.39357,2839.0,64.83
2023-12-17 21:00:00,76.2,0.0,9417.25,59300.0,63272.0,4.5515,90.950806,2818.0,61.41
2023-12-17 22:00:00,79.44,0.0,9216.25,58800.0,63203.0,4.1515,91.89399,2779.0,60.16
2023-12-17 23:00:00,61.53,0.0,8974.25,60650.0,62094.0,3.9015,92.86041,2683.0,60.0
2023-12-18 00:00:00,61.09,0.0,8493.25,60600.0,61196.0,3.6515,93.50763,2843.0,34.72
2023-12-18 01:00:00,57.13,0.0,8170.75,58450.0,59626.0,3.4015,94.1615,2768.0,16.09
2023-12-18 02:00:00,57.98,0.0,7931.25,58300.0,58898.0,2.9015,95.489525,2640.0,13.36
2023-12-18 03:00:00,51.34,0.0,7866.75,56000.0,58503.0,2.9515,95.831635,2565.0,9.32
2023-12-18 04:00:00,54.51,0.0,8026.25,55250.0,58537.0,2.9515,97.20366,2562.0,12.42
2023-12-18 05:00:00,66.16,0.0,8517.25,56850.0,61447.0,2.8515,98.94228,2636.0,35.45
2023-12-18 06:00:00,84.31,0.0,9601.0,61050.0,66527.0,2.8014998,99.64618,2713.0,74.56
2023-12-18 07:00:00,103.72,0.0,10636.5,66750.0,71539.0,2.6015,99.29232,2741.0,94.05
2023-12-18 08:00:00,109.51,7.0,11279.25,69250.0,73657.0,2.6515,96.85148,2707.0,99.68
2023-12-18 09:00:00,105.67,254.0,11571.5,69800.0,74852.0,2.8014998,95.14629,2733.0,98.67
2023-12-18 10:00:00,89.03,696.0,11590.5,69600.0,74530.0,3.2015,93.484634,2817.0,93.47
2023-12-18 11:00:00,81.17,1094.0,11663.25,69100.0,73517.0,3.7015,91.53973,2850.0,91.43
2023-12-18 12:00:00,74.89,1266.0,11604.75,69250.0,72917.0,4.0515,90.593834,2854.0,84.48
2023-12-18 13:00:00,75.02,1171.0,11544.25,66700.0,72397.0,4.2515,89.64996,2881.0,82.92
2023-12-18 14:00:00,81.23,852.0,11353.25,64800.0,72224.0,3.6015,90.56105,2963.0,91.99
2023-12-18 15:00:00,85.91,391.0,11331.0,62900.0,72285.0,3.5514998,90.5574,3049.0,97.65
2023-12-18 16:00:00,95.49,30.0,11541.75,62000.0,72897.0,3.3014998,90.86285,3148.0,107.16
2023-12-18 17:00:00,104.43,0.0,11931.25,64200.0,73619.0,2.8515,91.15669,3274.0,118.9
2023-12-18 18:00:00,103.34,0.0,11876.75,67950.0,74283.0,3.4515,88.31491,3379.0,123.12
2023-12-18 19:00:00,96.48,0.0,11390.5,69850.0,74402.0,3.5015,88.0042,3455.0,121.69
2023-12-18 20:00:00,81.68,0.0,10799.75,66700.0,71563.0,3.7515,89.291504,3513.0,114.21
2023-12-18 21:00:00,79.97,0.0,10176.5,63150.0,66455.0,3.7515,89.610115,3524.0,99.6
2023-12-18 22:00:00,73.79,0.0,10049.5,61850.0,66260.0,4.2015,87.755424,3501.0,96.55
2023-12-18 23:00:00,68.67,0.0,9743.25,64250.0,66957.0,4.4515,86.54017,3505.0,88.1
2023-12-19 00:00:00,65.61,0.0,9171.75,62000.0,64748.0,4.7515,85.95842,3379.0,88.07
2023-12-19 01:00:00,62.65,0.0,8729.5,59800.0,64312.0,5.0015,85.98475,3414.0,87.06
2023-12-19 02:00:00,63.31,0.0,8430.25,60100.0,63912.0,4.4014997,84.705734,3454.0,85.62
2023-12-19 03:00:00,57.15,0.0,8280.25,58350.0,61880.0,4.6514997,84.73424,3504.0,84.42
2023-12-19 04:00:00,59.12,0.0,8365.25,57550.0,61562.0,4.9014997,85.366554,3608.0,81.48
2023-12-19 05:00:00,65.15,0.0,8836.5,59100.0,64121.0,5.1514997,86.91763,3717.0,81.94
2023-12-19 06:00:00,80.7,0.0,9772.0,63350.0,69556.0,5.4515,87.562065,3805.0,93.48
2023-12-19 07:00:00,94.14,0.0,10783.5,69500.0,73947.0,5.7015,88.203186,3886.0,111.26
2023-12-19 08:00:00,100.56,1.0,11371.75,71800.0,75175.0,6.0515,87.92586,3967.0,119.67
2023-12-19 09:00:00,94.32,41.0,11649.25,71600.0,75542.0,6.3515,87.340225,4028.0,115.1
2023-12-19 10:00:00,86.1,115.0,11692.75,71000.0,75817.0,6.6514997,86.76084,4056.0,101.94
2023-12-19 11:00:00,79.71,173.0,11739.5,70300.0,74756.0,7.2015,85.31746,4071.0,101.97
2023-12-19 12:00:00,76.5,215.0,11483.0,70150.0,74077.0,7.4014997,85.0428,4078.0,100.04
2023-12-19 13:00:00,76.02,180.0,11361.5,67750.0,73525.0,8.2015,83.960686,3991.0,90.54
2023-12-19 14:00:00,80.77,119.0,11293.25,66900.0,73127.0,6.7515,94.63925,3358.0,96.16
2023-12-19 15:00:00,85.09,55.0,11203.0,66100.0,72560.0,7.0515,94.326065,2355.0,98.31
2023-12-19 16:00:00,88.98,6.0,11245.5,64700.0,73475.0,7.6514997,93.70694,1858.0,94.64
2023-12-19 17:00:00,95.72,0.0,11697.5,66450.0,75006.0,8.1015005,93.72878,1796.0,99.29
2023-12-19 18:00:00,93.23,0.0,11692.0,69350.0,75275.0,8.3015,94.38084,2050.0,105.4
2023-12-19 19:00:00,91.55,0.0,11270.5,70550.0,75653.0,8.5015,96.01007,2115.0,93.6
2023-12-19 20:00:00,85.51,0.0,10787.75,67500.0,72858.0,8.5015,94.06834,2187.0,90.31
2023-12-19 21:00:00,79.9,0.0,10189.25,63950.0,68790.0,8.1015005,95.019394,2281.0,84.32
2023-12-19 22:00:00,76.12,0.0,10039.0,62450.0,67727.0,7.9014997,94.3634,2361.0,77.68
2023-12-19 23:00:00,59.86,0.0,9721.75,63700.0,65709.0,8.0015,94.36776,2511.0,76.9
2023-12-20 00:00:00,57.85,0.0,9072.25,61400.0,63156.0,7.8015,90.86053,2935.0,75.51
2023-12-20 01:00:00,50.48,0.0,8647.0,58550.0,61390.0,6.3015,92.027794,3094.0,72.94
2023-12-20 02:00:00,48.0,0.0,8368.25,58050.0,59154.0,5.3015,92.612946,3167.0,73.74
2023-12-20 03:00:00,39.98,0.0,8210.25,55100.0,57629.0,5.4515,92.297905,3213.0,71.5
2023-12-20 04:00:00,32.43,0.0,8332.25,53700.0,57353.0,6.0515,91.054726,3302.0,73.08
2023-12-20 05:00:00,40.84,0.0,8798.0,55450.0,58769.0,6.0015,91.369644,3361.0,75.65
2023-12-20 06:00:00,49.46,0.0,9789.0,59800.0,62023.0,5.3515,92.94068,3398.0,82.43
2023-12-20 07:00:00,71.01,0.0,10727.0,65600.0,66146.0,4.8015,93.23763,3462.0,100.84
2023-12-20 08:00:00,86.89,3.0,11286.75,69100.0,67890.0,4.8515,92.26199,3533.0,97.98
2023-12-20 09:00:00,91.84,124.0,11535.25,69550.0,68669.0,4.8515,91.61485,3578.0,102.35
2023-12-20 10:00:00,87.56,398.0,11553.75,69200.0,68876.0,5.3015,90.04895,3609.0,99.42
2023-12-20 11:00:00,76.61,612.0,11562.75,68950.0,69145.0,6.1015,87.31639,3624.0,99.88
2023-12-20 12:00:00,64.66,726.0,11332.0,68650.0,69339.0,7.2515,81.25142,3603.0,97.6
2023-12-20 13:00:00,65.75,783.0,11303.5,66400.0,69082.0,7.8015,80.76041,3564.0,95.23
2023-12-20 14:00:00,75.49,619.0,11192.25,65850.0,69018.0,7.5015,82.428795,3516.0,101.18
2023-12-20 15:00:00,80.56,277.0,11170.0,65150.0,68660.0,7.7515,83.61652,3480.0,99.64
2023-12-20 16:00:00,85.18,24.0,11356.5,63950.0,68994.0,7.9014997,83.92541,3512.0,97.95
2023-12-20 17:00:00,94.06,0.0,11837.75,65700.0,69814.0,7.8515,84.50416,3592.0,109.88
2023-12-20 18:00:00,90.5,0.0,11811.25,68800.0,70661.0,8.0515,85.11442,3707.0,105.34
2023-12-20 19:00:00,85.31,0.0,11433.0,70250.0,70684.0,8.0515,87.80292,3818.0,101.97
2023-12-20 20:00:00,78.17,0.0,10839.25,67050.0,68901.0,8.4015,88.44087,3867.0,94.6
2023-12-20 21:00:00,66.97,0.0,10253.5,63450.0,67210.0,8.7515,88.16842,3849.0,90.88
2023-12-20 22:00:00,61.42,0.0,10125.25,61950.0,65936.0,9.1015,87.89826,3812.0,92.35
2023-12-20 23:00:00,48.99,0.0,9809.75,62700.0,64582.0,9.2515,88.51423,3764.0,84.25
2023-12-21 00:00:00,30.2,0.0,9296.5,58150.0,61053.0,9.3015,88.21695,3721.0,77.34
2023-12-21 01:00:00,25.28,0.0,8850.5,55550.0,59076.0,9.3515,86.72757,3711.0,75.69
2023-12-21 02:00:00,20.93,0.0,8565.5,55400.0,57058.0,8.8515,84.90927,3745.0,74.25
2023-12-21 03:00:00,3.55,0.0,8429.75,52800.0,54972.0,8.8515,85.201866,3821.0,77.03
2023-12-21 04:00:00,0.16,0.0,8442.25,50950.0,55422.0,9.0515,85.22361,3929.0,76.84
2023-12-21 05:00:00,1.75,0.0,8893.25,52650.0,56579.0,9.3515,86.13633,4022.0,80.16
2023-12-21 06:00:00,26.55,0.0,9950.5,56400.0,59897.0,9.7515,86.47153,4105.0,86.38
2023-12-21 07:00:00,49.01,0.0,10911.0,62250.0,65513.0,9.9515,87.08206,4180.0,106.47
2023-12-21 08:00:00,61.33,1.0,11450.0,64900.0,69893.0,10.2515,85.64385,4253.0,111.71
2023-12-21 09:00:00,55.43,56.0,11658.0,64850.0,70074.0,10.3015,86.82044,4325.0,112.72
2023-12-21 10:00:00,53.84,169.0,11675.5,64200.0,70224.0,10.7515,83.970695,4381.0,109.89
2023-12-21 11:00:00,47.47,308.0,11674.25,63450.0,69721.0,11.7515,78.322044,4411.0,107.44
2023-12-21 12:00:00,43.62,486.0,11469.25,62700.0,69064.0,12.4015,77.366684,4429.0,103.9
2023-12-21 13:00:00,33.0,626.0,11419.25,61000.0,68216.0,11.9515,79.69048,4443.0,97.66
2023-12-21 14:00:00,35.24,410.0,11269.75,60600.0,67752.0,10.5515,89.8299,4447.0,101.32
2023-12-21 15:00:00,40.28,168.0,11265.5,59400.0,67917.0,10.5515,88.62514,4443.0,105.31
2023-12-21 16:00:00,40.21,17.0,11473.75,58600.0,69132.0,10.8015,86.5758,4440.0,116.39
2023-12-21 17:00:00,61.52,0.0,11882.75,60200.0,69718.0,10.2015,81.92512,4435.0,124.74
2023-12-21 18:00:00,62.71,0.0,11885.5,62750.0,70383.0,9.6515,80.45876,4434.0,124.72
2023-12-21 19:00:00,64.43,0.0,11456.5,63700.0,68585.0,9.3515,83.51959,4435.0,114.22
2023-12-21 20:00:00,58.27,0.0,10791.0,60700.0,65229.0,8.6015,89.06708,4436.0,101.9
2023-12-21 21:00:00,43.18,0.0,10265.25,57350.0,62143.0,8.4515,86.93748,4427.0,96.2
2023-12-21 22:00:00,35.34,0.0,10003.25,55850.0,59585.0,8.2015,87.21339,4398.0,94.46
2023-12-21 23:00:00,7.47,0.0,9720.5,57250.0,55922.0,7.7515,87.47245,4374.0,85.57
2023-12-22 00:00:00,0.36,0.0,9126.0,54900.0,53429.0,7.7515,85.6737,4396.0,86.09
2023-12-22 01:00:00,0.02,0.0,8739.5,52250.0,52579.0,7.4014997,84.74733,4376.0,82.89
2023-12-22 02:00:00,0.0,0.0,8411.5,51600.0,51653.0,7.5515,88.36681,4356.0,80.06
2023-12-22 03:00:00,-0.12,0.0,8285.75,48600.0,51790.0,7.5015,87.449,4342.0,76.5
2023-12-22 04:00:00,-0.13,0.0,8304.0,46650.0,51480.0,7.5515,88.06151,4330.0,75.16
2023-12-22 05:00:00,0.4,0.0,8677.0,47650.0,52122.0,7.5515,88.06151,4294.0,80.41
2023-12-22 06:00:00,1.87,0.0,9677.75,51700.0,54547.0,7.8515,87.48183,4238.0,95.97
2023-12-22 07:00:00,32.73,0.0,10690.0,57200.0,61647.0,7.7015,87.16558,4204.0,106.68
2023-12-22 08:00:00,52.55,1.0,11187.25,59850.0,66003.0,8.0015,87.49586,4174.0,121.5
2023-12-22 09:00:00,57.11,55.0,11412.5,59800.0,66648.0,8.0515,90.87792,4118.0,117.51
2023-12-22 10:00:00,39.91,156.0,11383.5,59850.0,66835.0,8.6015,91.227425,4066.0,109.97
2023-12-22 11:00:00,37.34,215.0,11334.75,60200.0,66588.0,9.2515,92.519844,4081.0,102.78
2023-12-22 12:00:00,35.91,216.0,11150.75,59950.0,65560.0,9.2515,91.89337,4120.0,94.24
2023-12-22 13:00:00,35.23,193.0,11152.25,58600.0,65358.0,9.3015,90.964096,4159.0,88.41
2023-12-22 14:00:00,40.58,147.0,11027.25,58300.0,65718.0,9.0515,90.32893,4229.0,87.2
2023-12-22 15:00:00,44.55,67.0,11030.75,57550.0,67209.0,8.9015,88.18169,4349.0,89.19
2023-12-22 16:00:00,46.8,8.0,11239.0,56300.0,67643.0,9.0015,86.39632,4402.0,98.54
2023-12-22 17:00:00,52.1,0.0,11518.0,57750.0,69456.0,9.2515,81.80124,4399.0,104.48
2023-12-22 18:00:00,55.85,0.0,11396.75,59800.0,70254.0,9.1515,80.94604,4386.0,101.97
2023-12-22 19:00:00,48.08,0.0,10952.0,60900.0,70104.0,8.9515,82.6128,4369.0,93.44
2023-12-22 20:00:00,36.38,0.0,10334.0,57500.0,67116.0,9.0515,83.19664,4346.0,93.36
2023-12-22 21:00:00,32.31,0.0,9910.5,54200.0,62973.0,9.0515,84.06007,4322.0,88.36
2023-12-22 22:00:00,30.41,0.0,9695.0,53250.0,60645.0,9.0015,84.634445,4293.0,86.77
2023-12-22 23:00:00,12.0,0.0,9535.75,54500.0,55904.0,8.7015,86.06959,4253.0,76.71
2023-12-23 00:00:00,3.56,0.0,9014.0,52950.0,52913.0,8.4015,88.745285,4016.0,67.2
2023-12-23 01:00:00,1.45,0.0,8070.5,50150.0,50643.0,8.7015,88.163994,3952.0,63.21
2023-12-23 02:00:00,0.03,0.0,7872.75,49500.0,49702.0,8.5015,80.019135,3969.0,60.37
2023-12-23 03:00:00,0.0,0.0,7675.0,46600.0,49773.0,8.2015,80.535,4055.0,58.0
2023-12-23 04:00:00,-0.01,0.0,7640.5,44650.0,49605.0,8.5515,78.92141,4130.0,54.1
2023-12-23 05:00:00,0.0,0.0,7736.5,45100.0,49951.0,8.6015,78.65488,4188.0,55.64
2023-12-23 06:00:00,0.1,0.0,7991.0,47050.0,50635.0,8.4015,81.68938,4238.0,59.34
2023-12-23 07:00:00,7.43,0.0,8237.25,49500.0,54307.0,8.6515,81.15833,4267.0,65.1
2023-12-23 08:00:00,20.0,2.0,8699.5,51700.0,59373.0,8.8015,79.50862,4262.0,79.89
2023-12-23 09:00:00,42.08,90.0,9108.5,53150.0,61509.0,8.7015,80.047646,4238.0,86.29
2023-12-23 10:00:00,40.84,297.0,9437.75,54300.0,62872.0,8.9015,80.91185,4226.0,82.76
2023-12-23 11:00:00,40.59,457.0,9621.75,54300.0,63570.0,9.3515,80.41689,4221.0,76.39
2023-12-23 12:00:00,40.25,493.0,9558.0,54350.0,63151.0,9.8015,79.37998,4218.0,71.64
2023-12-23 13:00:00,37.34,448.0,9456.0,52800.0,63056.0,10.3515,75.72743,4215.0,70.68
2023-12-23 14:00:00,39.31,316.0,9290.25,52150.0,62379.0,9.7515,74.84451,4180.0,75.48
2023-12-23 15:00:00,35.9,138.0,9327.0,51800.0,62537.0,9.7515,74.06959,4138.0,80.42
2023-12-23 16:00:00,41.74,15.0,9478.5,51050.0,62183.0,9.8515,72.056526,4095.0,84.02
2023-12-23 17:00:00,39.98,0.0,9955.75,52900.0,63970.0,9.9015,71.56615,4071.0,95.82
2023-12-23 18:00:00,49.14,0.0,10019.25,55400.0,65316.0,9.9015,71.31739,4068.0,101.6
2023-12-23 19:00:00,47.54,0.0,9726.25,56250.0,66146.0,9.0015,80.36787,4059.0,93.95
2023-12-23 20:00:00,33.13,0.0,9313.5,53950.0,64454.0,8.0015,90.56261,4064.0,84.54
2023-12-23 21:00:00,29.49,0.0,8905.25,51650.0,62962.0,8.1015005,89.949394,4083.0,73.85
2023-12-23 22:00:00,20.29,0.0,8910.0,51200.0,62067.0,8.5515,86.3509,4117.0,74.41
2023-12-23 23:00:00,7.82,0.0,8820.0,52800.0,57159.0,9.4015,83.2393,4153.0,62.67
2023-12-24 00:00:00,0.26,0.0,8348.75,50950.0,53013.0,9.8515,81.04128,4033.0,46.02
2023-12-24 01:00:00,-0.09,0.0,7862.25,48450.0,51369.0,9.8015,83.573364,4062.0,44.2
2023-12-24 02:00:00,-0.29,0.0,7596.5,48000.0,49837.0,9.3515,82.096405,4107.0,46.37
2023-12-24 03:00:00,-0.97,0.0,7412.75,45000.0,48347.0,9.4015,85.26156,4169.0,28.72
2023-12-24 04:00:00,-3.74,0.0,7318.5,42900.0,47488.0,9.1015,91.88412,4240.0,26.38
2023-12-24 05:00:00,-4.97,0.0,7375.25,42450.0,47555.0,9.1515,93.14484,4295.0,29.9
2023-12-24 06:00:00,-4.22,0.0,7631.5,44350.0,48882.0,9.4515,93.476654,4313.0,39.09
2023-12-24 07:00:00,-3.05,0.0,7799.75,46850.0,49826.0,9.7515,93.49164,4307.0,46.36
2023-12-24 08:00:00,-1.62,1.0,8224.75,49150.0,50413.0,10.2015,93.51402,4300.0,57.69
2023-12-24 09:00:00,-0.67,25.0,8668.0,50100.0,51295.0,10.5015,94.15892,4298.0,59.17
2023-12-24 10:00:00,-0.89,88.0,9079.5,51400.0,52446.0,10.9015,94.17682,4309.0,54.43
2023-12-24 11:00:00,-0.91,143.0,9365.75,51500.0,53528.0,11.3015,93.56826,4333.0,49.0
2023-12-24 12:00:00,-0.55,152.0,9493.75,51650.0,54323.0,11.7015,92.967,4352.0,43.71
2023-12-24 13:00:00,-1.03,149.0,9383.0,49850.0,53873.0,11.4515,95.46359,4361.0,40.18
2023-12-24 14:00:00,-0.15,111.0,9208.0,47850.0,52943.0,11.0515,94.18349,4367.0,46.67
2023-12-24 15:00:00,0.22,48.0,9161.75,47450.0,51218.0,11.3015,93.56826,4370.0,57.55
2023-12-24 16:00:00,0.39,6.0,9293.75,45900.0,50637.0,11.3015,93.256485,4380.0,65.36
2023-12-24 17:00:00,9.83,0.0,9671.25,48400.0,54748.0,11.2515,92.01549,4386.0,82.6
2023-12-24 18:00:00,10.09,0.0,9736.75,51600.0,56002.0,11.3015,90.4914,4388.0,88.46
2023-12-24 19:00:00,9.49,0.0,9567.75,52650.0,54011.0,11.3515,91.10288,4388.0,86.87
2023-12-24 20:00:00,2.54,0.0,9226.25,51400.0,52181.0,11.4515,89.89816,4377.0,77.08
2023-12-24 21:00:00,-1.91,0.0,8931.0,48700.0,51700.0,11.6515,89.61307,4348.0,76.2
2023-12-24 22:00:00,-2.57,0.0,8871.5,48150.0,52115.0,11.7015,90.51986,4308.0,79.44
2023-12-24 23:00:00,-4.79,0.0,8742.25,50700.0,51818.0,11.7515,90.5234,4266.0,61.53
2023-12-25 00:00:00,-3.91,0.0,8277.75,49650.0,49975.0,11.8015,90.225296,4269.0,61.09
2023-12-25 01:00:00,-8.37,0.0,7842.25,47050.0,49810.0,11.9015,90.232605,4236.0,57.13
2023-12-25 02:00:00,-10.0,0.0,7488.0,46250.0,48576.0,10.8515,88.94973,4213.0,57.98
2023-12-25 03:00:00,-11.8,0.0,7212.25,43200.0,46819.0,10.9015,89.25385,4172.0,51.34
2023-12-25 04:00:00,-11.12,0.0,7091.75,41150.0,46456.0,10.6015,92.59642,4111.0,54.51
2023-12-25 05:00:00,-8.58,0.0,7107.5,40500.0,46509.0,10.5515,92.90526,4056.0,66.16
2023-12-25 06:00:00,-7.56,0.0,7288.5,41050.0,46290.0,10.5515,93.21784,4011.0,84.31
2023-12-25 07:00:00,-3.81,0.0,7369.75,42100.0,48443.0,10.7015,92.91336,3994.0,103.72
2023-12-25 08:00:00,-0.04,1.0,7656.5,43600.0,49755.0,10.8515,93.23336,3983.0,109.51
2023-12-25 09:00:00,1.34,28.0,8027.0,44750.0,51533.0,11.0015,93.86693,3966.0,105.67
2023-12-25 10:00:00,3.24,97.0,8410.25,46350.0,53059.0,11.2515,92.94294,3957.0,89.03
2023-12-25 11:00:00,3.82,155.0,8639.75,47100.0,53541.0,11.2515,94.19238,4001.0,81.17
2023-12-25 12:00:00,0.02,161.0,8727.0,47700.0,54607.0,11.4015,93.88564,4088.0,74.89
2023-12-25 13:00:00,0.0,137.0,8661.25,45950.0,54362.0,11.7015,92.04258,4148.0,75.02
2023-12-25 14:00:00,0.03,85.0,8526.5,44550.0,54547.0,11.3015,95.14102,4164.0,81.23
2023-12-25 15:00:00,1.76,34.0,8487.0,43900.0,54570.0,11.1515,94.81866,4174.0,85.91
2023-12-25 16:00:00,11.41,5.0,8597.75,42600.0,54903.0,11.0015,94.4965,4185.0,95.49
2023-12-25 17:00:00,18.0,0.0,8940.25,43650.0,56315.0,11.0015,93.86693,4215.0,104.43
2023-12-25 18:00:00,24.25,0.0,9062.5,47250.0,58830.0,11.0515,92.0034,4270.0,103.34
2023-12-25 19:00:00,19.21,0.0,8952.0,48600.0,59246.0,10.9515,91.38223,4318.0,96.48
2023-12-25 20:00:00,10.5,0.0,8707.75,47400.0,57765.0,11.0015,90.469955,4344.0,81.68
2023-12-25 21:00:00,5.76,0.0,8554.25,46250.0,55614.0,11.0015,89.86411,4355.0,79.97
2023-12-25 22:00:00,5.02,0.0,8683.0,46750.0,54237.0,10.9515,88.95796,4353.0,73.79
2023-12-25 23:00:00,0.08,0.0,8616.5,48800.0,52956.0,11.0015,87.181885,4340.0,68.67
2023-12-26 00:00:00,0.0,0.0,8209.0,48200.0,48741.0,10.8015,85.12312,4309.0,65.61
2023-12-26 01:00:00,-0.03,0.0,7425.5,46000.0,48188.0,10.7015,83.11336,4294.0,62.65
2023-12-26 02:00:00,-0.16,0.0,7117.0,45700.0,47390.0,9.9015,85.60694,4247.0,63.31
2023-12-26 03:00:00,-2.84,0.0,7043.0,43400.0,46712.0,9.8515,87.369354,4157.0,57.15
2023-12-26 04:00:00,-3.73,0.0,7136.5,42450.0,46745.0,9.9515,88.87526,4027.0,59.12
2023-12-26 05:00:00,-1.99,0.0,7464.25,44100.0,47123.0,9.8515,91.31028,3870.0,65.15
2023-12-26 06:00:00,-1.13,0.0,8071.5,46300.0,48112.0,9.5015,93.47914,3668.0,80.7
2023-12-26 07:00:00,-0.11,0.0,8506.75,48450.0,51121.0,9.4515,93.79366,3512.0,94.14
2023-12-26 08:00:00,15.09,3.0,9147.75,51250.0,54890.0,9.1015,93.14222,3411.0,100.56
2023-12-26 09:00:00,19.8,278.0,9498.5,54000.0,56205.0,8.6015,92.79872,3339.0,94.32
2023-12-26 10:00:00,17.76,928.0,9591.0,55700.0,57180.0,8.8515,90.62329,3265.0,86.1
2023-12-26 11:00:00,11.0,1518.0,9695.75,56300.0,57340.0,9.2015,88.50993,3187.0,79.71
2023-12-26 12:00:00,4.22,1756.0,9683.0,57350.0,56922.0,9.6515,82.700645,3104.0,76.5
2023-12-26 13:00:00,1.43,1723.0,9514.25,54750.0,56345.0,9.8515,76.432304,2757.0,76.02
2023-12-26 14:00:00,21.36,1305.0,9365.75,53050.0,56058.0,9.4015,74.00737,2090.0,80.77
2023-12-26 15:00:00,43.88,579.0,9395.25,51650.0,56381.0,9.3015,71.952545,1374.0,85.09
2023-12-26 16:00:00,71.11,58.0,9600.0,51250.0,57094.0,8.8515,74.427666,814.0,88.98
2023-12-26 17:00:00,79.61,0.0,10124.5,53700.0,57932.0,8.1015005,78.03193,501.0,95.72
2023-12-26 18:00:00,86.76,0.0,10159.0,56400.0,59138.0,7.8015,80.47902,320.0,93.23
2023-12-26 19:00:00,86.39,0.0,9814.5,57500.0,59263.0,6.7015,86.76579,185.0,91.55
2023-12-26 20:00:00,83.68,0.0,9294.0,54850.0,58254.0,5.7515,91.35303,91.0,85.51
2023-12-26 21:00:00,64.71,0.0,8885.0,51800.0,57526.0,5.6514997,91.34637,63.0,79.9
2023-12-26 22:00:00,67.92,0.0,8941.75,50550.0,58199.0,4.8515,93.56839,106.0,76.12
2023-12-26 23:00:00,67.35,0.0,8810.75,53400.0,58345.0,4.3515,94.20501,176.0,59.86
2023-12-27 00:00:00,64.94,0.0,8311.0,53700.0,57669.0,4.4014997,92.888245,342.0,57.85
2023-12-27 01:00:00,63.11,0.0,7798.5,51800.0,57404.0,5.2515,90.362274,455.0,50.48
2023-12-27 02:00:00,57.22,0.0,7481.25,51000.0,57079.0,6.3515,85.82436,592.0,48.0
2023-12-27 03:00:00,51.5,0.0,7321.25,49100.0,55582.0,7.2015,84.42983,873.0,39.98
2023-12-27 04:00:00,49.65,0.0,7378.0,47450.0,55051.0,7.8515,89.620995,1170.0,32.43
2023-12-27 05:00:00,54.11,0.0,7642.0,47850.0,55745.0,8.5515,93.11318,1237.0,40.84
2023-12-27 06:00:00,65.06,0.0,8208.0,51250.0,57535.0,8.8015,94.082054,1616.0,49.46
2023-12-27 07:00:00,70.36,0.0,8631.75,56450.0,59364.0,9.0015,93.45407,2269.0,71.01
2023-12-27 08:00:00,70.44,1.0,9258.0,59500.0,61735.0,8.9015,93.13168,2762.0,86.89
2023-12-27 09:00:00,78.35,64.0,9614.0,60050.0,63826.0,8.8015,92.49406,3019.0,91.84
2023-12-27 10:00:00,67.6,184.0,9739.25,60050.0,65716.0,9.0015,92.50555,3241.0,87.56
2023-12-27 11:00:00,70.02,304.0,9870.0,59750.0,65171.0,9.4515,90.66578,3422.0,76.61
2023-12-27 12:00:00,67.15,410.0,9858.75,58700.0,64854.0,10.0015,87.38338,3507.0,64.66
2023-12-27 13:00:00,65.43,432.0,9704.5,56000.0,63939.0,10.0515,84.17584,3557.0,65.75
2023-12-27 14:00:00,67.13,370.0,9539.0,54550.0,62928.0,9.8515,85.894066,3661.0,75.49
2023-12-27 15:00:00,69.88,173.0,9542.5,54400.0,62320.0,9.8515,79.66087,3782.0,80.56
2023-12-27 16:00:00,76.3,22.0,9721.5,53600.0,62702.0,9.6515,73.538864,3897.0,85.18
2023-12-27 17:00:00,80.42,0.0,10231.5,55850.0,64042.0,9.2515,62.703762,4029.0,94.06
2023-12-27 18:00:00,74.44,0.0,10251.25,58550.0,64512.0,9.1515,52.75744,4152.0,90.5
2023-12-27 19:00:00,65.02,0.0,9878.75,59650.0,62804.0,9.2515,49.440315,4228.0,85.31
2023-12-27 20:00:00,54.73,0.0,9350.5,57750.0,59944.0,9.1515,50.5057,4253.0,78.17
2023-12-27 21:00:00,24.95,0.0,8939.75,55000.0,56423.0,9.9515,52.02835,4253.0,66.97
2023-12-27 22:00:00,17.23,0.0,8991.75,53650.0,54305.0,9.4515,71.73006,4236.0,61.42
2023-12-27 23:00:00,0.58,0.0,8851.75,55550.0,52364.0,9.4015,80.70158,4198.0,48.99
2023-12-28 00:00:00,0.48,0.0,8348.75,51250.0,51822.0,10.0015,83.027756,4112.0,30.2
2023-12-28 01:00:00,-0.27,0.0,7777.5,50050.0,51771.0,10.4515,84.508705,4077.0,25.28
2023-12-28 02:00:00,-0.91,0.0,7470.0,49300.0,50309.0,9.6515,86.46154,4064.0,20.93
2023-12-28 03:00:00,-0.9,0.0,7300.25,47000.0,50090.0,9.6515,85.87328,4057.0,3.55
2023-12-28 04:00:00,-1.05,0.0,7320.5,45500.0,50096.0,9.8015,82.71938,4053.0,0.16
2023-12-28 05:00:00,0.0,0.0,7598.5,46700.0,50740.0,9.7515,81.58612,4061.0,1.75
2023-12-28 06:00:00,0.54,0.0,8182.5,48700.0,51962.0,9.4015,82.66935,4071.0,26.55
2023-12-28 07:00:00,17.05,0.0,8612.5,51350.0,55972.0,9.2015,82.92917,4071.0,49.01
2023-12-28 08:00:00,38.35,3.0,9247.0,53850.0,60005.0,9.0015,83.47756,4065.0,61.33
2023-12-28 09:00:00,38.79,247.0,9590.75,55300.0,60681.0,8.8515,84.036766,4067.0,55.43
2023-12-28 10:00:00,29.6,817.0,9679.5,56800.0,60875.0,9.3515,82.096405,4084.0,53.84
2023-12-28 11:00:00,22.03,1293.0,9780.75,56850.0,61154.0,10.0515,79.41644,4101.0,47.47
2023-12-28 12:00:00,10.75,1442.0,9757.5,56950.0,61537.0,10.7515,76.31666,4104.0,43.62
2023-12-28 13:00:00,8.93,1123.0,9594.0,55250.0,61301.0,10.9015,77.92597,4100.0,33.0
2023-12-28 14:00:00,20.06,724.0,9447.0,54050.0,63468.0,10.7015,75.78597,4083.0,35.24
2023-12-28 15:00:00,32.7,332.0,9475.25,53400.0,64193.0,10.5015,75.2326,4060.0,40.28
2023-12-28 16:00:00,41.72,35.0,9680.0,53000.0,64040.0,10.3015,74.16693,4063.0,40.21
2023-12-28 17:00:00,60.5,0.0,10199.0,55200.0,64817.0,9.8015,73.82179,4115.0,61.52
2023-12-28 18:00:00,59.26,0.0,10228.25,58050.0,65728.0,9.6515,72.775314,4169.0,62.71
2023-12-28 19:00:00,50.35,0.0,9864.0,59400.0,64916.0,9.5015,73.511765,4206.0,64.43
2023-12-28 20:00:00,39.53,0.0,9342.25,56850.0,61761.0,9.4015,73.49368,4234.0,58.27
2023-12-28 21:00:00,26.3,0.0,8941.5,54050.0,57905.0,9.5515,73.0107,4256.0,43.18
2023-12-28 22:00:00,25.0,0.0,8987.0,53000.0,55978.0,9.9515,71.57569,4274.0,35.34
2023-12-28 23:00:00,0.42,0.0,8849.0,54800.0,54849.0,9.8015,73.056526,4274.0,7.47
2023-12-29 00:00:00,-0.01,0.0,8472.75,52250.0,50050.0,9.6015,73.785995,4322.0,0.36
2023-12-29 01:00:00,-0.09,0.0,7996.0,49750.0,48844.0,9.4015,74.52422,4321.0,0.02
2023-12-29 02:00:00,-0.38,0.0,7685.75,49150.0,48684.0,9.5515,76.11888,4310.0,0.0
2023-12-29 03:00:00,-2.0,0.0,7557.25,46700.0,48524.0,9.8515,74.86182,4293.0,-0.12
2023-12-29 04:00:00,-1.48,0.0,7586.5,45150.0,48433.0,9.9515,75.39908,4277.0,-0.13
2023-12-29 05:00:00,-0.27,0.0,7869.25,45500.0,48913.0,10.1515,75.43301,4260.0,0.4
2023-12-29 06:00:00,0.21,0.0,8411.0,48450.0,49900.0,10.0015,77.252235,4240.0,1.87
2023-12-29 07:00:00,0.31,0.0,8895.25,51900.0,54504.0,9.8515,79.66087,4233.0,32.73
2023-12-29 08:00:00,12.99,1.0,9544.75,54500.0,55655.0,9.8015,82.71938,4228.0,52.55
2023-12-29 09:00:00,22.16,60.0,9798.25,56350.0,57556.0,10.0515,82.186424,4214.0,57.11
2023-12-29 10:00:00,23.12,180.0,9888.0,57300.0,58656.0,10.2015,82.20563,4200.0,39.91
2023-12-29 11:00:00,18.8,250.0,10004.0,57700.0,59018.0,10.1515,85.34239,4166.0,37.34
2023-12-29 12:00:00,16.54,271.0,9981.0,58150.0,59039.0,10.9015,82.29488,4110.0,35.91
2023-12-29 13:00:00,9.76,269.0,9845.75,56550.0,59103.0,11.0015,81.19624,4049.0,35.23
2023-12-29 14:00:00,23.33,215.0,9610.75,56250.0,58796.0,9.6015,90.06262,3956.0,40.58
2023-12-29 15:00:00,31.38,104.0,9582.25,55500.0,60239.0,9.7015,92.23283,3889.0,44.55
2023-12-29 16:00:00,36.74,15.0,9774.5,54150.0,63057.0,9.7515,90.37992,3919.0,46.8
2023-12-29 17:00:00,45.3,0.0,10198.25,55650.0,63994.0,10.0515,90.40164,4003.0,52.1
2023-12-29 18:00:00,44.62,0.0,10083.0,58250.0,64788.0,9.3015,88.518524,4072.0,55.85
2023-12-29 19:00:00,41.74,0.0,9688.75,59300.0,63999.0,8.9515,90.63039,4083.0,48.08
2023-12-29 20:00:00,32.3,0.0,9215.0,56650.0,61362.0,8.4015,89.97218,4044.0,36.38
2023-12-29 21:00:00,25.93,0.0,8830.25,53950.0,59539.0,8.0015,89.63276,4009.0,32.31
2023-12-29 22:00:00,28.39,0.0,8845.5,52800.0,59145.0,7.8015,90.2369,4000.0,30.41
2023-12-29 23:00:00,19.08,0.0,8734.0,54550.0,57590.0,7.6514997,90.53745,3987.0,12.0
2023-12-30 00:00:00,16.81,0.0,8128.75,50950.0,52423.0,7.6015,89.60134,3886.0,3.56
2023-12-30 01:00:00,13.41,0.0,7940.75,48200.0,50495.0,7.5015,89.59346,3761.0,1.45
2023-12-30 02:00:00,8.88,0.0,7746.5,47650.0,49517.0,7.3015,90.51221,3574.0,0.03
2023-12-30 03:00:00,5.62,0.0,7552.0,44850.0,49331.0,7.1514997,90.81512,3356.0,0.0
2023-12-30 04:00:00,5.74,0.0,7518.0,43300.0,48869.0,7.0015,91.752686,3168.0,-0.01
2023-12-30 05:00:00,9.02,0.0,7612.25,43100.0,49085.0,6.9515,92.70671,2988.0,0.0
2023-12-30 06:00:00,16.81,0.0,7863.0,44600.0,49822.0,6.9014997,93.34716,2867.0,0.1
2023-12-30 07:00:00,30.83,0.0,8106.75,46500.0,53669.0,6.8015,93.98969,2713.0,7.43
2023-12-30 08:00:00,45.85,2.0,8561.5,48750.0,56769.0,6.8015,93.66536,2476.0,20.0
2023-12-30 09:00:00,46.1,160.0,8963.75,50300.0,59300.0,6.6514997,94.308365,2415.0,42.08
2023-12-30 10:00:00,36.21,534.0,9288.0,51700.0,61079.0,7.0515,93.35487,2714.0,40.84
2023-12-30 11:00:00,34.43,867.0,9468.75,52250.0,60625.0,7.7015,91.16703,3024.0,40.59
2023-12-30 12:00:00,28.63,848.0,9406.25,52800.0,61047.0,8.0515,89.32872,3214.0,40.25
2023-12-30 13:00:00,28.77,637.0,9305.75,51400.0,61024.0,8.2015,88.4235,3298.0,37.34
2023-12-30 14:00:00,42.04,404.0,9143.0,50200.0,61458.0,9.0515,82.0576,3281.0,39.31
2023-12-30 15:00:00,55.17,185.0,9179.0,49700.0,62114.0,9.7015,78.82022,3252.0,35.9
2023-12-30 16:00:00,61.04,24.0,9328.5,48400.0,61763.0,9.3515,81.25281,3307.0,41.74
2023-12-30 17:00:00,77.04,0.0,9798.0,50800.0,63752.0,9.5515,80.1682,3404.0,39.98
2023-12-30 18:00:00,79.99,0.0,9860.0,53950.0,65075.0,9.9515,79.94952,3515.0,49.14
2023-12-30 19:00:00,71.09,0.0,9571.75,54950.0,65124.0,9.7515,82.99704,3622.0,47.54
2023-12-30 20:00:00,62.01,0.0,9166.0,52800.0,63382.0,9.9515,85.90442,3708.0,33.13
2023-12-30 21:00:00,39.78,0.0,8764.0,50650.0,62243.0,10.3515,84.49743,3788.0,29.49
2023-12-30 22:00:00,50.1,0.0,8768.75,50950.0,62403.0,10.2515,83.62691,3865.0,20.29
2023-12-30 23:00:00,43.23,0.0,8680.0,53050.0,61136.0,10.0515,81.625694,3933.0,7.82
2023-12-31 00:00:00,25.62,0.0,8211.5,50750.0,56725.0,9.2515,83.22103,3975.0,0.26
2023-12-31 01:00:00,8.33,0.0,7855.25,48250.0,55223.0,8.6015,84.298004,3977.0,-0.09
2023-12-31 02:00:00,4.0,0.0,7590.0,47150.0,53949.0,8.5015,78.913925,3976.0,-0.29
2023-12-31 03:00:00,0.31,0.0,7405.25,44400.0,50928.0,8.9515,77.08463,4003.0,-0.97
2023-12-31 04:00:00,-0.06,0.0,7311.0,42450.0,50821.0,9.2515,76.06908,4069.0,-3.74
2023-12-31 05:00:00,-0.04,0.0,7368.0,42300.0,50859.0,9.4015,75.83036,4145.0,-4.97
2023-12-31 06:00:00,-0.41,0.0,7623.25,43750.0,51428.0,9.9515,74.62028,4201.0,-4.22
2023-12-31 07:00:00,-0.38,0.0,7791.5,45050.0,52107.0,10.4015,70.67373,4223.0,-3.05
2023-12-31 08:00:00,3.57,2.0,8215.5,47000.0,54494.0,9.9515,78.31651,4242.0,-1.62
2023-12-31 09:00:00,9.67,114.0,8659.0,48900.0,55883.0,9.3515,84.09493,4257.0,-0.67
2023-12-31 10:00:00,14.0,395.0,9070.5,50500.0,56857.0,8.4015,83.98416,4233.0,-0.89
2023-12-31 11:00:00,11.0,755.0,9355.75,51000.0,57442.0,8.4015,83.40519,4179.0,-0.91
2023-12-31 12:00:00,11.36,1255.0,9483.75,51450.0,57806.0,8.8015,80.06188,4160.0,-0.55
2023-12-31 13:00:00,6.37,1407.0,9373.0,50200.0,58366.0,8.9515,75.754776,4181.0,-1.03
2023-12-31 14:00:00,9.15,997.0,9198.0,49250.0,58217.0,8.4515,72.2977,4248.0,-0.15
2023-12-31 15:00:00,13.41,482.0,9152.75,48950.0,58673.0,8.4515,69.79451,4308.0,0.22
2023-12-31 16:00:00,18.83,59.0,9281.75,48050.0,59471.0,8.8015,69.374565,4340.0,0.39
2023-12-31 17:00:00,27.29,0.0,9664.25,50500.0,61511.0,8.9015,67.94258,4361.0,9.83
2023-12-31 18:00:00,30.54,0.0,9729.75,53250.0,62501.0,8.5515,69.568756,4373.0,10.09
2023-12-31 19:00:00,20.26,0.0,9560.0,53150.0,62180.0,8.8015,66.49541,4377.0,9.49
2023-12-31 20:00:00,19.65,0.0,9219.0,51850.0,58684.0,8.0015,74.016495,4372.0,2.54
2023-12-31 21:00:00,9.0,0.0,8922.0,50350.0,56474.0,7.7515,77.70459,4363.0,-1.91
2023-12-31 22:00:00,10.68,0.0,8862.25,51250.0,56121.0,8.3015,74.33057,4359.0,-2.57
2023-12-31 23:00:00,3.17,0.0,8732.75,53250.0,56537.0,7.7515,73.971695,4356.0,-4.79
